/*
Navicat MySQL Data Transfer

Source Server         : Localhost
Source Server Version : 50624
Source Host           : localhost:3306
Source Database       : internship

Target Server Type    : MYSQL
Target Server Version : 50624
File Encoding         : 65001

Date: 2015-11-15 09:25:11
*/

SET FOREIGN_KEY_CHECKS=0;

-- ----------------------------
-- Table structure for `assessment`
-- ----------------------------
DROP TABLE IF EXISTS `assessment`;
CREATE TABLE `assessment` (
  `GUID` varchar(36) NOT NULL,
  `USER_DETAIL_ID` varchar(36) NOT NULL,
  `ASSESSMENT_ELEMENT_ID` varchar(36) NOT NULL,
  `VALUE` int(11) NOT NULL,
  `GRADE` int(11) NOT NULL,
  `TOTAL_VALUE` int(11) NOT NULL,
  `AVERAGE_VALUE` int(11) NOT NULL,
  `FINAL_GRADE` char(1) NOT NULL,
  `DTMCRT` date NOT NULL,
  `USRCRT` varchar(30) NOT NULL,
  `DTMUPD` date NOT NULL,
  `USRUPD` varchar(30) NOT NULL,
  PRIMARY KEY (`GUID`)
) ENGINE=InnoDB DEFAULT CHARSET=utf8;

-- ----------------------------
-- Records of assessment
-- ----------------------------

-- ----------------------------
-- Table structure for `assessment_aspect`
-- ----------------------------
DROP TABLE IF EXISTS `assessment_aspect`;
CREATE TABLE `assessment_aspect` (
  `GUID` varchar(36) NOT NULL,
  `ASSESSMENT_ELEMENT_ID` varchar(36) NOT NULL,
  `ASSESSMENT_ASPECT_NAME` varchar(255) NOT NULL,
  `SEQUENCE` smallint(6) NOT NULL,
  `DTMCRT` datetime NOT NULL,
  `USRCRT` varchar(30) NOT NULL,
  `DTMUPD` datetime NOT NULL,
  `USRUPD` varchar(30) NOT NULL,
  PRIMARY KEY (`GUID`)
) ENGINE=InnoDB DEFAULT CHARSET=utf8;

-- ----------------------------
-- Records of assessment_aspect
-- ----------------------------
INSERT INTO `assessment_aspect` VALUES ('00c105fe-7494-11e5-adc2-28d244bd1b19', 'f57a26c8-7493-11e5-adc2-28d244bd1b19', 'Hubungan Kerja dengan Karyawan', '2', '2015-10-17 12:57:52', 'lcu', '2015-10-17 12:57:52', '');
INSERT INTO `assessment_aspect` VALUES ('07467e42-7494-11e5-adc2-28d244bd1b19', 'f57a26c8-7493-11e5-adc2-28d244bd1b19', 'Tanggung Jawab dalam Waktu', '3', '2015-10-17 12:58:03', 'lcu', '2015-10-17 12:58:03', '');
INSERT INTO `assessment_aspect` VALUES ('14741155-7494-11e5-adc2-28d244bd1b19', '0cfc45dc-7494-11e5-adc2-28d244bd1b19', 'Kebersihan dan Kesopanan Kerja', '1', '2015-10-17 12:58:25', 'lcu', '2015-10-17 12:58:25', '');
INSERT INTO `assessment_aspect` VALUES ('1972ed5c-7494-11e5-adc2-28d244bd1b19', '0cfc45dc-7494-11e5-adc2-28d244bd1b19', 'Perhatian terhadap Intruksi/Petunjuk', '2', '2015-10-17 12:58:33', 'lcu', '2015-10-17 12:58:33', '');
INSERT INTO `assessment_aspect` VALUES ('1ec1f9a5-7494-11e5-adc2-28d244bd1b19', '0cfc45dc-7494-11e5-adc2-28d244bd1b19', 'Ketentuan Bekerja', '3', '2015-10-17 12:58:42', 'lcu', '2015-10-17 12:58:42', '');
INSERT INTO `assessment_aspect` VALUES ('2cf27faa-7494-11e5-adc2-28d244bd1b19', '274103a5-7494-11e5-adc2-28d244bd1b19', 'Sakit', '1', '2015-10-17 12:59:06', 'lcu', '2015-10-17 12:59:06', '');
INSERT INTO `assessment_aspect` VALUES ('32010e6b-7494-11e5-adc2-28d244bd1b19', '274103a5-7494-11e5-adc2-28d244bd1b19', 'Ijin', '2', '2015-10-17 12:59:14', 'lcu', '2015-10-17 12:59:14', '');
INSERT INTO `assessment_aspect` VALUES ('3617faff-7494-11e5-adc2-28d244bd1b19', '274103a5-7494-11e5-adc2-28d244bd1b19', 'Alpa', '3', '2015-10-17 12:59:21', 'lcu', '2015-10-17 12:59:21', '');
INSERT INTO `assessment_aspect` VALUES ('3abc909d-7494-11e5-adc2-28d244bd1b19', '274103a5-7494-11e5-adc2-28d244bd1b19', 'Lain-lain', '4', '2015-10-17 12:59:29', 'lcu', '2015-10-17 12:59:29', '');
INSERT INTO `assessment_aspect` VALUES ('c9fa4e13-7493-11e5-adc2-28d244bd1b19', 'a43defba-748d-11e5-adc2-28d244bd1b19', 'Keterampilan / Setting Up', '1', '2015-10-17 12:56:20', 'lcu', '2015-10-17 12:56:20', '');
INSERT INTO `assessment_aspect` VALUES ('d002fbcb-7493-11e5-adc2-28d244bd1b19', 'a43defba-748d-11e5-adc2-28d244bd1b19', 'Pemahaman Teori Tambahan', '2', '2015-10-17 12:56:30', 'lcu', '2015-10-17 12:56:30', '');
INSERT INTO `assessment_aspect` VALUES ('d5b5ac02-7493-11e5-adc2-28d244bd1b19', 'a43defba-748d-11e5-adc2-28d244bd1b19', 'Pemahaman Work Order (Proses Kerja)', '3', '2015-10-17 12:56:39', 'lcu', '2015-10-17 12:56:39', '');
INSERT INTO `assessment_aspect` VALUES ('dc5e6b11-7493-11e5-adc2-28d244bd1b19', 'a43defba-748d-11e5-adc2-28d244bd1b19', 'Efektifitas Penggunaan Waktu Kerja (Kesesuaian dengan Waktu yang diberikan)', '4', '2015-10-17 12:56:51', 'lcu', '2015-10-17 12:56:51', '');
INSERT INTO `assessment_aspect` VALUES ('fb7660a1-7493-11e5-adc2-28d244bd1b19', 'f57a26c8-7493-11e5-adc2-28d244bd1b19', 'Kedisiplinan', '1', '2015-10-17 12:57:43', 'lcu', '2015-10-17 12:57:43', '');

-- ----------------------------
-- Table structure for `assessment_element`
-- ----------------------------
DROP TABLE IF EXISTS `assessment_element`;
CREATE TABLE `assessment_element` (
  `GUID` varchar(36) NOT NULL,
  `ASSESSMENT_ELEMENT_NAME` varchar(255) NOT NULL,
  `SEQUENCE` smallint(6) NOT NULL,
  `DTMCRT` datetime NOT NULL,
  `USRCRT` varchar(30) NOT NULL,
  `DTMUPD` datetime NOT NULL,
  `USRUPD` varchar(30) NOT NULL,
  PRIMARY KEY (`GUID`)
) ENGINE=InnoDB DEFAULT CHARSET=utf8;

-- ----------------------------
-- Records of assessment_element
-- ----------------------------
INSERT INTO `assessment_element` VALUES ('0cfc45dc-7494-11e5-adc2-28d244bd1b19', 'Kreativitas', '3', '2015-10-17 12:58:12', 'lcu', '2015-10-17 12:58:12', '');
INSERT INTO `assessment_element` VALUES ('274103a5-7494-11e5-adc2-28d244bd1b19', 'Ketidakhadiran', '4', '2015-10-17 12:58:56', 'lcu', '2015-10-17 12:58:56', '');
INSERT INTO `assessment_element` VALUES ('a43defba-748d-11e5-adc2-28d244bd1b19', 'Kualifikasi (Keterampilan & Pengetahuan)', '1', '2015-10-17 12:12:19', '', '2015-10-17 12:12:19', '');
INSERT INTO `assessment_element` VALUES ('f57a26c8-7493-11e5-adc2-28d244bd1b19', 'Kedisiplinan', '2', '2015-10-17 12:57:33', 'lcu', '2015-10-17 12:57:33', '');

-- ----------------------------
-- Table structure for `education_level`
-- ----------------------------
DROP TABLE IF EXISTS `education_level`;
CREATE TABLE `education_level` (
  `GUID` varchar(36) NOT NULL,
  `EDUCATION_LEVEL_NAME` varchar(5) NOT NULL,
  `LANG_CODE` char(3) NOT NULL,
  `SEQUENCE` smallint(6) NOT NULL,
  `DTMCRT` date NOT NULL,
  `USRCRT` varchar(30) NOT NULL,
  `DTMUPD` date NOT NULL,
  `USRUPD` varchar(30) NOT NULL,
  PRIMARY KEY (`GUID`)
) ENGINE=InnoDB DEFAULT CHARSET=utf8;

-- ----------------------------
-- Records of education_level
-- ----------------------------
INSERT INTO `education_level` VALUES ('0cb8faf3-3ff8-11e5-a15a-00ff7f4e65c4', 'S1', 'IDN', '6', '2015-08-11', 'admin', '2015-08-11', 'admin');
INSERT INTO `education_level` VALUES ('20976dda-3d97-11e5-901c-00ff7f4e65c4', 'D1', 'IDN', '2', '2015-08-08', 'admin', '2015-08-08', 'admin');
INSERT INTO `education_level` VALUES ('2558909f-3d97-11e5-901c-00ff7f4e65c4', 'D2', 'IDN', '3', '2015-08-08', 'admin', '2015-08-08', 'admin');
INSERT INTO `education_level` VALUES ('2669d853-3f0b-11e5-a15a-00ff7f4e65c4', 'SMK', 'IDN', '1', '2015-08-10', 'admin', '2015-08-19', 'admin');
INSERT INTO `education_level` VALUES ('3f85950b-3dca-11e5-901c-00ff7f4e65c4', 'D4', 'IDN', '5', '2015-08-08', 'admin', '2015-08-08', 'admin');
INSERT INTO `education_level` VALUES ('7d390b2e-3d9a-11e5-901c-00ff7f4e65c4', 'D3', 'IDN', '4', '2015-08-08', 'admin', '2015-08-08', 'admin');
INSERT INTO `education_level` VALUES ('caea31b7-44fa-11e5-aa2f-00ff7f4e65c4', 'S2', 'IDN', '7', '2015-08-17', 'admin', '2015-08-17', 'admin');

-- ----------------------------
-- Table structure for `guestbook`
-- ----------------------------
DROP TABLE IF EXISTS `guestbook`;
CREATE TABLE `guestbook` (
  `GUID` varchar(32) NOT NULL,
  `FIRSTNAME` varchar(30) NOT NULL,
  `EMAIL` varchar(128) NOT NULL,
  `COMMENT` text NOT NULL,
  `DTMCRT` datetime DEFAULT NULL,
  PRIMARY KEY (`GUID`)
) ENGINE=InnoDB DEFAULT CHARSET=utf8;

-- ----------------------------
-- Records of guestbook
-- ----------------------------

-- ----------------------------
-- Table structure for `institute`
-- ----------------------------
DROP TABLE IF EXISTS `institute`;
CREATE TABLE `institute` (
  `GUID` varchar(36) NOT NULL,
  `INSTITUTE_NAME` varchar(255) NOT NULL,
  `INSTITUTE_TYPE` varchar(3) NOT NULL DEFAULT '0',
  `INSTITUTE_NICK` varchar(4) NOT NULL DEFAULT '0',
  `DTMCRT` datetime NOT NULL,
  `USRCRT` varchar(30) NOT NULL,
  `DTMUPD` datetime NOT NULL,
  `USRUPD` varchar(30) NOT NULL,
  PRIMARY KEY (`GUID`)
) ENGINE=InnoDB DEFAULT CHARSET=utf8;

-- ----------------------------
-- Records of institute
-- ----------------------------
INSERT INTO `institute` VALUES ('f197566a-741d-11e5-8c47-28d244bd1b19', 'SMK La Tansa', 'SM', 'LT', '0000-00-00 00:00:00', '', '0000-00-00 00:00:00', '');
INSERT INTO `institute` VALUES ('f197854a-741d-11e5-8c47-28d244bd1b19', 'SMA Daar El-Qolam', 'SM', 'DQ', '0000-00-00 00:00:00', '', '0000-00-00 00:00:00', '');
INSERT INTO `institute` VALUES ('f197a48b-741d-11e5-8c47-28d244bd1b19', 'STMIK Raharja', 'PT', 'RHJ', '0000-00-00 00:00:00', '', '0000-00-00 00:00:00', '');
INSERT INTO `institute` VALUES ('f197c1dc-741d-11e5-8c47-28d244bd1b19', 'STMIK Palcomtech', 'PT', 'PCT', '0000-00-00 00:00:00', '', '0000-00-00 00:00:00', '');

-- ----------------------------
-- Table structure for `internship_program`
-- ----------------------------
DROP TABLE IF EXISTS `internship_program`;
CREATE TABLE `internship_program` (
  `GUID` varchar(36) NOT NULL,
  `PROGRAM` varchar(50) NOT NULL,
  `DTMCRT` date DEFAULT NULL,
  `USRCRT` varchar(30) DEFAULT NULL,
  `DTMUPD` date DEFAULT NULL,
  `USRUPD` varchar(30) DEFAULT NULL,
  PRIMARY KEY (`GUID`)
) ENGINE=InnoDB DEFAULT CHARSET=latin1;

-- ----------------------------
-- Records of internship_program
-- ----------------------------
INSERT INTO `internship_program` VALUES ('5b735728-7db6-11e5-8cd3-28d244bd1b19', 'Magang Industri', '2015-10-29', 'aa', null, null);
INSERT INTO `internship_program` VALUES ('6459eadb-7db6-11e5-8cd3-28d244bd1b19', 'PKL/KP', '2015-10-29', 'aa', '2015-10-29', 'aa');
INSERT INTO `internship_program` VALUES ('6a182eca-7db6-11e5-8cd3-28d244bd1b19', 'Penelitian/Skripsi', '2015-10-29', 'aa', '2015-10-29', 'aa');

-- ----------------------------
-- Table structure for `internship_project`
-- ----------------------------
DROP TABLE IF EXISTS `internship_project`;
CREATE TABLE `internship_project` (
  `GUID` varchar(36) NOT NULL,
  `UNIT_ID` varchar(36) NOT NULL,
  `PROJECT_NAME` varchar(255) NOT NULL,
  `PROJECT_DETAIL` text NOT NULL,
  `PROJECT_SPEC` text NOT NULL,
  `QUOTA` smallint(6) NOT NULL,
  `START_DATE` date NOT NULL,
  `END_DATE` date NOT NULL,
  `DTMCRT` date NOT NULL,
  `USRCRT` varchar(30) NOT NULL,
  `DTMUPD` date NOT NULL,
  `USRUPD` varchar(30) NOT NULL,
  PRIMARY KEY (`GUID`)
) ENGINE=InnoDB DEFAULT CHARSET=utf8;

-- ----------------------------
-- Records of internship_project
-- ----------------------------

-- ----------------------------
-- Table structure for `internship_registration`
-- ----------------------------
DROP TABLE IF EXISTS `internship_registration`;
CREATE TABLE `internship_registration` (
  `GUID` varchar(36) NOT NULL,
  `USER_DETAIL_ID` varchar(36) NOT NULL,
  `EDUCATION_LEVEL_ID` varchar(36) NOT NULL,
  `UNIT_ID` varchar(36) NOT NULL,
  `MASTER_TOPIC_ID` varchar(36) NOT NULL,
  `INTERNSHIP_PROJECT_ID` varchar(36) NOT NULL,
  `PROGRAM_ID` varchar(36) NOT NULL,
  `START_DATE` date NOT NULL,
  `END_DATE` date NOT NULL,
  `PROPOSAL` mediumblob NOT NULL,
  `MIME_PROPOSAL` varchar(255) NOT NULL,
  `COVER_LETTER` mediumblob NOT NULL,
  `MIME_COVER_LETTER` varchar(255) NOT NULL,
  `STATUS` enum('PENDING','APPROVED','IN PROGRESS','FINISHED','DONE','REJECTED') NOT NULL DEFAULT 'PENDING',
  `DTMCRT` date NOT NULL,
  `USRCRT` varchar(30) NOT NULL,
  `DTMUPD` date NOT NULL,
  `USRUPD` varchar(30) NOT NULL,
  PRIMARY KEY (`GUID`)
) ENGINE=InnoDB DEFAULT CHARSET=utf8;

-- ----------------------------
-- Records of internship_registration
-- ----------------------------
INSERT INTO `internship_registration` VALUES ('19563cbc-7ee7-11e5-bc1f-28d244bd1b19', 'b3446847-7ee6-11e5-bc1f-28d244bd1b19', '0cb8faf3-3ff8-11e5-a15a-00ff7f4e65c4', '61ddb5a0-7d01-11e5-8cd3-28d244bd1b19', 'eb0cb712-7db4-11e5-8cd3-28d244bd1b19', '0', '6a182eca-7db6-11e5-8cd3-28d244bd1b19', '2015-11-30', '2015-12-07', 0x89504E470D0A1A0A0000000D49484452000000DC000000A0080600000067BA023B0000001974455874536F6674776172650041646F626520496D616765526561647971C9653C00002C024944415478DAEC9D099C1C577DE7FFAFAA8FE9999E53F7658D4E5B32B2E413E353C18135E132C9EE66F301823ECB7E36B004C26E966C0C0B982C04074270201BB22C1B6C3E0B641363EB40C63660641B5B3692AD9164D93A6746B7349A7B7AFAAE7AFBFEAFDEAB7A555D3D977AE4E99EF7D7E7A9AAABAAAB6BBADFB77EFFFFFF1D05A04D9B366DDAB469D3A64D9B366DDAB469D3A64D9B366DDAB469D3A64D9B366DDAB469D3A64D9B366DDAB469D3A64D9B366DDAB469D3A64D9B366DDAB469D3A64D9B366DDAB4F9EC995DCFDDFDCB6776DDADBF096DB56464A65ED8B6ED3BF745A3914D91481428FEB329D8B60D3665C5A61DD4B6076D2AB639659052DA81EB54D9CED677856CEBF8D87FFCE890FEF9B569E0843DFAD8B65FB1C5665C374D8303679A26430F383C9E3118D94BCBB29C57D4E6AFF118A7D890CDE67CC0A9002ADB39B094432DF639EBBBE43665D9C1968394BFDF669FCDCF33F8570F7E65BFAE52DAAA12B87FF9C9561738F76209610597865817AF816F04C310DB8078FB8DC06BE5FD08552E9775BE06A27C216C9F552C422A95E280138E35A7992F0BF9020C0D0DB970DB023CA6BCEC7C39E8EFEF57B7ED0AF9F33A58190C6C1B14DB7DF6ED6F7DF3595D4D3570D36EFFFCE8E33EE00CC3E0B08080C7504002E2016528EB0E87B8CD70618390E3E4394AB6B99F2B4156DE6F78C7382A4915550D2F232323901A1D75C0A5D45362F66F946D4F8FA6F93A504FC57199CE6420934EBBDF8D19313BD84D63104F303838088542A12CB0CC428167206B975A03E7D9FFFB97C75CE09C0A6EF860082FC0E192A079A008A5237E0574A11130A99FE329AA032294F93C0913022741B2CB006753E5181FA0B60BA0EDAE3B71AB04321C68CF7D46459580CAD7087191C1488532ABEF45808BE8868B7DA661749B914837BEE6EF630A8FDBE3B1D82EF97EB401A6DE0185EE66F09ED4284DCC22D57199B4A4B28F14CEC3F1D413585140481FC4E83C881AF59E9281544480D6C4528899F50A70E0C236A77E19C4230D2E682A6C2414365060E375D6ADB8C18AAD16086E93FFC439BCE39C13A9FB950F52CEA1BC27F0B968F5F5F5A5D08BB835994CBAEBA2B48B02C9C64675FB66F5FD2D2D2DC1BFE901F6515FD228D514702410C3B138CACE42A4FE223424A27CBF53C77ADD4A2F6FC93206EBCEBEE86D10F5575AE66201A89F6FFE1A55654EFD6A9F2320D750ADE635AC712B3D807FB9A8F16AE75A64A5161F1A3512D052B74480540A1FF8123EE0733B3DEE2454E3BBB125D0CB3F31B0AD1CB8133D9FB62A072EF863BA6E9EE3FC4DF25CEC6E1F8FBA50110EA877FEFABA98784DDCE3A9FBDE0B02682AB556DCD909F4642F7A8007403D9D7AD6F7F932F552B46CB06CCB0FBD789F4162D0185DE8AA9B7A8C01516888CCF7F6294B93C4A131B2B01460B6AC23CD10234DE3C23711103D95F5D6357235081C094984F0753A39E8405127EFDC95BF768CF9EA6231576955E06291C035F1FDC4FD538AB49F1F4A1579A66243CEBAE4C2A92A78D12AC0B91C0DF93B11FE82076F40C523A41E629054CE47DDF747A00E11770E2502708342B3B5062234A978121AB99A5538B709408272D9BF35360DC0B4C277457E4423EA131E1538203145AD49C90D284F33CA7E0FC61C64D972D077D3B0491E12B0104CDAE08B49B5D51070081AAEABED6D8E7B59393AA8AC8C36784D7244578EB2AE829A00D2DF486D254DF047757A9104B385D3910B95F114E1297999A0D116B839C9D82EC413D156E5C079CE1F04609B7E12A84D1CD123D5ED724EC74DD0854D03579B311CB8311CB8ED6857CA782C44F133E9AC87CE17BBE918AEB6932600FEDE2257DA6C11E7495793CC4EE2FC8DF89AA1DA4B9A00803F6EAB6CCE64CAE019E4CDBF962B6D16C9EB18EE32CCA88A7841C952BAEA36037C3B9B0F0BC2586F76541642E39023FDFE9E351AB85A4D9A041ABF67D25D9F414750F18CD9A0763A869B35319CAFA7C90CABD978B9C5A2039D61D4306EB4B469405B0D0227633715BC9968D84D128B19A95DB5A36AC2442B5C6DC470C14EB4BEB16C30F314CE7FED04704CA8E8A35C630E252DE96DA2AD4680F3AD13D5B5AC06F520CCC524DCCDACBD104E0FD1A9399732089D3AED4135F5B9B2B1B70AFB3B2266ADF454A13A86AB45852BD10B7572A02A0B8F5C17D3AE05DCC03F164E2B5C6D285C499612887F22A02ACC4814988B699A144CA3BA89F34D19A119AA51E0DC5E1DDE3C23D5685691D166DA0CBC2A762995F95BB4C2D5884B591A8CFBFB51B62596423A5BA8CA2FBD68196059D579C370A79FD059CA9A8BE1BAD54C989B2F11E0C523F555FDC56306D3AAD666037F9672B3C6A8365CCAEEA04FA9CEDA456A20E5874A879577A6F44C71A769B0A174DA85A04BA9CC1CA6AD06800B9AD79DCB3F3372B55B81B99611B872D061A6D4999E5D6DBF269382D2038DEA10AE669326307D532BBCF94A47C0A4B4A28914040A5D566C07B4ECC9833556D2040293D76AAB21E0BCF1709E2B496A70B2118CE9A63AA29C8A614208AE55040ED874B654520ABAA749ADBA94257D29956701D49A61E37834EABF9778131BC9F420714726C8AE63A8625736CED35DBB6ADEA554658E4085932634E4B37DD32913A5E2079681F92085C3E54DFE4AC3C1715E13F146E2BA6912BAE07B10AC4281F0A236291032765398FC9A26CAC544BED6E074EBDA6A3669E29FBDAB72AE913237A50F28EA0204EE316A1DF3A64687C079A842A6D0681FACEA7BD4E403C65E081DF64841B8F279560A24000C0D05495D9F2C68A5E7206520F483A605AE569326214FB1B97C61F31E90A12A9B276EC4EBA86BD3900AA93E3D2700B07A1E0E1BF5C14CED1075A48E8B58283A230D5417CE9F4072C4D19B2EB0345BC8075828FBCBC1110433F8B53A0A4A7C6A1AF6E41E6D35045C306EAB94BAF1CA6F7B80C8CEC53ED500A93CD4E742962AA50391AD3EC24A3D0B21FE63958270A19A15D5DE2794FA9450A58D005196D477BC1F4C757F105C12F0A603CF1F08E4A53CF0F413746ADEA5E43D4D02AE64A5A08B479330BF6995DB2E35903A0F83A98BA23E523E0BF3F279D741FBFC8D62FF05D877E269C741140F1459D0BA0AD62E791BDF7FBEEF047BBD526C5FC9CFF5B3BDDFF5250DAF5E722BDC7AF57B1DD82C80BFDBFA790E06CF52B27F8BE6B4C3FB6EDDC2CF71A6AF8B2F17B36D68995C0A1EF9F9D7C50326D9F10C8285AD57C1EFDCFC872E303FF9F577D8E7F68AAC273E58A41E7EFFAE4FBB503EF28BBF8404B16199E17575396D9B90A6AA1B493D371EFF33C293263A86AB5197121FAB1B8FC72B1FBF31E5FAF06F3DE46E7FFDD4F3F0A35F7DCE851AABE85BD7FE2EAC5B76077F4F263F027B8F3C29DC5B27E1B176F1DB60F3860FF1FDBFDCF70306E80658B968A3FB37EC78E91FDCEBCEB1986C71EB5BA07DC106F71A16B62E8773BD5D1C22ACC02B175E0BAB165DCBABF2E94B9DD037DC03776E78B7AB76EB96DD04874EEE11E7A4EC5CEB61C5C2F5EEF776F5921BE1C5D77FE6EEBF6AEE35EC86718DF8FBF6826551FE249CCDD12C6C8A78FD5111B8A356043A0A51D85D8C39D019844F07887F2A31FC8F57D60DDF93B7AA9862014B3E5FA898C2F91EC6C814A3FBE23EF7F5FAABEE8462C106AB88994167D9D2B0D0DD9F8831456C5EC9B63BFBB0F22E9F7F9DBBFFF8D90E78ADFB05DFE7AD5D7C2BA44629F4F503A4460016B5AEF0ED7FCBF25B9CE7C6E139D9F95632D8A41D3D7D10F61FDBED3BFEDAE537B3E36CB7AC58B8CEE7FBDDB8FA6E762E4B9CCF866B96DEE8BA909DE75FE7C0A498B87D27D3C08B54B67A46D526B3005BEAD2F095FA61D840F2EE393864360D3C0C52377CD70C70E5827B98862C65D745FFB3E8AF9ABF89C35614D02D6A5BEDDB8F2E66A1603BC714B0C26F742BF4B1D3FBE0E0F1E77DC7AF59741B8C8E507E6C9181B066E906DFFEEB56BD15AC820084ED5FBD5801EEE401E81DBC08677A3A3D4057DCE21E6BB173AE5200455B3CB71D9AEAE6BAFB55200F75EFF19ECACA4A47310A9F4D35C291A2E90BE0E632F83E91C8C047626976DD9673F3B1E4238B6DDF33C7BFFD3FFF4193544B0AE7A6002A9CA594D0BD71F239DFB6950B1970AC7261A5C6D82D682B166D1215DE86052D2BDDED677B8FF38AD83370014E5D3CEE29DC55D7818D959529C592392B4ACEB774FE2A3EFA01CFB7B8AD1D12F124DF8E90A5B3A3FC3B78E6D5ED9ECAC61BE02DED3783CD6E08CD0D73F9EBA0AD6FBF899FAFA97E0EB436CEE7DBFA477AA09FB9A75E4692B8AEE4D7530DF042CE797CB31A96DD1E2B32C5CB3AF0A2D259547936B8EDFE3E1ABA1A00AE5C3C5749E0F034E7FB8F33D772445190BB381C784757DD4969AB975CEFBA948EBA8150B70E48A5080C0E99F0CAE117DDED739B1730A856F0CABA74DE8AD0EBB86EF5AD60B18ABC7AC95B94F31D74B38D074FBCE43B7EC3CAB7F28ABF6AD17A77DBFEE3DE3137AF7B3B0704DD4F57DDBAF6B830C907A2F0188DC76904FE291387DE92717A04EE885BF0DE98EA5EDA2E6C94DAB36CB2F71A76297D2A47D4A9F22AE39E12E5F51BA73C3770C9DC354C711A3874AA3B99165026E28DB068CE6A0EC8E239ABBC0A7FEC00E4F2063FDFBEA3FE38EEF60DEFE4EA876A26EDA9971FF332974C0531465AB36C832F7E93179AC9A7E180021DBAA178BED54B3D401F7DE67B9E6A32B0EBA2F5B052714F3970E0EF976A08E8B06488013F1E8DF960934D17EF4F14A1D52E42DE1CE2C0B9711DF57D95DA6A2569E26B16A894C2116FDABDCE0BFB7CBB562DBE815728840FED74CF513876EA559FCAA1622D9EEB0179EAC2717754C369E60EF60E5EF001851575D97CC7053DC98E7DF5B007E5F56B6FE39F87C7F98023E028102B073B5F76F7D5D72539746B0470786CDFB03FD6DBB0EA167E0C4F0EE547E1F8B943DE34151C32A17084B89FB1AF18F1C1E6FD200E74A8FA089BA3705CE564A301D16E650D254D7CBD4C2A988491777A55E11C05B9CB016EDE5AFEBA6FE83C1C39ED01B772F1F5904D3731257180BCC4E0C2E4860AC83E25BBB87CE16A98D3B400D6B56F14709E80C3DDFB598C967201BA6DC36FF3A5037827737347390C4400F25AD76FF836696FBFE1FDD0C6DC5519EFA1BDF4DA2FDDFDBFBBF9A34AF6F490E24A068AE10187E554D128810D0D5DCB36705C4A59289DE6A1091AB83751E1E42F5B2185739F55C02A59AE300AE7FA8E7999C5A537406B7211D4C793AEC21D3DF58AA2583730F7D0AF6E1C36573D08741C7BD1F7791FBCF73FB9EB271970783C4227EDFD777DD853B7538EBAE12F64980C04D3806C310D07BB5E5692311B9478EF35FEF7F854505C3BDA6B9DBFF1E0F20D750A0C7D3202DF6B00BCEBD9B5D8B62580A352E14C0D5D8D0017F0FF7C4A57499712DDAB2EC5AD9CD3BC18AE5B7D9757A1993BD979F6388C669C38AE8129D1EFDCF66FDCFDAF77753835CEF01211C7CE1E74150C6D5DFB26B75EA2C2A1DABC7A5449AEB478099A23A70E786EB4AB3E0657B9B0BFFCD899D738EC032397E0CCA5AE92FDFC7DC44B9490925117DE599799341436B46B4C5351371EC3B92EA5762B6BC0A52C5138E5AE7CB92E2501FFA0D6D74FFADDCA7B6EFC0377BDF34C0F0C8F9870A8D36BB3BBF9DA3B030A474422C28183B0D2717CB72FEE72813AB99F43EE264602E6C46F0E684489B15E3BB9C7E7564AF733974F3B603205DAF3C6AF7CFBCF32007385B41BB311EFD9CD25446D8A586561E33785881D6C1698858FA5AC45E0823D7C8917785552E1247C38A708264ED4E60154393454B5F3BD171C28BBF6859EEA0DE61AAA8A2493112A70D2D08D94151FDBC64E5F3CE1DB7FA6E70464F3A33ED854A5DB73A41428C7ED74403FD4FD9B1275930AE99C2BD0534719E9803D4DCAC1C6B39F75D980BB6F57572EE04DB699DB97B24CCC55E9C983D467CE6165EC3CBF0FD62FBFD3774CF7B9E3EEFE37BA3B4260EBF04D52ABC642FB4FBCC4152911F31AA74F3145E215DF709A1050CD962DF09A0B3A8EED16FB89E7FE19A2E33F7BBDF7E8B370E775EF718F3F71F6108FF1F0B84F3567E1FF30B772DBAFBFCF41C42FF25C7F37DF8F4006BF43090E8E7258438A705BA438C68F40DCF7A0CAF1BEA64A9652E354CDC09569EC9677E74AF4E19323C5D404422870E78FB9D9C2534C8D302EAB577A779C3C7FDC4DAD733088F3FC6F6A38435A8E9E3E001B57BD4D51B04E476D0400C759AC77CF4DF77919458CC71010A94886F7C420ACD9E7074EC277B67F91832ABF0713E74FC7F63AF6DF7F6BC9C25FBDF6531815532FE03599A6E12A25A863E0046C750CA03F8C67C6850DC2E73351DD4ADDB9B2369226A0C026BDCCBA0A644DC04D9A6085DC7FE2D72547619B19912E1BABB841953B7C6ABF038FCF6DF35CC0FD9DFE5E22677BBBC08C186E79AD7B0F7C77C757E06F1FFD2C3CF8C34FC1890B87C43ED90BC4C97E4AA84DF659DD3D6F40246ABAC58C3AE7EAA3265CC5E2AC3F48E64B275E92CF6A56464A58ACC42D1BFE736C94F79F1C0FB6D399B8A78AB61BC34574E2A4CA15AE44E9889A49737EF0E6F852B67EAE022AE764EC7062D653E7FAE0D2D00598D7EC650C7B872EBA0AC153F90CB01BAFBEDDAF58D2653394F43A7562434CE57FF3D13F87C3270FB8B3489B11D355443CE9A193BF71DBBE226C9F4C80A82EA5F3A713E72EC9B751FF3C29387ECE763A21DF112FF263FF7134EE32E44006601BEE06580C167C24968165863D2E6C6809D3F6DC49275B8967C34E98D83460C9231974F4939FF89826AC6A800BCCBC2CFBFEF902F6CB8EDFBCA90846D306F4F619EC9C36BC7AE405F857B7FC5E89821922E6DA7F7C3724138D5CF9D0BDEC4FF5782EA0DAB685BD355875C40CE189F38E6A819833C84DAE48D109CC19E9F673241EC4AA5F62C811EB024209D47E2B06699A817AE240379781F477A938646CE7C6C2F3BDECF8045B7B7B240FEF89E627E446CAE5DC68013EB2F41CFCE0EC127E373128FE85DCD5C8B2628BA32DA1741ABA2A4A9A748F95B82C9B599982C4A552CC151B30788545D579E1E0D3DC6D4C6546E0D2C0050E8ACCF261BD1F6080EDD8FD7FDD395042158988519B3671665556140988D7C40144D56D7F55273ED8648696BA6EB53FCBE8A817C2B8BB10837B0448D7446DF85A7306F61522CCDD7464720EBB8EDBA2C531B39161B0C9EDB7B70DF1BD8F30E88AC522F68EC6F68E9C021C08E8F828020D5D15264D5457B2927369206CBD7D11C7B114CA71A6B7134EF59C10F398509FFBE72A0D0DCE9909FE8CA274810D679A3D23381B81ECA2464AAAB8A7704A8CE9CDFDA5D67FAF17B6376318859D8538BC8DA957BDD85DCFAEEBF6B8C5F659E18085C116BADFBBC2DB1874680F9FE14D274D02B8E09910405B4357054993A09CF940A3B422F3B38DA488804DE9DE247B7530B5C2A405AA5B24E2242A4C911031E57EE6469A227633DC4EC0FEA49D543BC3F07AE53BC783AFFFA21928F25C226C148913F53A65A2C76B47940DDB59B6E19F73758154BE02CF65C226B7DFD63A041F5972165FB5B1D2C24A23F2CD4A5CC4753A915235C005E09353B381FA30C0CBF0294798B25DEAF56093804810B0D2474C842D0095417C50BADB83EEA4FA258B2CA30F2605281F480A4C6A06D59778578E0579BCDB96E85CFFCB76145E2C444B618332E095858D84C226EDF6D661F840FAF1FFCA56B117F55C05BC042B31E145B9D0CD76F0AAA6F3B23BE98FBA6F8AE7C6C955FBFACDD02607379D6F2A0DCF41D0C28A54310E10558A5420E282A42A930A985B8240C118C5754D15D51437821FE4E3F08B5C64022EE458B04159D8E47A9B3D70D707533FFA56ABD5BF1C4344569A455C975032986EE3F86C866EE602575242E6439C0271B91C8173172263CCC7AFBA81E5802A2D8494512B57A16809483041A0C63A8080FFBC3E179529F3A3C538FC7D1A3397632547A60E9B5C8D43AEFD5D9927FF92417795703111BA0691C18C69E8AA4CE1D447DC4E3569824F98E9E9354360739026C42B9302AA8CDB3721A0BC0C4979A0C67CAFF71940BC78CE8B41091C642273FF681D6CCF9AD06B8F91899C126C9ECB594773EDEF49EF7C685DFE8D1B95B82EA9401799EDD0CDE476389FBFA766E1A60ADC25061BBA93B29AF85DCA717A259129EDF2FCD532E726E3C5A213EDA128B39A3239EAB6051AFC065260EB3B2D023BF2362C011BAE366D4810509E6F0070380FD05D00F81043E4CEBA89C2E6DF1E85E2BC5BB27BBECC5E7EE1706CDD3E701B427CFD2D2D51E86CCB6056C7C33CDC7910E918B7DDB16D78D8844CC6E471557885A5E3D5E72901E5BCB7024095FBD8C0B7E134FF898670190FDAB834B8F2D94CF92ED8069CC3C1A316559EA7E08CC8A04C87BE9FC526121BEE884D0E36679DA92AD80DB7655FFEC6C2E2C56FEDAADFFCB8804DF501F2E25DF66C83AE6ADAE14A9328134F9AE47892C41813AACB53290A53A7753CD59AF8F94ADAF104784E3C4A396CFE095D4BFBAC52F1BC851F146DC8120B7E3B4227059BBA6365B1EB53F5A399054F34BCEBFBC2A5C4040A8EC84D87281D3F53AD835735C373D2E90C3437374F3A698271DBC51E73FC01AB57C2EDBB4CA026F25184288DE2E2D903D47440C2640A6FCC07EA7BCA8FEF26479D0792D8CCFD7CD432E04CC1822D116BD2B049632AF7FB1F18D9BAE0F1C6FBFE5AD43753C91DE415F026E7B268E0A657E132994C89DA4DC406074DB08AE4CD71FBA600D478BB27321CD0778CF8B38920918821435E87029F43EAAA1EAAA161D9F01BF6DD658A001F312D16F38D075BF09959CEF6566B70F307877ED4FE44F2DEFB07CC36E95E52E54F25023ABBD695AE6A467C97340B4CC89564B1DB8831A96C5FF8CE71A02A93B52453CC5A1252BE4C043675580E00F15D9333BC07DCB63A99C9344503BFDABB26CA96D12881438609DF2C46C29B16C260A3CA76B1394EF3EDEF4A3DFDD5ABF2A7D681D76C30EBDAEAAA673C5C10B6093C2AA9B7373231A0C814812A03152153076A3CA826FBDEF0E3826D8CA2C9C3ED6503BCA3B6031E2B51032EB0E5E78B269CB2E8F8B0853537E0E8459A6BFFADF4B30FADCBB9CD062A74B3A2D9A06A26110AB6C98DA772D84F121FD53B1D40C10C02CA97CA20E54AE03C10D25BC59D114DF427152A689A123A138AAC7C2D45E195C1FA49C326CDA476C32DE9BD5FBE31B30FA7449B13025D4D2B5DF5F434A130E19E26F870459CDFBF3ADCBE8903351E54130E2DCB7C76C9C872C3713723DCB564256640B1C1866F772E80E7FB1A02B091716193DBB1D96063E6E057EE4E3DF7AFC1DF07533692FB5CCC5A82AEBA6238E5B71C2B67323C6C806591AA71FB260AD444A11ABF670B947482264A2F1522C153FA66E26809042F56E700F9BFBBE7C077BBDA4A3394E3C0A61EBF2ADFFDC7EF1DDAF9276C759EA2760D01E86A6AB441F58C87F3646ECC2C25AA1BCE1F59364338896C5FE5DF4BA152938E9109EE2453B8FEE07E3EE05500698AD9C130C67BBE2F093D5903EEBF6620CD54AB7E32B0C9EDF38A7DEFFEC0D0F6E4AE863BBE33106993D94BE952E6C4B228DCCBAACF60564DD2A4B4D13B1CB89111675E7C63C6C5519374FBC651DF720A4542FA804EFD6F2760B3BA5EB03390B74761742407F981B80B2196C32375F052DD5BFF220FD1DEB16123E14AC8CED1521CBAFBDEE19F3FD85A1C901D9F9B024A175105BA9AD5AE0A93264A3C17025D6AD4A88E38EA72DCBE8A01E5150A1658340FD9620A52A9340CF7E5A1BFCB84A1A34D307C60190CBF740DA40FAE82FCF176DF639FB11C895FFDEA8EE4BBEFCF90BA53E5618350D8E43DB58EE6DB997BF9BDF599376E12EE6530A6AB890C66154D041BE88A44C360233C769B0D6EDF545D5E9C29D9A245B0EC02D89441966A002BCDEA733E0134D30034CD3CC3A21172A3B3DDE0594E3D2FA1039CD8CC6C214F24EF7D6073FAB98FCEB1066E9F0C6C72BB09B4E1A6D157BFCACEFEB93712D7EC83F20D3755DB07B33A460B805FD528D0D066389C796BFC8A5ADB40A98650215C1CAC4C0C683ECAA0AA079265C291651E5BDE996392A8CD2DCAF3BFC7EABF2AFB688AD77DF8710CBADCB6C6F77DE33D233B47E6177BEF9D0C6CD2308379EBE89E87E6172E7DFBD9A63BB7079227D8DDA820623A1BAAB02B5875755E1E631221EC3399CB19EE6F50C1470F4C09AA2B999441A0B014ED3C50A6F0349B0048370229D43925DD0AA6FBF00DF03D9FBB5C3B278CB31DFCBF817C441076CF2AFEB4F1DD7F7FE7E80B27D7E44EFCD16460536D65BEFB93748418CF35DEB11DFC333ACB6F8743576D53F1550570CE9D34F0A3077E299CA384105A59A866804A050DA1B268813FA3CDC836835D8882914B82996F8258BE9155F9880F26D95939E892076F5CBE4E051032F6D05BEF66BB3AD896FDEC77D91F4F24F0F13F59C5D5C3623DDF70FB76A69C7475BEF363E00E38201398EAC1B355B9AE4FE057C5A0DB065E07672F98169F594DD055C57838B5915B4D9A442936DFF4F0ED990CA909A0E47B8B32C6B28B3CBE22C538180CA84801C16A02C34AB840959DFF256CC6B390D983822EA3F2DE5DAC74B3759CDBBDE3C73FFEE1B3F23D226921E32B53014142673F97BC633B4D11824A47C79888681CE8F029969441F71884CDBC214AB5C4733318381A4C9994DC95A346822FF379701ABA67B0DB57EEBD967407AD3C9F83DC28242192672EA0550F31AB81C135373481A1DE783C050BAA19945532B5343636A217D13DD0DFFF30828590FDE091EFEF1FEB6FC0CA2DDBC5C03FBCC65697CF276FDF81CBD5B9CE8F4D06B4A0D2E54974E4A5E45B9F0A421D004F0377193993C190AC899234F1BEDF74DA28DBD03D13A092564077502857B43087AB56D46A66A515A2C566207674EC8445A882A9E3DA68A89AA9F0CD9D3B17E6CD9B0B4D4D4DB074E952B63E0FEAEAF87C0AEDAC6C0667C6EBEE471EFEC771FFC610E87CAE9E581A0CBAED78190CBA8F4FF5FB5C9B3DFEC941B3B9E770E29ABD227EB394620BD59DF1AEE58C7EA6D7673FF70597AA152B56407B7B3BABAC5E7CF27AEF53409AF7424F4F040A45F2A603E5C65922C6C20C2129C6206A374384811567609976126276AB930D948A33C6BA8428DC750C533E673D1A8D31B8E6C0E2C58BB982216408D7040D6F765B5979E09AABD79E1CEF60A54D4CCE5D1211D9457441B0111BDBD4DAEE1A79FE7DAB72DD7F3CD5EF3C4BE2277FD6FC8ECF0D465ABB44667450246CF202420DDCE5D8FD9FFD7C2870729AF1D7FB9E04ABE115B8D813BDA240C96F0EAF05632C4C6410DB146035411D9D03119A8484BD70828AE525256C5F82C2CB2ADA63C0D7D6D6C6A04AC29C396DB068910358535363A57E068CE3B68C075E087418D761EF7F9C89191BB09B0574F75D0E74E7A20B1F7BAAF91DDF13C17BAF800E933605A9B03319BAEA984448C670EE6399BC001F67E19A0A581301CAE70EB218CB4962142041178061D731B092D0008B214EDBC0A0B15070265A42B281A1AEA365D910894420CEDCC0782C06C96412E632F55AB870012C5EB4683ABE7AEE661E3E72F421A1784363B8976A1C0742797CDFE4738D776E75E2B2A941B7A0D0732F5BFC1326A6C199525DED8132E3E3B8190DDC987D2945E6722C579290C96B3B6F2C16EE60842620465BA10EDAA08DCC653E5223F391E63A2A4B9C9B80A33CF2196DCA8886607ABDDC7AC86CD2B82C160B5CC91209760DF13898A6090DF5F5509748F8BE0FFCFCC1C12118181884CE135DB0FEDA75D0D6DA3A1D3FC7A759B98F81771F836EFF24A1830074DB28107375AE6BD2311D7692BE2E7D70E381FA0D031032525C0357A94C65A0E3B2FC97CF8FD1BB64BC2E4E769127320C1A810499C3FC9F16A837E6418C3441A3B9B4BCFB0765D2EE5358E7B14926C3FF86BABA0453AE38C4E3751C342CF2F1CACA13477D9F2DFB35E2EB6C2E07AFBCB20FD6AF5F074B164F8BDA6162A58341872EE6231384AE18F6CB3CDF78C7F63C89A7AFCE1EFD381F693009EB8E2F3F2F405361D3C0552053E9478F82DBAD4B26E18A1619F7AB2E0A7710DBB61ACD25EC8FAE873883AA397A15070CDD415969EDF1BA364DA2047B6658C522E40B79B6B4789C85CA158B46E1AAE5CBA1A1A1C1F75EF53A3CC526A1EBCE53553DF08E1E390AF3999B198D46A7EBA7799841D7CDA07B768AD0F1B6BB979337FF7C20D2DC7B6B6ACFE7270ADDA5C89C3DC36653BAF48E5C1D56352EA5FB3CB6405CA30A196F2C16EE609434B09284A6C85248C617409DD10C0DE68232FD03C3BB8C8DE7D296030B0BAA568E290EC65BB1B8136B251B5861A02558FC256F1C6160850125B7955B57C12B5A168C8CA4A0ADAD753A7F9EAD0CBAF649C47445F0B7A1E17AF168DDDA3D06A55FB83EBDFF937534B77CCC1B2718993D0D373E29922439A579A06AFA55CE78E0D4CAE46B83934993420E1A22F32161CE8144B4051A230BA135D65EA2164137B06C5C0863F5D22805D1B28A904933B8F279A8638A55C75DC2182C5BB694A958138FBDFC508348F73B75110772DAB61D0A57F03B9888CAE1D262C08D8E4E3B702D22AEFB52B903CAC474AACA71F80E27AEDE7B213AFF73F70CEFFA74939DBAA91C6CCF37DEFEBF2E46179C046F3259095DD50037A3FDDECFFCD9FDEE97884D02CBDBDB95B6AAC9B44F851715C489B892A85805065684B96AE80AD6D727A0B5B5558065B82EB0DA30EFBEDFA68A3B4C7D7F87FA3704AF437D2DD7C3B6A9EBDD5D9DF0CE77BE8341BF6CBA7F22742B578C77D0184D06D8E28E034D1B05C0AD37A7F6BE7D6DEED88762B43857BE69C06C39B43B79CBE302B63ED11CD08FBB44B65282874D02542B5C25B294107401C3BB364D2AC61A43C18A85020C8F8C401453F04CB9EAEBEB61D1C285D0D8D40811D32C4D8352EACE7AEC4C31EEEF608D3361C96BB7D5342A554F434B1EE618A674612AE764368B70E6F469181E1EE6D77C05AC7D22078D93BD94DBD0352CEC49DEF4142B2FAEC91E5F1BB773CD7D91B6C1F3B1459784A2215CD8EE3624542EA870BA59A05259CA42A1386ED7A689C65C6A41F72F1E8B437373138FB3B09B13361AFFF4A73BD9F628AC5F7F2DC4D81294071FBACFDE561C044AA897D9716619E7331CBB6E306EB0E56D5E4C3ACCDC49543977C239EAB5290663B52078EA7E742107FAFBA1B7F71257E11B6EB81EE6CF9F3FA37EC931A05363BC8228A96375AB07850A1A627F46409712E0055D4A9D34A9649632C5D4267C9CD6C463AE7A4CB5333710979815C4128D4614C5F02AFCA64D9B60DBB66D5C2DD6AC590B8B972C164F1B25EE238AFD02E750E641A680254D541D83FDB3451D511F9355BA0E651324B8C4E9DF53A9140C0D0EF01B12BA94B7DC720B2B375F91DFA7B7B7B712D0A90A6709E046C1DFA86D0B38B3A264046C0555DDF468810AB9946E5B14D0D027A1060B4EED96483440B2A19EA9538CB767A14B28CF25EB3219A3657CE9D22570CF3DF7C0EEDD2FC1EBAFBF0E9D9D9DB060C102A61CF37807E092605840E85C03F1544D6456B9C051A184C2ED74DFA7AC53DFBABF4900950C152C9BCD423A9D863C8B27D1F5455BB366355C7FFD26DEDC70A5ACBBBBBB124A275D414BA8555E00271FFC21EF42C5800A5AD596A19CF14993FFF2A77FD625E384E69666D8B8715349BF42042A623A7116AA17660A3115EF298137C77E1870EEACC38AC2A92A820AF2EAABFB18705DFCBC262BB8C4DE1CC9C62457C938CF4ED681892EA29066AA74F1F2254EF8365B5957131FB69B40C16D0818C665050615C2C50163AF7961DBB0B901E3CAB56BD77077F84A1A82FFC31FFE982DB39BFEF6A1BFD93F95730492296A42C500FF33E5D4E6042BD0B4505523BE677CEB3C836E23AB805B5A5B5BB76CB8EEBA0EE60EB6D437D46FC264464274732A551B5231E0E47B11BC3367CE4057F7491861EE6D4480172C98B9C406676C0E70B645F9C4A984CF64ECCCE948D8D2906E22B69B09886CCB76012B140BDC4D745F8BD2DCD4042DAD2DB090A92DC69DC1E4D295B21D3B76C2D9B367F0B33733E09E9DEA7902D0A9994CF575D8A053A836D8AA02B8A03DFD8B67BEB860FEFC07C6FCA3A60138F55C58F1317E191E1E81FE8141DE549067DB54F0103ABE94DBA2DE7A54BCC68EC8782E0F2A0F2E0E288316D513CFD5DCD4C8554C8E7B5341BBD2C03DFBEC7370E4C851DEC9E072811B03BC71B369D538216CA4DA2E187B5034616F8D32EA76250CDD581C67B6640929713FD10D348801236CDD104A864B621A7C3BDF6610D1E0ED345263FD31995B8C6EA4841520BC21FECD3474695F7AE9653876ECD8B46431057874A2C756A345AAF1A22FF5F6F1CEB9A669CEA8EBC23169B2A9A0A5A5D98305BC871F0655A934C33A33BFF3FEFE7EF8F5AF5F60CADE37AD9FA31F393C030DEFB47D7DFD3C63A86DFAEDC0810370E8D01B9820D15FC62C048ECF75822E1B76D265F11CEF56A5ADF28649A2BD7B5F65AEF2088F37B5CD4EE03AE40AB6479D3D778ECFD7917026C2D15601C3F6B523478E713752ED58AD6D96BA94AA6186EFC2858BD0984CF2B809930EDAA6E0A6170A70EAE429387AEC1853B4516544C3D8DE462532941AB82AB4D4680A46474779EA1CC19BC6C1973565172E5C8053A7CEC039E629A09A4D4ED1C843FA1B9CA5C079E08DC2683ACDE7FFC046E864B241FFCA8A611B5F7FFF005CBCD803E7196C98809AA2DBD84D88066E3600D73D9183D2990C64B2193EC10E8297483800CE46C30453EFA55EE863A0C9B88C77279B7A7C36C860BBEF6FBEF1B5218DD0E48C54E345FFE4F1EDBF623FF8667F8F10315C46E93D22B7B93D4688336200FB3DE2C86C6CC09E4A4F93D2FD816B002819A9EEAC4FA61DAEDC0874675FF01C6A4C8B0A3F34342C66F31A70FB6A6223BBECA7298173FB728A6DB6D8A6BEE6132E59B6ECEB39C8B66DFEEBAF3FB85FE3337B5CCA07C099A074D296C9667991436D24784E89F265B5582693855C3E07E97486C5AF691EC362E6D65660A9B06186788B866D96291CDA635B77FC898C2126A3703E4502EF38F77DEC1F82875DAF5009711F4E5B8786DBB177CB955238EC918F6D8D857CC11D29C021C3213AAC84A956B972B90AC794ED21B6FEC0835FFDB27623672370688F6FFBE91751ED2A0D9CFB5E754A0331E25B9E0B3B15CBFD0821C228DF2FDD4FF7EB0D3EA949998B0541421024141CB2A2C53B06F3BE96D841982F3D48AC31209A06E07631E01EF8F2FFF8924EFFCF76E0D0B66EDFF97EB6789855F0962B095C582CE7DB06507A2D621FAFC89657D94B0B9D09C075A3A27DE981CF3FA231D1C0F96CDB8E9D389FE143AC5ADFA781BB6CE076B16D0F7DE1BFDFBF4DE3A1811BD3B6EF78E26E56AB1F90194C0DDC84811B64EB0F23689FFDF3CF9CD45868E026653B763E7937ABDC5B58FDDEA2812B7B2C42B6955DC3D6CFFCE9A7B59A69E02EDF9EF8D9D338286D8B031FD9A481B33AD872177BBDF5D39FFA844E8268E0A6CF9E7CEA17CBD95F8BAEE67DEC252E5B6601701D5810322C1FFFA3FFA0DD450DDC9B634FFFE299BB19069B9C780F98FA91F62A07AE5B02E6A4F269C7BFDFF261DD66A6819B99F6CCAEE7D0FDDCC4D040F563F0413B7743015A661870BBD8FAA050AE6E065CF7BFFBB7BFA7DD430D5CEDD8F32FECDEC8C1030E61BB8008D5B145018EBF9E0270DDA248E0D83AED16C07533E0BA197083EFBAF71DBA3B95366DDAB469D3A64D9B366DDAB469D3A64D9B366DDAB469D3A64D9B366DDAB469D3A64D9B366DDAB469D3A64D9B366DDAB469D3A64D9B366DDAB469D3A64D9B366DDAB469D3A64D9B366DDAB469D3A64DDB9B65FF5F800100EE63DDCAC18541A50000000049454E44AE426082, 'application/pdf', 0x89504E470D0A1A0A0000000D49484452000000DC000000A0080600000067BA023B0000001974455874536F6674776172650041646F626520496D616765526561647971C9653C00002C024944415478DAEC9D099C1C577DE7FFAFAA8FE9999E53F7658D4E5B32B2E413E353C18135E132C9EE66F301823ECB7E36B004C26E966C0C0B982C04074270201BB22C1B6C3E0B641363EB40C63660641B5B3692AD9164D93A6746B7349A7B7AFAAE7AFBFEAFDEAB7A555D3D977AE4E99EF7D7E7A9AAABAAAB6BBADFB77EFFFFFF1D05A04D9B366DDAB469D3A64D9B366DDAB469D3A64D9B366DDAB469D3A64D9B366DDAB469D3A64D9B366DDAB469D3A64D9B366DDAB469D3A64D9B366DDAB469D3A64D9B366DDAB4F9EC995DCFDDFDCB6776DDADBF096DB56464A65ED8B6ED3BF745A3914D91481428FEB329D8B60D3665C5A61DD4B6076D2AB639659052DA81EB54D9CED677856CEBF8D87FFCE890FEF9B569E0843DFAD8B65FB1C5665C374D8303679A26430F383C9E3118D94BCBB29C57D4E6AFF118A7D890CDE67CC0A9002ADB39B094432DF639EBBBE43665D9C1968394BFDF669FCDCF33F8570F7E65BFAE52DAAA12B87FF9C9561738F76209610597865817AF816F04C310DB8078FB8DC06BE5FD08552E9775BE06A27C216C9F552C422A95E280138E35A7992F0BF9020C0D0DB970DB023CA6BCEC7C39E8EFEF57B7ED0AF9F33A58190C6C1B14DB7DF6ED6F7DF3595D4D3570D36EFFFCE8E33EE00CC3E0B08080C7504002E2016528EB0E87B8CD70618390E3E4394AB6B99F2B4156DE6F78C7382A4915550D2F232323901A1D75C0A5D45362F66F946D4F8FA6F93A504FC57199CE6420934EBBDF8D19313BD84D63104F303838088542A12CB0CC428167206B975A03E7D9FFFB97C75CE09C0A6EF860082FC0E192A079A008A5237E0574A11130A99FE329AA032294F93C0913022741B2CB006753E5181FA0B60BA0EDAE3B71AB04321C68CF7D46459580CAD7087191C1488532ABEF45808BE8868B7DA661749B914837BEE6EF630A8FDBE3B1D82EF97EB401A6DE0185EE66F09ED4284DCC22D57199B4A4B28F14CEC3F1D413585140481FC4E83C881AF59E9281544480D6C4528899F50A70E0C236A77E19C4230D2E682A6C2414365060E375D6ADB8C18AAD16086E93FFC439BCE39C13A9FB950F52CEA1BC27F0B968F5F5F5A5D08BB835994CBAEBA2B48B02C9C64675FB66F5FD2D2D2DC1BFE901F6515FD228D514702410C3B138CACE42A4FE223424A27CBF53C77ADD4A2F6FC93206EBCEBEE86D10F5575AE66201A89F6FFE1A55654EFD6A9F2320D750ADE635AC712B3D807FB9A8F16AE75A64A5161F1A3512D052B74480540A1FF8123EE0733B3DEE2454E3BBB125D0CB3F31B0AD1CB8133D9FB62A072EF863BA6E9EE3FC4DF25CEC6E1F8FBA50110EA877FEFABA98784DDCE3A9FBDE0B02682AB556DCD909F4642F7A8007403D9D7AD6F7F932F552B46CB06CCB0FBD789F4162D0185DE8AA9B7A8C01516888CCF7F6294B93C4A131B2B01460B6AC23CD10234DE3C23711103D95F5D6357235081C094984F0753A39E8405127EFDC95BF768CF9EA6231576955E06291C035F1FDC4FD538AB49F1F4A1579A66243CEBAE4C2A92A78D12AC0B91C0DF93B11FE82076F40C523A41E629054CE47DDF747A00E11770E2502708342B3B5062234A978121AB99A5538B709408272D9BF35360DC0B4C277457E4423EA131E1538203145AD49C90D284F33CA7E0FC61C64D972D077D3B0491E12B0104CDAE08B49B5D51070081AAEABED6D8E7B59393AA8AC8C36784D7244578EB2AE829A00D2DF486D254DF047757A9104B385D3910B95F114E1297999A0D116B839C9D82EC413D156E5C079CE1F04609B7E12A84D1CD123D5ED724EC74DD0854D03579B311CB8311CB8ED6857CA782C44F133E9AC87CE17BBE918AEB6932600FEDE2257DA6C11E7495793CC4EE2FC8DF89AA1DA4B9A00803F6EAB6CCE64CAE019E4CDBF962B6D16C9EB18EE32CCA88A7841C952BAEA36037C3B9B0F0BC2586F76541642E39023FDFE9E351AB85A4D9A041ABF67D25D9F414750F18CD9A0763A869B35319CAFA7C90CABD978B9C5A2039D61D4306EB4B469405B0D0227633715BC9968D84D128B19A95DB5A36AC2442B5C6DC470C14EB4BEB16C30F314CE7FED04704CA8E8A35C630E252DE96DA2AD4680F3AD13D5B5AC06F520CCC524DCCDACBD104E0FD1A9399732089D3AED4135F5B9B2B1B70AFB3B2266ADF454A13A86AB45852BD10B7572A02A0B8F5C17D3AE05DCC03F164E2B5C6D285C499612887F22A02ACC4814988B699A144CA3BA89F34D19A119AA51E0DC5E1DDE3C23D5685691D166DA0CBC2A762995F95BB4C2D5884B591A8CFBFB51B62596423A5BA8CA2FBD68196059D579C370A79FD059CA9A8BE1BAD54C989B2F11E0C523F555FDC56306D3AAD666037F9672B3C6A8365CCAEEA04FA9CEDA456A20E5874A879577A6F44C71A769B0A174DA85A04BA9CC1CA6AD06800B9AD79DCB3F3372B55B81B99611B872D061A6D4999E5D6DBF269382D2038DEA10AE669326307D532BBCF94A47C0A4B4A28914040A5D566C07B4ECC9833556D2040293D76AAB21E0BCF1709E2B496A70B2118CE9A63AA29C8A614208AE55040ED874B654520ABAA749ADBA94257D29956701D49A61E37834EABF9778131BC9F420714726C8AE63A8625736CED35DBB6ADEA554658E4085932634E4B37DD32913A5E2079681F92085C3E54DFE4AC3C1715E13F146E2BA6912BAE07B10AC4281F0A236291032765398FC9A26CAC544BED6E074EBDA6A3669E29FBDAB72AE913237A50F28EA0204EE316A1DF3A64687C079A842A6D0681FACEA7BD4E403C65E081DF64841B8F279560A24000C0D05495D9F2C68A5E7206520F483A605AE569326214FB1B97C61F31E90A12A9B276EC4EBA86BD3900AA93E3D2700B07A1E0E1BF5C14CED1075A48E8B58283A230D5417CE9F4072C4D19B2EB0345BC8075828FBCBC1110433F8B53A0A4A7C6A1AF6E41E6D35045C306EAB94BAF1CA6F7B80C8CEC53ED500A93CD4E742962AA50391AD3EC24A3D0B21FE63958270A19A15D5DE2794FA9450A58D005196D477BC1F4C757F105C12F0A603CF1F08E4A53CF0F413746ADEA5E43D4D02AE64A5A08B479330BF6995DB2E35903A0F83A98BA23E523E0BF3F279D741FBFC8D62FF05D877E269C741140F1459D0BA0AD62E791BDF7FBEEF047BBD526C5FC9CFF5B3BDDFF5250DAF5E722BDC7AF57B1DD82C80BFDBFA790E06CF52B27F8BE6B4C3FB6EDDC2CF71A6AF8B2F17B36D68995C0A1EF9F9D7C50326D9F10C8285AD57C1EFDCFC872E303FF9F577D8E7F68AAC273E58A41E7EFFAE4FBB503EF28BBF8404B16199E17575396D9B90A6AA1B493D371EFF33C293263A86AB5197121FAB1B8FC72B1FBF31E5FAF06F3DE46E7FFDD4F3F0A35F7DCE851AABE85BD7FE2EAC5B76077F4F263F027B8F3C29DC5B27E1B176F1DB60F3860FF1FDBFDCF70306E80658B968A3FB37EC78E91FDCEBCEB1986C71EB5BA07DC106F71A16B62E8773BD5D1C22ACC02B175E0BAB165DCBABF2E94B9DD037DC03776E78B7AB76EB96DD04874EEE11E7A4EC5CEB61C5C2F5EEF776F5921BE1C5D77FE6EEBF6AEE35EC86718DF8FBF6826551FE249CCDD12C6C8A78FD5111B8A356043A0A51D85D8C39D019844F07887F2A31FC8F57D60DDF93B7AA9862014B3E5FA898C2F91EC6C814A3FBE23EF7F5FAABEE8462C106AB88994167D9D2B0D0DD9F8831456C5EC9B63BFBB0F22E9F7F9DBBFFF8D90E78ADFB05DFE7AD5D7C2BA44629F4F503A4460016B5AEF0ED7FCBF25B9CE7C6E139D9F95632D8A41D3D7D10F61FDBED3BFEDAE537B3E36CB7AC58B8CEE7FBDDB8FA6E762E4B9CCF866B96DEE8BA909DE75FE7C0A498B87D27D3C08B54B67A46D526B3005BEAD2F095FA61D840F2EE393864360D3C0C52377CD70C70E5827B98862C65D745FFB3E8AF9ABF89C35614D02D6A5BEDDB8F2E66A1603BC714B0C26F742BF4B1D3FBE0E0F1E77DC7AF59741B8C8E507E6C9181B066E906DFFEEB56BD15AC820084ED5FBD5801EEE401E81DBC08677A3A3D4057DCE21E6BB173AE5200455B3CB71D9AEAE6BAFB55200F75EFF19ECACA4A47310A9F4D35C291A2E90BE0E632F83E91C8C047626976DD9673F3B1E4238B6DDF33C7BFFD3FFF4193544B0AE7A6002A9CA594D0BD71F239DFB6950B1970AC7261A5C6D82D682B166D1215DE86052D2BDDED677B8FF38AD83370014E5D3CEE29DC55D7818D959529C592392B4ACEB774FE2A3EFA01CFB7B8AD1D12F124DF8E90A5B3A3FC3B78E6D5ED9ECAC61BE02DED3783CD6E08CD0D73F9EBA0AD6FBF899FAFA97E0EB436CEE7DBFA477AA09FB9A75E4692B8AEE4D7530DF042CE797CB31A96DD1E2B32C5CB3AF0A2D259547936B8EDFE3E1ABA1A00AE5C3C5749E0F034E7FB8F33D772445190BB381C784757DD4969AB975CEFBA948EBA8150B70E48A5080C0E99F0CAE117DDED739B1730A856F0CABA74DE8AD0EBB86EF5AD60B18ABC7AC95B94F31D74B38D074FBCE43B7EC3CAB7F28ABF6AD17A77DBFEE3DE3137AF7B3B0704DD4F57DDBAF6B830C907A2F0188DC76904FE291387DE92717A04EE885BF0DE98EA5EDA2E6C94DAB36CB2F71A76297D2A47D4A9F22AE39E12E5F51BA73C3770C9DC354C711A3874AA3B99165026E28DB068CE6A0EC8E239ABBC0A7FEC00E4F2063FDFBEA3FE38EEF60DEFE4EA876A26EDA9971FF332974C0531465AB36C832F7E93179AC9A7E180021DBAA178BED54B3D401F7DE67B9E6A32B0EBA2F5B052714F3970E0EF976A08E8B06488013F1E8DF960934D17EF4F14A1D52E42DE1CE2C0B9711DF57D95DA6A2569E26B16A894C2116FDABDCE0BFB7CBB562DBE815728840FED74CF513876EA559FCAA1622D9EEB0179EAC2717754C369E60EF60E5EF001851575D97CC7053DC98E7DF5B007E5F56B6FE39F87C7F98023E028102B073B5F76F7D5D72539746B0470786CDFB03FD6DBB0EA167E0C4F0EE547E1F8B943DE34151C32A17084B89FB1AF18F1C1E6FD200E74A8FA089BA3705CE564A301D16E650D254D7CBD4C2A988491777A55E11C05B9CB016EDE5AFEBA6FE83C1C39ED01B772F1F5904D3731257180BCC4E0C2E4860AC83E25BBB87CE16A98D3B400D6B56F14709E80C3DDFB598C967201BA6DC36FF3A5037827737347390C4400F25AD76FF836696FBFE1FDD0C6DC5519EFA1BDF4DA2FDDFDBFBBF9A34AF6F490E24A068AE10187E554D128810D0D5DCB36705C4A59289DE6A1091AB83751E1E42F5B2185739F55C02A59AE300AE7FA8E7999C5A537406B7211D4C793AEC21D3DF58AA2583730F7D0AF6E1C36573D08741C7BD1F7791FBCF73FB9EB271970783C4227EDFD777DD853B7538EBAE12F64980C04D3806C310D07BB5E5692311B9478EF35FEF7F854505C3BDA6B9DBFF1E0F20D750A0C7D3202DF6B00BCEBD9B5D8B62580A352E14C0D5D8D0017F0FF7C4A57499712DDAB2EC5AD9CD3BC18AE5B7D9757A1993BD979F6388C669C38AE8129D1EFDCF66FDCFDAF77753835CEF01211C7CE1E74150C6D5DFB26B75EA2C2A1DABC7A5449AEB478099A23A70E786EB4AB3E0657B9B0BFFCD899D738EC032397E0CCA5AE92FDFC7DC44B9490925117DE599799341436B46B4C5351371EC3B92EA5762B6BC0A52C5138E5AE7CB92E2501FFA0D6D74FFADDCA7B6EFC0377BDF34C0F0C8F9870A8D36BB3BBF9DA3B030A474422C28183B0D2717CB72FEE72813AB99F43EE264602E6C46F0E684489B15E3BB9C7E7564AF733974F3B603205DAF3C6AF7CFBCF32007385B41BB311EFD9CD25446D8A586561E33785881D6C1698858FA5AC45E0823D7C8917785552E1247C38A708264ED4E60154393454B5F3BD171C28BBF6859EEA0DE61AAA8A2493112A70D2D08D94151FDBC64E5F3CE1DB7FA6E70464F3A33ED854A5DB73A41428C7ED74403FD4FD9B1275930AE99C2BD0534719E9803D4DCAC1C6B39F75D980BB6F57572EE04DB699DB97B24CCC55E9C983D467CE6165EC3CBF0FD62FBFD3774CF7B9E3EEFE37BA3B4260EBF04D52ABC642FB4FBCC4152911F31AA74F3145E215DF709A1050CD962DF09A0B3A8EED16FB89E7FE19A2E33F7BBDF7E8B370E775EF718F3F71F6108FF1F0B84F3567E1FF30B772DBAFBFCF41C42FF25C7F37DF8F4006BF43090E8E7258438A705BA438C68F40DCF7A0CAF1BEA64A9652E354CDC09569EC9677E74AF4E19323C5D404422870E78FB9D9C2534C8D302EAB577A779C3C7FDC4DAD733088F3FC6F6A38435A8E9E3E001B57BD4D51B04E476D0400C759AC77CF4DF77919458CC71010A94886F7C420ACD9E7074EC277B67F91832ABF0713E74FC7F63AF6DF7F6BC9C25FBDF6531815532FE03599A6E12A25A863E0046C750CA03F8C67C6850DC2E73351DD4ADDB9B2369226A0C026BDCCBA0A644DC04D9A6085DC7FE2D72547619B19912E1BABB841953B7C6ABF038FCF6DF35CC0FD9DFE5E22677BBBC08C186E79AD7B0F7C77C757E06F1FFD2C3CF8C34FC1890B87C43ED90BC4C97E4AA84DF659DD3D6F40246ABAC58C3AE7EAA3265CC5E2AC3F48E64B275E92CF6A56464A58ACC42D1BFE736C94F79F1C0FB6D399B8A78AB61BC34574E2A4CA15AE44E9889A49737EF0E6F852B67EAE022AE764EC7062D653E7FAE0D2D00598D7EC650C7B872EBA0AC153F90CB01BAFBEDDAF58D2653394F43A7562434CE57FF3D13F87C3270FB8B3489B11D355443CE9A193BF71DBBE226C9F4C80A82EA5F3A713E72EC9B751FF3C29387ECE763A21DF112FF263FF7134EE32E44006601BEE06580C167C24968165863D2E6C6809D3F6DC49275B8967C34E98D83460C9231974F4939FF89826AC6A800BCCBC2CFBFEF902F6CB8EDFBCA90846D306F4F619EC9C36BC7AE405F857B7FC5E89821922E6DA7F7C3724138D5CF9D0BDEC4FF5782EA0DAB685BD355875C40CE189F38E6A819833C84DAE48D109CC19E9F673241EC4AA5F62C811EB024209D47E2B06699A817AE240379781F477A938646CE7C6C2F3BDECF8045B7B7B240FEF89E627E446CAE5DC68013EB2F41CFCE0EC127E373128FE85DCD5C8B2628BA32DA1741ABA2A4A9A748F95B82C9B599982C4A552CC151B30788545D579E1E0D3DC6D4C6546E0D2C0050E8ACCF261BD1F6080EDD8FD7FDD395042158988519B3671665556140988D7C40144D56D7F55273ED8648696BA6EB53FCBE8A817C2B8BB10837B0448D7446DF85A7306F61522CCDD7464720EBB8EDBA2C531B39161B0C9EDB7B70DF1BD8F30E88AC522F68EC6F68E9C021C08E8F828020D5D15264D5457B2927369206CBD7D11C7B114CA71A6B7134EF59C10F398509FFBE72A0D0DCE9909FE8CA274810D679A3D23381B81ECA2464AAAB8A7704A8CE9CDFDA5D67FAF17B6376318859D8538BC8DA957BDD85DCFAEEBF6B8C5F659E18085C116BADFBBC2DB1874680F9FE14D274D02B8E09910405B4357054993A09CF940A3B422F3B38DA488804DE9DE247B7530B5C2A405AA5B24E2242A4C911031E57EE6469A227633DC4EC0FEA49D543BC3F07AE53BC783AFFFA21928F25C226C148913F53A65A2C76B47940DDB59B6E19F73758154BE02CF65C226B7DFD63A041F5972165FB5B1D2C24A23F2CD4A5CC4753A915235C005E09353B381FA30C0CBF0294798B25DEAF56093804810B0D2474C842D0095417C50BADB83EEA4FA258B2CA30F2605281F480A4C6A06D59778578E0579BCDB96E85CFFCB76145E2C444B618332E095858D84C226EDF6D661F840FAF1FFCA56B117F55C05BC042B31E145B9D0CD76F0AAA6F3B23BE98FBA6F8AE7C6C955FBFACDD02607379D6F2A0DCF41D0C28A54310E10558A5420E282A42A930A985B8240C118C5754D15D51437821FE4E3F08B5C64022EE458B04159D8E47A9B3D70D707533FFA56ABD5BF1C4344569A455C975032986EE3F86C866EE602575242E6439C0271B91C8173172263CCC7AFBA81E5802A2D8494512B57A16809483041A0C63A8080FFBC3E179529F3A3C538FC7D1A3397632547A60E9B5C8D43AEFD5D9927FF92417795703111BA0691C18C69E8AA4CE1D447DC4E3569824F98E9E9354360739026C42B9302AA8CDB3721A0BC0C4979A0C67CAFF71940BC78CE8B41091C642273FF681D6CCF9AD06B8F91899C126C9ECB594773EDEF49EF7C685DFE8D1B95B82EA9401799EDD0CDE476389FBFA766E1A60ADC25061BBA93B29AF85DCA717A259129EDF2FCD532E726E3C5A213EDA128B39A3239EAB6051AFC065260EB3B2D023BF2362C011BAE366D4810509E6F0070380FD05D00F81043E4CEBA89C2E6DF1E85E2BC5BB27BBECC5E7EE1706CDD3E701B427CFD2D2D51E86CCB6056C7C33CDC7910E918B7DDB16D78D8844CC6E471557885A5E3D5E72901E5BCB7024095FBD8C0B7E134FF898670190FDAB834B8F2D94CF92ED8069CC3C1A316559EA7E08CC8A04C87BE9FC526121BEE884D0E36679DA92AD80DB7655FFEC6C2E2C56FEDAADFFCB8804DF501F2E25DF66C83AE6ADAE14A9328134F9AE47892C41813AACB53290A53A7753CD59AF8F94ADAF104784E3C4A396CFE095D4BFBAC52F1BC851F146DC8120B7E3B4227059BBA6365B1EB53F5A399054F34BCEBFBC2A5C4040A8EC84D87281D3F53AD835735C373D2E90C3437374F3A698271DBC51E73FC01AB57C2EDBB4CA026F25184288DE2E2D903D47440C2640A6FCC07EA7BCA8FEF26479D0792D8CCFD7CD432E04CC1822D116BD2B049632AF7FB1F18D9BAE0F1C6FBFE5AD43753C91DE415F026E7B268E0A657E132994C89DA4DC406074DB08AE4CD71FBA600D478BB27321CD0778CF8B38920918821435E87029F43EAAA1EAAA161D9F01BF6DD658A001F312D16F38D075BF09959CEF6566B70F307877ED4FE44F2DEFB07CC36E95E52E54F25023ABBD695AE6A467C97340B4CC89564B1DB8831A96C5FF8CE71A02A93B52453CC5A1252BE4C043675580E00F15D9333BC07DCB63A99C9344503BFDABB26CA96D12881438609DF2C46C29B16C260A3CA76B1394EF3EDEF4A3DFDD5ABF2A7D681D76C30EBDAEAAA673C5C10B6093C2AA9B7373231A0C814812A03152153076A3CA826FBDEF0E3826D8CA2C9C3ED6503BCA3B6031E2B51032EB0E5E78B269CB2E8F8B0853537E0E8459A6BFFADF4B30FADCBB9CD062A74B3A2D9A06A26110AB6C98DA772D84F121FD53B1D40C10C02CA97CA20E54AE03C10D25BC59D114DF427152A689A123A138AAC7C2D45E195C1FA49C326CDA476C32DE9BD5FBE31B30FA7449B13025D4D2B5DF5F434A130E19E26F870459CDFBF3ADCBE8903351E54130E2DCB7C76C9C872C3713723DCB564256640B1C1866F772E80E7FB1A02B091716193DBB1D96063E6E057EE4E3DF7AFC1DF07533692FB5CCC5A82AEBA6238E5B71C2B67323C6C806591AA71FB260AD444A11ABF670B947482264A2F1522C153FA66E26809042F56E700F9BFBBE7C077BBDA4A3394E3C0A61EBF2ADFFDC7EF1DDAF9276C759EA2760D01E86A6AB441F58C87F3646ECC2C25AA1BCE1F59364338896C5FE5DF4BA152938E9109EE2453B8FEE07E3EE05500698AD9C130C67BBE2F093D5903EEBF6620CD54AB7E32B0C9EDF38A7DEFFEC0D0F6E4AE863BBE33106993D94BE952E6C4B228DCCBAACF60564DD2A4B4D13B1CB89111675E7C63C6C5519374FBC651DF720A4542FA804EFD6F2760B3BA5EB03390B74761742407F981B80B2196C32375F052DD5BFF220FD1DEB16123E14AC8CED1521CBAFBDEE19F3FD85A1C901D9F9B024A175105BA9AD5AE0A93264A3C17025D6AD4A88E38EA72DCBE8A01E5150A1658340FD9620A52A9340CF7E5A1BFCB84A1A34D307C60190CBF740DA40FAE82FCF176DF639FB11C895FFDEA8EE4BBEFCF90BA53E5618350D8E43DB58EE6DB997BF9BDF599376E12EE6530A6AB890C66154D041BE88A44C360233C769B0D6EDF545D5E9C29D9A245B0EC02D89441966A002BCDEA733E0134D30034CD3CC3A21172A3B3DDE0594E3D2FA1039CD8CC6C214F24EF7D6073FAB98FCEB1066E9F0C6C72BB09B4E1A6D157BFCACEFEB93712D7EC83F20D3755DB07B33A460B805FD528D0D066389C796BFC8A5ADB40A98650215C1CAC4C0C683ECAA0AA079265C291651E5BDE996392A8CD2DCAF3BFC7EABF2AFB688AD77DF8710CBADCB6C6F77DE33D233B47E6177BEF9D0C6CD2308379EBE89E87E6172E7DFBD9A63BB7079227D8DDA820623A1BAAB02B5875755E1E631221EC3399CB19EE6F50C1470F4C09AA2B999441A0B014ED3C50A6F0349B0048370229D43925DD0AA6FBF00DF03D9FBB5C3B278CB31DFCBF817C441076CF2AFEB4F1DD7F7FE7E80B27D7E44EFCD16460536D65BEFB93748418CF35DEB11DFC333ACB6F8743576D53F1550570CE9D34F0A3077E299CA384105A59A866804A050DA1B268813FA3CDC836835D8882914B82996F8258BE9155F9880F26D95939E892076F5CBE4E051032F6D05BEF66BB3AD896FDEC77D91F4F24F0F13F59C5D5C3623DDF70FB76A69C7475BEF363E00E38201398EAC1B355B9AE4FE057C5A0DB065E07672F98169F594DD055C57838B5915B4D9A442936DFF4F0ED990CA909A0E47B8B32C6B28B3CBE22C538180CA84801C16A02C34AB840959DFF256CC6B390D983822EA3F2DE5DAC74B3759CDBBDE3C73FFEE1B3F23D226921E32B53014142673F97BC633B4D11824A47C79888681CE8F029969441F71884CDBC214AB5C4733318381A4C9994DC95A346822FF379701ABA67B0DB57EEBD967407AD3C9F83DC28242192672EA0550F31AB81C135373481A1DE783C050BAA19945532B5343636A217D13DD0DFFF30828590FDE091EFEF1FEB6FC0CA2DDBC5C03FBCC65697CF276FDF81CBD5B9CE8F4D06B4A0D2E54974E4A5E45B9F0A421D004F0377193993C190AC899234F1BEDF74DA28DBD03D13A092564077502857B43087AB56D46A66A515A2C566207674EC8445A882A9E3DA68A89AA9F0CD9D3B17E6CD9B0B4D4D4DB074E952B63E0FEAEAF87C0AEDAC6C0667C6EBEE471EFEC771FFC610E87CAE9E581A0CBAED78190CBA8F4FF5FB5C9B3DFEC941B3B9E770E29ABD227EB394620BD59DF1AEE58C7EA6D7673FF70597AA152B56407B7B3BABAC5E7CF27AEF53409AF7424F4F040A45F2A603E5C65922C6C20C2129C6206A374384811567609976126276AB930D948A33C6BA8428DC750C533E673D1A8D31B8E6C0E2C58BB982216408D7040D6F765B5979E09AABD79E1CEF60A54D4CCE5D1211D9457441B0111BDBD4DAEE1A79FE7DAB72DD7F3CD5EF3C4BE2277FD6FC8ECF0D465ABB44667450246CF202420DDCE5D8FD9FFD7C2870729AF1D7FB9E04ABE115B8D813BDA240C96F0EAF05632C4C6410DB146035411D9D03119A8484BD70828AE525256C5F82C2CB2ADA63C0D7D6D6C6A04AC29C396DB068910358535363A57E068CE3B68C075E087418D761EF7F9C89191BB09B0574F75D0E74E7A20B1F7BAAF91DDF13C17BAF800E933605A9B03319BAEA984448C670EE6399BC001F67E19A0A581301CAE70EB218CB4962142041178061D731B092D0008B214EDBC0A0B15070265A42B281A1AEA365D910894420CEDCC0782C06C96412E632F55AB870012C5EB4683ABE7AEE661E3E72F421A1784363B8976A1C0742797CDFE4738D776E75E2B2A941B7A0D0732F5BFC1326A6C199525DED8132E3E3B8190DDC987D2945E6722C579290C96B3B6F2C16EE60842620465BA10EDAA08DCC653E5223F391E63A2A4B9C9B80A33CF2196DCA8886607ABDDC7AC86CD2B82C160B5CC91209760DF13898A6090DF5F5509748F8BE0FFCFCC1C12118181884CE135DB0FEDA75D0D6DA3A1D3FC7A759B98F81771F836EFF24A1830074DB28107375AE6BD2311D7692BE2E7D70E381FA0D031032525C0357A94C65A0E3B2FC97CF8FD1BB64BC2E4E769127320C1A810499C3FC9F16A837E6418C3441A3B9B4BCFB0765D2EE5358E7B14926C3FF86BABA0453AE38C4E3751C342CF2F1CACA13477D9F2DFB35E2EB6C2E07AFBCB20FD6AF5F074B164F8BDA6162A58341872EE6231384AE18F6CB3CDF78C7F63C89A7AFCE1EFD381F693009EB8E2F3F2F405361D3C0552053E9478F82DBAD4B26E18A1619F7AB2E0A7710DBB61ACD25EC8FAE873883AA397A15070CDD415969EDF1BA364DA2047B6658C522E40B79B6B4789C85CA158B46E1AAE5CBA1A1A1C1F75EF53A3CC526A1EBCE53553DF08E1E390AF3999B198D46A7EBA7799841D7CDA07B768AD0F1B6BB979337FF7C20D2DC7B6B6ACFE7270ADDA5C89C3DC36653BAF48E5C1D56352EA5FB3CB6405CA30A196F2C16EE609434B09284A6C85248C617409DD10C0DE68232FD03C3BB8C8DE7D296030B0BAA568E290EC65BB1B8136B251B5861A02558FC256F1C6160850125B7955B57C12B5A168C8CA4A0ADAD753A7F9EAD0CBAF649C47445F0B7A1E17AF168DDDA3D06A55FB83EBDFF937534B77CCC1B2718993D0D373E29922439A579A06AFA55CE78E0D4CAE46B83934993420E1A22F32161CE8144B4051A230BA135D65EA2164137B06C5C0863F5D22805D1B28A904933B8F279A8638A55C75DC2182C5BB694A958138FBDFC508348F73B75110772DAB61D0A57F03B9888CAE1D262C08D8E4E3B702D22AEFB52B903CAC474AACA71F80E27AEDE7B213AFF73F70CEFFA74939DBAA91C6CCF37DEFEBF2E46179C046F3259095DD50037A3FDDECFFCD9FDEE97884D02CBDBDB95B6AAC9B44F851715C489B892A85805065684B96AE80AD6D727A0B5B5558065B82EB0DA30EFBEDFA68A3B4C7D7F87FA3704AF437D2DD7C3B6A9EBDD5D9DF0CE77BE8341BF6CBA7F22742B578C77D0184D06D8E28E034D1B05C0AD37A7F6BE7D6DEED88762B43857BE69C06C39B43B79CBE302B63ED11CD08FBB44B65282874D02542B5C25B294107401C3BB364D2AC61A43C18A85020C8F8C401453F04CB9EAEBEB61D1C285D0D8D40811D32C4D8352EACE7AEC4C31EEEF608D3361C96BB7D5342A554F434B1EE618A674612AE764368B70E6F469181E1EE6D77C05AC7D22078D93BD94DBD0352CEC49DEF4142B2FAEC91E5F1BB773CD7D91B6C1F3B1459784A2215CD8EE3624542EA870BA59A05259CA42A1386ED7A689C65C6A41F72F1E8B437373138FB3B09B13361AFFF4A73BD9F628AC5F7F2DC4D81294071FBACFDE561C044AA897D9716619E7331CBB6E306EB0E56D5E4C3ACCDC49543977C239EAB5290663B52078EA7E742107FAFBA1B7F71257E11B6EB81EE6CF9F3FA37EC931A05363BC8228A96375AB07850A1A627F46409712E0055D4A9D34A9649632C5D4267C9CD6C463AE7A4CB5333710979815C4128D4614C5F02AFCA64D9B60DBB66D5C2DD6AC590B8B972C164F1B25EE238AFD02E750E641A680254D541D83FDB3451D511F9355BA0E651324B8C4E9DF53A9140C0D0EF01B12BA94B7DC720B2B375F91DFA7B7B7B712D0A90A6709E046C1DFA86D0B38B3A264046C0555DDF468810AB9946E5B14D0D027A1060B4EED96483440B2A19EA9538CB767A14B28CF25EB3219A3657CE9D22570CF3DF7C0EEDD2FC1EBAFBF0E9D9D9DB060C102A61CF37807E092605840E85C03F1544D6456B9C051A184C2ED74DFA7AC53DFBABF4900950C152C9BCD423A9D863C8B27D1F5455BB366355C7FFD26DEDC70A5ACBBBBBB124A275D414BA8555E00271FFC21EF42C5800A5AD596A19CF14993FFF2A77FD625E384E69666D8B8715349BF42042A623A7116AA17660A3115EF298137C77E1870EEACC38AC2A92A820AF2EAABFB18705DFCBC262BB8C4DE1CC9C62457C938CF4ED681892EA29066AA74F1F2254EF8365B5957131FB69B40C16D0818C665050615C2C50163AF7961DBB0B901E3CAB56BD77077F84A1A82FFC31FFE982DB39BFEF6A1BFD93F95730492296A42C500FF33E5D4E6042BD0B4505523BE677CEB3C836E23AB805B5A5B5BB76CB8EEBA0EE60EB6D437D46FC264464274732A551B5231E0E47B11BC3367CE4057F7491861EE6D4480172C98B9C406676C0E70B645F9C4A984CF64ECCCE948D8D2906E22B69B09886CCB76012B140BDC4D745F8BD2DCD4042DAD2DB090A92DC69DC1E4D295B21D3B76C2D9B367F0B33733E09E9DEA7902D0A9994CF575D8A053A836D8AA02B8A03DFD8B67BEB860FEFC07C6FCA3A60138F55C58F1317E191E1E81FE8141DE549067DB54F0103ABE94DBA2DE7A54BCC68EC8782E0F2A0F2E0E288316D513CFD5DCD4C8554C8E7B5341BBD2C03DFBEC7370E4C851DEC9E072811B03BC71B369D538216CA4DA2E187B5034616F8D32EA76250CDD581C67B6640929713FD10D348801236CDD104A864B621A7C3BDF6610D1E0ED345263FD31995B8C6EA4841520BC21FECD3474695F7AE9653876ECD8B46431057874A2C756A345AAF1A22FF5F6F1CEB9A669CEA8EBC23169B2A9A0A5A5D98305BC871F0655A934C33A33BFF3FEFE7EF8F5AF5F60CADE37AD9FA31F393C030DEFB47D7DFD3C63A86DFAEDC0810370E8D01B9820D15FC62C048ECF75822E1B76D265F11CEF56A5ADF28649A2BD7B5F65AEF2088F37B5CD4EE03AE40AB6479D3D778ECFD7917026C2D15601C3F6B523478E713752ED58AD6D96BA94AA6186EFC2858BD0984CF2B809930EDAA6E0A6170A70EAE429387AEC1853B4516544C3D8DE462532941AB82AB4D4680A46474779EA1CC19BC6C1973565172E5C8053A7CEC039E629A09A4D4ED1C843FA1B9CA5C079E08DC2683ACDE7FFC046E864B241FFCA8A611B5F7FFF005CBCD803E7196C98809AA2DBD84D88066E3600D73D9183D2990C64B2193EC10E8297483800CE46C30453EFA55EE863A0C9B88C77279B7A7C36C860BBEF6FBEF1B5218DD0E48C54E345FFE4F1EDBF623FF8667F8F10315C46E93D22B7B93D4688336200FB3DE2C86C6CC09E4A4F93D2FD816B002819A9EEAC4FA61DAEDC0874675FF01C6A4C8B0A3F34342C66F31A70FB6A6223BBECA7298173FB728A6DB6D8A6BEE6132E59B6ECEB39C8B66DFEEBAF3FB85FE3337B5CCA07C099A074D296C9667991436D24784E89F265B5582693855C3E07E97486C5AF691EC362E6D65660A9B06186788B866D96291CDA635B77FC898C2126A3703E4502EF38F77DEC1F82875DAF5009711F4E5B8786DBB177CB955238EC918F6D8D857CC11D29C021C3213AAC84A956B972B90AC794ED21B6FEC0835FFDB27623672370688F6FFBE91751ED2A0D9CFB5E754A0331E25B9E0B3B15CBFD0821C228DF2FDD4FF7EB0D3EA949998B0541421024141CB2A2C53B06F3BE96D841982F3D48AC31209A06E07631E01EF8F2FFF8924EFFCF76E0D0B66EDFF97EB6789855F0962B095C582CE7DB06507A2D621FAFC89657D94B0B9D09C075A3A27DE981CF3FA231D1C0F96CDB8E9D389FE143AC5ADFA781BB6CE076B16D0F7DE1BFDFBF4DE3A1811BD3B6EF78E26E56AB1F90194C0DDC84811B64EB0F23689FFDF3CF9CD45868E026653B763E7937ABDC5B58FDDEA2812B7B2C42B6955DC3D6CFFCE9A7B59A69E02EDF9EF8D9D338286D8B031FD9A481B33AD872177BBDF5D39FFA844E8268E0A6CF9E7CEA17CBD95F8BAEE67DEC252E5B6601701D5810322C1FFFA3FFA0DD450DDC9B634FFFE299BB19069B9C780F98FA91F62A07AE5B02E6A4F269C7BFDFF261DD66A6819B99F6CCAEE7D0FDDCC4D040F563F0413B7743015A661870BBD8FAA050AE6E065CF7BFFBB7BFA7DD430D5CEDD8F32FECDEC8C1030E61BB8008D5B145018EBF9E0270DDA248E0D83AED16C07533E0BA197083EFBAF71DBA3B95366DDAB469D3A64D9B366DDAB469D3A64D9B366DDAB469D3A64D9B366DDAB469D3A64D9B366DDAB469D3A64D9B366DDAB469D3A64D9B366DDAB469D3A64D9B366DDAB469D3A64D9B366DDAB469D3A64DDB9B65FF5F800100EE63DDCAC18541A50000000049454E44AE426082, 'application/pdf', 'PENDING', '2015-10-30', 'azizah', '2015-11-03', 'lcu1');
INSERT INTO `internship_registration` VALUES ('f8c44fda-7ecc-11e5-aa82-28d244bd1b19', 'cd9b386f-7ec7-11e5-aa82-28d244bd1b19', '0cb8faf3-3ff8-11e5-a15a-00ff7f4e65c4', '61ddb5a0-7d01-11e5-8cd3-28d244bd1b19', 'eb0cb712-7db4-11e5-8cd3-28d244bd1b19', '0', '6a182eca-7db6-11e5-8cd3-28d244bd1b19', '2015-11-30', '2015-12-07', 0x89504E470D0A1A0A0000000D49484452000000DC000000A0080600000067BA023B0000001974455874536F6674776172650041646F626520496D616765526561647971C9653C00002C024944415478DAEC9D099C1C577DE7FFAFAA8FE9999E53F7658D4E5B32B2E413E353C18135E132C9EE66F301823ECB7E36B004C26E966C0C0B982C04074270201BB22C1B6C3E0B641363EB40C63660641B5B3692AD9164D93A6746B7349A7B7AFAAE7AFBFEAFDEAB7A555D3D977AE4E99EF7D7E7A9AAABAAAB6BBADFB77EFFFFFF1D05A04D9B366DDAB469D3A64D9B366DDAB469D3A64D9B366DDAB469D3A64D9B366DDAB469D3A64D9B366DDAB469D3A64D9B366DDAB469D3A64D9B366DDAB469D3A64D9B366DDAB4F9EC995DCFDDFDCB6776DDADBF096DB56464A65ED8B6ED3BF745A3914D91481428FEB329D8B60D3665C5A61DD4B6076D2AB639659052DA81EB54D9CED677856CEBF8D87FFCE890FEF9B569E0843DFAD8B65FB1C5665C374D8303679A26430F383C9E3118D94BCBB29C57D4E6AFF118A7D890CDE67CC0A9002ADB39B094432DF639EBBBE43665D9C1968394BFDF669FCDCF33F8570F7E65BFAE52DAAA12B87FF9C9561738F76209610597865817AF816F04C310DB8078FB8DC06BE5FD08552E9775BE06A27C216C9F552C422A95E280138E35A7992F0BF9020C0D0DB970DB023CA6BCEC7C39E8EFEF57B7ED0AF9F33A58190C6C1B14DB7DF6ED6F7DF3595D4D3570D36EFFFCE8E33EE00CC3E0B08080C7504002E2016528EB0E87B8CD70618390E3E4394AB6B99F2B4156DE6F78C7382A4915550D2F232323901A1D75C0A5D45362F66F946D4F8FA6F93A504FC57199CE6420934EBBDF8D19313BD84D63104F303838088542A12CB0CC428167206B975A03E7D9FFFB97C75CE09C0A6EF860082FC0E192A079A008A5237E0574A11130A99FE329AA032294F93C0913022741B2CB006753E5181FA0B60BA0EDAE3B71AB04321C68CF7D46459580CAD7087191C1488532ABEF45808BE8868B7DA661749B914837BEE6EF630A8FDBE3B1D82EF97EB401A6DE0185EE66F09ED4284DCC22D57199B4A4B28F14CEC3F1D413585140481FC4E83C881AF59E9281544480D6C4528899F50A70E0C236A77E19C4230D2E682A6C2414365060E375D6ADB8C18AAD16086E93FFC439BCE39C13A9FB950F52CEA1BC27F0B968F5F5F5A5D08BB835994CBAEBA2B48B02C9C64675FB66F5FD2D2D2DC1BFE901F6515FD228D514702410C3B138CACE42A4FE223424A27CBF53C77ADD4A2F6FC93206EBCEBEE86D10F5575AE66201A89F6FFE1A55654EFD6A9F2320D750ADE635AC712B3D807FB9A8F16AE75A64A5161F1A3512D052B74480540A1FF8123EE0733B3DEE2454E3BBB125D0CB3F31B0AD1CB8133D9FB62A072EF863BA6E9EE3FC4DF25CEC6E1F8FBA50110EA877FEFABA98784DDCE3A9FBDE0B02682AB556DCD909F4642F7A8007403D9D7AD6F7F932F552B46CB06CCB0FBD789F4162D0185DE8AA9B7A8C01516888CCF7F6294B93C4A131B2B01460B6AC23CD10234DE3C23711103D95F5D6357235081C094984F0753A39E8405127EFDC95BF768CF9EA6231576955E06291C035F1FDC4FD538AB49F1F4A1579A66243CEBAE4C2A92A78D12AC0B91C0DF93B11FE82076F40C523A41E629054CE47DDF747A00E11770E2502708342B3B5062234A978121AB99A5538B709408272D9BF35360DC0B4C277457E4423EA131E1538203145AD49C90D284F33CA7E0FC61C64D972D077D3B0491E12B0104CDAE08B49B5D51070081AAEABED6D8E7B59393AA8AC8C36784D7244578EB2AE829A00D2DF486D254DF047757A9104B385D3910B95F114E1297999A0D116B839C9D82EC413D156E5C079CE1F04609B7E12A84D1CD123D5ED724EC74DD0854D03579B311CB8311CB8ED6857CA782C44F133E9AC87CE17BBE918AEB6932600FEDE2257DA6C11E7495793CC4EE2FC8DF89AA1DA4B9A00803F6EAB6CCE64CAE019E4CDBF962B6D16C9EB18EE32CCA88A7841C952BAEA36037C3B9B0F0BC2586F76541642E39023FDFE9E351AB85A4D9A041ABF67D25D9F414750F18CD9A0763A869B35319CAFA7C90CABD978B9C5A2039D61D4306EB4B469405B0D0227633715BC9968D84D128B19A95DB5A36AC2442B5C6DC470C14EB4BEB16C30F314CE7FED04704CA8E8A35C630E252DE96DA2AD4680F3AD13D5B5AC06F520CCC524DCCDACBD104E0FD1A9399732089D3AED4135F5B9B2B1B70AFB3B2266ADF454A13A86AB45852BD10B7572A02A0B8F5C17D3AE05DCC03F164E2B5C6D285C499612887F22A02ACC4814988B699A144CA3BA89F34D19A119AA51E0DC5E1DDE3C23D5685691D166DA0CBC2A762995F95BB4C2D5884B591A8CFBFB51B62596423A5BA8CA2FBD68196059D579C370A79FD059CA9A8BE1BAD54C989B2F11E0C523F555FDC56306D3AAD666037F9672B3C6A8365CCAEEA04FA9CEDA456A20E5874A879577A6F44C71A769B0A174DA85A04BA9CC1CA6AD06800B9AD79DCB3F3372B55B81B99611B872D061A6D4999E5D6DBF269382D2038DEA10AE669326307D532BBCF94A47C0A4B4A28914040A5D566C07B4ECC9833556D2040293D76AAB21E0BCF1709E2B496A70B2118CE9A63AA29C8A614208AE55040ED874B654520ABAA749ADBA94257D29956701D49A61E37834EABF9778131BC9F420714726C8AE63A8625736CED35DBB6ADEA554658E4085932634E4B37DD32913A5E2079681F92085C3E54DFE4AC3C1715E13F146E2BA6912BAE07B10AC4281F0A236291032765398FC9A26CAC544BED6E074EBDA6A3669E29FBDAB72AE913237A50F28EA0204EE316A1DF3A64687C079A842A6D0681FACEA7BD4E403C65E081DF64841B8F279560A24000C0D05495D9F2C68A5E7206520F483A605AE569326214FB1B97C61F31E90A12A9B276EC4EBA86BD3900AA93E3D2700B07A1E0E1BF5C14CED1075A48E8B58283A230D5417CE9F4072C4D19B2EB0345BC8075828FBCBC1110433F8B53A0A4A7C6A1AF6E41E6D35045C306EAB94BAF1CA6F7B80C8CEC53ED500A93CD4E742962AA50391AD3EC24A3D0B21FE63958270A19A15D5DE2794FA9450A58D005196D477BC1F4C757F105C12F0A603CF1F08E4A53CF0F413746ADEA5E43D4D02AE64A5A08B479330BF6995DB2E35903A0F83A98BA23E523E0BF3F279D741FBFC8D62FF05D877E269C741140F1459D0BA0AD62E791BDF7FBEEF047BBD526C5FC9CFF5B3BDDFF5250DAF5E722BDC7AF57B1DD82C80BFDBFA790E06CF52B27F8BE6B4C3FB6EDDC2CF71A6AF8B2F17B36D68995C0A1EF9F9D7C50326D9F10C8285AD57C1EFDCFC872E303FF9F577D8E7F68AAC273E58A41E7EFFAE4FBB503EF28BBF8404B16199E17575396D9B90A6AA1B493D371EFF33C293263A86AB5197121FAB1B8FC72B1FBF31E5FAF06F3DE46E7FFDD4F3F0A35F7DCE851AABE85BD7FE2EAC5B76077F4F263F027B8F3C29DC5B27E1B176F1DB60F3860FF1FDBFDCF70306E80658B968A3FB37EC78E91FDCEBCEB1986C71EB5BA07DC106F71A16B62E8773BD5D1C22ACC02B175E0BAB165DCBABF2E94B9DD037DC03776E78B7AB76EB96DD04874EEE11E7A4EC5CEB61C5C2F5EEF776F5921BE1C5D77FE6EEBF6AEE35EC86718DF8FBF6826551FE249CCDD12C6C8A78FD5111B8A356043A0A51D85D8C39D019844F07887F2A31FC8F57D60DDF93B7AA9862014B3E5FA898C2F91EC6C814A3FBE23EF7F5FAABEE8462C106AB88994167D9D2B0D0DD9F8831456C5EC9B63BFBB0F22E9F7F9DBBFFF8D90E78ADFB05DFE7AD5D7C2BA44629F4F503A4460016B5AEF0ED7FCBF25B9CE7C6E139D9F95632D8A41D3D7D10F61FDBED3BFEDAE537B3E36CB7AC58B8CEE7FBDDB8FA6E762E4B9CCF866B96DEE8BA909DE75FE7C0A498B87D27D3C08B54B67A46D526B3005BEAD2F095FA61D840F2EE393864360D3C0C52377CD70C70E5827B98862C65D745FFB3E8AF9ABF89C35614D02D6A5BEDDB8F2E66A1603BC714B0C26F742BF4B1D3FBE0E0F1E77DC7AF59741B8C8E507E6C9181B066E906DFFEEB56BD15AC820084ED5FBD5801EEE401E81DBC08677A3A3D4057DCE21E6BB173AE5200455B3CB71D9AEAE6BAFB55200F75EFF19ECACA4A47310A9F4D35C291A2E90BE0E632F83E91C8C047626976DD9673F3B1E4238B6DDF33C7BFFD3FFF4193544B0AE7A6002A9CA594D0BD71F239DFB6950B1970AC7261A5C6D82D682B166D1215DE86052D2BDDED677B8FF38AD83370014E5D3CEE29DC55D7818D959529C592392B4ACEB774FE2A3EFA01CFB7B8AD1D12F124DF8E90A5B3A3FC3B78E6D5ED9ECAC61BE02DED3783CD6E08CD0D73F9EBA0AD6FBF899FAFA97E0EB436CEE7DBFA477AA09FB9A75E4692B8AEE4D7530DF042CE797CB31A96DD1E2B32C5CB3AF0A2D259547936B8EDFE3E1ABA1A00AE5C3C5749E0F034E7FB8F33D772445190BB381C784757DD4969AB975CEFBA948EBA8150B70E48A5080C0E99F0CAE117DDED739B1730A856F0CABA74DE8AD0EBB86EF5AD60B18ABC7AC95B94F31D74B38D074FBCE43B7EC3CAB7F28ABF6AD17A77DBFEE3DE3137AF7B3B0704DD4F57DDBAF6B830C907A2F0188DC76904FE291387DE92717A04EE885BF0DE98EA5EDA2E6C94DAB36CB2F71A76297D2A47D4A9F22AE39E12E5F51BA73C3770C9DC354C711A3874AA3B99165026E28DB068CE6A0EC8E239ABBC0A7FEC00E4F2063FDFBEA3FE38EEF60DEFE4EA876A26EDA9971FF332974C0531465AB36C832F7E93179AC9A7E180021DBAA178BED54B3D401F7DE67B9E6A32B0EBA2F5B052714F3970E0EF976A08E8B06488013F1E8DF960934D17EF4F14A1D52E42DE1CE2C0B9711DF57D95DA6A2569E26B16A894C2116FDABDCE0BFB7CBB562DBE815728840FED74CF513876EA559FCAA1622D9EEB0179EAC2717754C369E60EF60E5EF001851575D97CC7053DC98E7DF5B007E5F56B6FE39F87C7F98023E028102B073B5F76F7D5D72539746B0470786CDFB03FD6DBB0EA167E0C4F0EE547E1F8B943DE34151C32A17084B89FB1AF18F1C1E6FD200E74A8FA089BA3705CE564A301D16E650D254D7CBD4C2A988491777A55E11C05B9CB016EDE5AFEBA6FE83C1C39ED01B772F1F5904D3731257180BCC4E0C2E4860AC83E25BBB87CE16A98D3B400D6B56F14709E80C3DDFB598C967201BA6DC36FF3A5037827737347390C4400F25AD76FF836696FBFE1FDD0C6DC5519EFA1BDF4DA2FDDFDBFBBF9A34AF6F490E24A068AE10187E554D128810D0D5DCB36705C4A59289DE6A1091AB83751E1E42F5B2185739F55C02A59AE300AE7FA8E7999C5A537406B7211D4C793AEC21D3DF58AA2583730F7D0AF6E1C36573D08741C7BD1F7791FBCF73FB9EB271970783C4227EDFD777DD853B7538EBAE12F64980C04D3806C310D07BB5E5692311B9478EF35FEF7F854505C3BDA6B9DBFF1E0F20D750A0C7D3202DF6B00BCEBD9B5D8B62580A352E14C0D5D8D0017F0FF7C4A57499712DDAB2EC5AD9CD3BC18AE5B7D9757A1993BD979F6388C669C38AE8129D1EFDCF66FDCFDAF77753835CEF01211C7CE1E74150C6D5DFB26B75EA2C2A1DABC7A5449AEB478099A23A70E786EB4AB3E0657B9B0BFFCD899D738EC032397E0CCA5AE92FDFC7DC44B9490925117DE599799341436B46B4C5351371EC3B92EA5762B6BC0A52C5138E5AE7CB92E2501FFA0D6D74FFADDCA7B6EFC0377BDF34C0F0C8F9870A8D36BB3BBF9DA3B030A474422C28183B0D2717CB72FEE72813AB99F43EE264602E6C46F0E684489B15E3BB9C7E7564AF733974F3B603205DAF3C6AF7CFBCF32007385B41BB311EFD9CD25446D8A586561E33785881D6C1698858FA5AC45E0823D7C8917785552E1247C38A708264ED4E60154393454B5F3BD171C28BBF6859EEA0DE61AAA8A2493112A70D2D08D94151FDBC64E5F3CE1DB7FA6E70464F3A33ED854A5DB73A41428C7ED74403FD4FD9B1275930AE99C2BD0534719E9803D4DCAC1C6B39F75D980BB6F57572EE04DB699DB97B24CCC55E9C983D467CE6165EC3CBF0FD62FBFD3774CF7B9E3EEFE37BA3B4260EBF04D52ABC642FB4FBCC4152911F31AA74F3145E215DF709A1050CD962DF09A0B3A8EED16FB89E7FE19A2E33F7BBDF7E8B370E775EF718F3F71F6108FF1F0B84F3567E1FF30B772DBAFBFCF41C42FF25C7F37DF8F4006BF43090E8E7258438A705BA438C68F40DCF7A0CAF1BEA64A9652E354CDC09569EC9677E74AF4E19323C5D404422870E78FB9D9C2534C8D302EAB577A779C3C7FDC4DAD733088F3FC6F6A38435A8E9E3E001B57BD4D51B04E476D0400C759AC77CF4DF77919458CC71010A94886F7C420ACD9E7074EC277B67F91832ABF0713E74FC7F63AF6DF7F6BC9C25FBDF6531815532FE03599A6E12A25A863E0046C750CA03F8C67C6850DC2E73351DD4ADDB9B2369226A0C026BDCCBA0A644DC04D9A6085DC7FE2D72547619B19912E1BABB841953B7C6ABF038FCF6DF35CC0FD9DFE5E22677BBBC08C186E79AD7B0F7C77C757E06F1FFD2C3CF8C34FC1890B87C43ED90BC4C97E4AA84DF659DD3D6F40246ABAC58C3AE7EAA3265CC5E2AC3F48E64B275E92CF6A56464A58ACC42D1BFE736C94F79F1C0FB6D399B8A78AB61BC34574E2A4CA15AE44E9889A49737EF0E6F852B67EAE022AE764EC7062D653E7FAE0D2D00598D7EC650C7B872EBA0AC153F90CB01BAFBEDDAF58D2653394F43A7562434CE57FF3D13F87C3270FB8B3489B11D355443CE9A193BF71DBBE226C9F4C80A82EA5F3A713E72EC9B751FF3C29387ECE763A21DF112FF263FF7134EE32E44006601BEE06580C167C24968165863D2E6C6809D3F6DC49275B8967C34E98D83460C9231974F4939FF89826AC6A800BCCBC2CFBFEF902F6CB8EDFBCA90846D306F4F619EC9C36BC7AE405F857B7FC5E89821922E6DA7F7C3724138D5CF9D0BDEC4FF5782EA0DAB685BD355875C40CE189F38E6A819833C84DAE48D109CC19E9F673241EC4AA5F62C811EB024209D47E2B06699A817AE240379781F477A938646CE7C6C2F3BDECF8045B7B7B240FEF89E627E446CAE5DC68013EB2F41CFCE0EC127E373128FE85DCD5C8B2628BA32DA1741ABA2A4A9A748F95B82C9B599982C4A552CC151B30788545D579E1E0D3DC6D4C6546E0D2C0050E8ACCF261BD1F6080EDD8FD7FDD395042158988519B3671665556140988D7C40144D56D7F55273ED8648696BA6EB53FCBE8A817C2B8BB10837B0448D7446DF85A7306F61522CCDD7464720EBB8EDBA2C531B39161B0C9EDB7B70DF1BD8F30E88AC522F68EC6F68E9C021C08E8F828020D5D15264D5457B2927369206CBD7D11C7B114CA71A6B7134EF59C10F398509FFBE72A0D0DCE9909FE8CA274810D679A3D23381B81ECA2464AAAB8A7704A8CE9CDFDA5D67FAF17B6376318859D8538BC8DA957BDD85DCFAEEBF6B8C5F659E18085C116BADFBBC2DB1874680F9FE14D274D02B8E09910405B4357054993A09CF940A3B422F3B38DA488804DE9DE247B7530B5C2A405AA5B24E2242A4C911031E57EE6469A227633DC4EC0FEA49D543BC3F07AE53BC783AFFFA21928F25C226C148913F53A65A2C76B47940DDB59B6E19F73758154BE02CF65C226B7DFD63A041F5972165FB5B1D2C24A23F2CD4A5CC4753A915235C005E09353B381FA30C0CBF0294798B25DEAF56093804810B0D2474C842D0095417C50BADB83EEA4FA258B2CA30F2605281F480A4C6A06D59778578E0579BCDB96E85CFFCB76145E2C444B618332E095858D84C226EDF6D661F840FAF1FFCA56B117F55C05BC042B31E145B9D0CD76F0AAA6F3B23BE98FBA6F8AE7C6C955FBFACDD02607379D6F2A0DCF41D0C28A54310E10558A5420E282A42A930A985B8240C118C5754D15D51437821FE4E3F08B5C64022EE458B04159D8E47A9B3D70D707533FFA56ABD5BF1C4344569A455C975032986EE3F86C866EE602575242E6439C0271B91C8173172263CCC7AFBA81E5802A2D8494512B57A16809483041A0C63A8080FFBC3E179529F3A3C538FC7D1A3397632547A60E9B5C8D43AEFD5D9927FF92417795703111BA0691C18C69E8AA4CE1D447DC4E3569824F98E9E9354360739026C42B9302AA8CDB3721A0BC0C4979A0C67CAFF71940BC78CE8B41091C642273FF681D6CCF9AD06B8F91899C126C9ECB594773EDEF49EF7C685DFE8D1B95B82EA9401799EDD0CDE476389FBFA766E1A60ADC25061BBA93B29AF85DCA717A259129EDF2FCD532E726E3C5A213EDA128B39A3239EAB6051AFC065260EB3B2D023BF2362C011BAE366D4810509E6F0070380FD05D00F81043E4CEBA89C2E6DF1E85E2BC5BB27BBECC5E7EE1706CDD3E701B427CFD2D2D51E86CCB6056C7C33CDC7910E918B7DDB16D78D8844CC6E471557885A5E3D5E72901E5BCB7024095FBD8C0B7E134FF898670190FDAB834B8F2D94CF92ED8069CC3C1A316559EA7E08CC8A04C87BE9FC526121BEE884D0E36679DA92AD80DB7655FFEC6C2E2C56FEDAADFFCB8804DF501F2E25DF66C83AE6ADAE14A9328134F9AE47892C41813AACB53290A53A7753CD59AF8F94ADAF104784E3C4A396CFE095D4BFBAC52F1BC851F146DC8120B7E3B4227059BBA6365B1EB53F5A399054F34BCEBFBC2A5C4040A8EC84D87281D3F53AD835735C373D2E90C3437374F3A698271DBC51E73FC01AB57C2EDBB4CA026F25184288DE2E2D903D47440C2640A6FCC07EA7BCA8FEF26479D0792D8CCFD7CD432E04CC1822D116BD2B049632AF7FB1F18D9BAE0F1C6FBFE5AD43753C91DE415F026E7B268E0A657E132994C89DA4DC406074DB08AE4CD71FBA600D478BB27321CD0778CF8B38920918821435E87029F43EAAA1EAAA161D9F01BF6DD658A001F312D16F38D075BF09959CEF6566B70F307877ED4FE44F2DEFB07CC36E95E52E54F25023ABBD695AE6A467C97340B4CC89564B1DB8831A96C5FF8CE71A02A93B52453CC5A1252BE4C043675580E00F15D9333BC07DCB63A99C9344503BFDABB26CA96D12881438609DF2C46C29B16C260A3CA76B1394EF3EDEF4A3DFDD5ABF2A7D681D76C30EBDAEAAA673C5C10B6093C2AA9B7373231A0C814812A03152153076A3CA826FBDEF0E3826D8CA2C9C3ED6503BCA3B6031E2B51032EB0E5E78B269CB2E8F8B0853537E0E8459A6BFFADF4B30FADCBB9CD062A74B3A2D9A06A26110AB6C98DA772D84F121FD53B1D40C10C02CA97CA20E54AE03C10D25BC59D114DF427152A689A123A138AAC7C2D45E195C1FA49C326CDA476C32DE9BD5FBE31B30FA7449B13025D4D2B5DF5F434A130E19E26F870459CDFBF3ADCBE8903351E54130E2DCB7C76C9C872C3713723DCB564256640B1C1866F772E80E7FB1A02B091716193DBB1D96063E6E057EE4E3DF7AFC1DF07533692FB5CCC5A82AEBA6238E5B71C2B67323C6C806591AA71FB260AD444A11ABF670B947482264A2F1522C153FA66E26809042F56E700F9BFBBE7C077BBDA4A3394E3C0A61EBF2ADFFDC7EF1DDAF9276C759EA2760D01E86A6AB441F58C87F3646ECC2C25AA1BCE1F59364338896C5FE5DF4BA152938E9109EE2453B8FEE07E3EE05500698AD9C130C67BBE2F093D5903EEBF6620CD54AB7E32B0C9EDF38A7DEFFEC0D0F6E4AE863BBE33106993D94BE952E6C4B228DCCBAACF60564DD2A4B4D13B1CB89111675E7C63C6C5519374FBC651DF720A4542FA804EFD6F2760B3BA5EB03390B74761742407F981B80B2196C32375F052DD5BFF220FD1DEB16123E14AC8CED1521CBAFBDEE19F3FD85A1C901D9F9B024A175105BA9AD5AE0A93264A3C17025D6AD4A88E38EA72DCBE8A01E5150A1658340FD9620A52A9340CF7E5A1BFCB84A1A34D307C60190CBF740DA40FAE82FCF176DF639FB11C895FFDEA8EE4BBEFCF90BA53E5618350D8E43DB58EE6DB997BF9BDF599376E12EE6530A6AB890C66154D041BE88A44C360233C769B0D6EDF545D5E9C29D9A245B0EC02D89441966A002BCDEA733E0134D30034CD3CC3A21172A3B3DDE0594E3D2FA1039CD8CC6C214F24EF7D6073FAB98FCEB1066E9F0C6C72BB09B4E1A6D157BFCACEFEB93712D7EC83F20D3755DB07B33A460B805FD528D0D066389C796BFC8A5ADB40A98650215C1CAC4C0C683ECAA0AA079265C291651E5BDE996392A8CD2DCAF3BFC7EABF2AFB688AD77DF8710CBADCB6C6F77DE33D233B47E6177BEF9D0C6CD2308379EBE89E87E6172E7DFBD9A63BB7079227D8DDA820623A1BAAB02B5875755E1E631221EC3399CB19EE6F50C1470F4C09AA2B999441A0B014ED3C50A6F0349B0048370229D43925DD0AA6FBF00DF03D9FBB5C3B278CB31DFCBF817C441076CF2AFEB4F1DD7F7FE7E80B27D7E44EFCD16460536D65BEFB93748418CF35DEB11DFC333ACB6F8743576D53F1550570CE9D34F0A3077E299CA384105A59A866804A050DA1B268813FA3CDC836835D8882914B82996F8258BE9155F9880F26D95939E892076F5CBE4E051032F6D05BEF66BB3AD896FDEC77D91F4F24F0F13F59C5D5C3623DDF70FB76A69C7475BEF363E00E38201398EAC1B355B9AE4FE057C5A0DB065E07672F98169F594DD055C57838B5915B4D9A442936DFF4F0ED990CA909A0E47B8B32C6B28B3CBE22C538180CA84801C16A02C34AB840959DFF256CC6B390D983822EA3F2DE5DAC74B3759CDBBDE3C73FFEE1B3F23D226921E32B53014142673F97BC633B4D11824A47C79888681CE8F029969441F71884CDBC214AB5C4733318381A4C9994DC95A346822FF379701ABA67B0DB57EEBD967407AD3C9F83DC28242192672EA0550F31AB81C135373481A1DE783C050BAA19945532B5343636A217D13DD0DFFF30828590FDE091EFEF1FEB6FC0CA2DDBC5C03FBCC65697CF276FDF81CBD5B9CE8F4D06B4A0D2E54974E4A5E45B9F0A421D004F0377193993C190AC899234F1BEDF74DA28DBD03D13A092564077502857B43087AB56D46A66A515A2C566207674EC8445A882A9E3DA68A89AA9F0CD9D3B17E6CD9B0B4D4D4DB074E952B63E0FEAEAF87C0AEDAC6C0667C6EBEE471EFEC771FFC610E87CAE9E581A0CBAED78190CBA8F4FF5FB5C9B3DFEC941B3B9E770E29ABD227EB394620BD59DF1AEE58C7EA6D7673FF70597AA152B56407B7B3BABAC5E7CF27AEF53409AF7424F4F040A45F2A603E5C65922C6C20C2129C6206A374384811567609976126276AB930D948A33C6BA8428DC750C533E673D1A8D31B8E6C0E2C58BB982216408D7040D6F765B5979E09AABD79E1CEF60A54D4CCE5D1211D9457441B0111BDBD4DAEE1A79FE7DAB72DD7F3CD5EF3C4BE2277FD6FC8ECF0D465ABB44667450246CF202420DDCE5D8FD9FFD7C2870729AF1D7FB9E04ABE115B8D813BDA240C96F0EAF05632C4C6410DB146035411D9D03119A8484BD70828AE525256C5F82C2CB2ADA63C0D7D6D6C6A04AC29C396DB068910358535363A57E068CE3B68C075E087418D761EF7F9C89191BB09B0574F75D0E74E7A20B1F7BAAF91DDF13C17BAF800E933605A9B03319BAEA984448C670EE6399BC001F67E19A0A581301CAE70EB218CB4962142041178061D731B092D0008B214EDBC0A0B15070265A42B281A1AEA365D910894420CEDCC0782C06C96412E632F55AB870012C5EB4683ABE7AEE661E3E72F421A1784363B8976A1C0742797CDFE4738D776E75E2B2A941B7A0D0732F5BFC1326A6C199525DED8132E3E3B8190DDC987D2945E6722C579290C96B3B6F2C16EE60842620465BA10EDAA08DCC653E5223F391E63A2A4B9C9B80A33CF2196DCA8886607ABDDC7AC86CD2B82C160B5CC91209760DF13898A6090DF5F5509748F8BE0FFCFCC1C12118181884CE135DB0FEDA75D0D6DA3A1D3FC7A759B98F81771F836EFF24A1830074DB28107375AE6BD2311D7692BE2E7D70E381FA0D031032525C0357A94C65A0E3B2FC97CF8FD1BB64BC2E4E769127320C1A810499C3FC9F16A837E6418C3441A3B9B4BCFB0765D2EE5358E7B14926C3FF86BABA0453AE38C4E3751C342CF2F1CACA13477D9F2DFB35E2EB6C2E07AFBCB20FD6AF5F074B164F8BDA6162A58341872EE6231384AE18F6CB3CDF78C7F63C89A7AFCE1EFD381F693009EB8E2F3F2F405361D3C0552053E9478F82DBAD4B26E18A1619F7AB2E0A7710DBB61ACD25EC8FAE873883AA397A15070CDD415969EDF1BA364DA2047B6658C522E40B79B6B4789C85CA158B46E1AAE5CBA1A1A1C1F75EF53A3CC526A1EBCE53553DF08E1E390AF3999B198D46A7EBA7799841D7CDA07B768AD0F1B6BB979337FF7C20D2DC7B6B6ACFE7270ADDA5C89C3DC36653BAF48E5C1D56352EA5FB3CB6405CA30A196F2C16EE609434B09284A6C85248C617409DD10C0DE68232FD03C3BB8C8DE7D296030B0BAA568E290EC65BB1B8136B251B5861A02558FC256F1C6160850125B7955B57C12B5A168C8CA4A0ADAD753A7F9EAD0CBAF649C47445F0B7A1E17AF168DDDA3D06A55FB83EBDFF937534B77CCC1B2718993D0D373E29922439A579A06AFA55CE78E0D4CAE46B83934993420E1A22F32161CE8144B4051A230BA135D65EA2164137B06C5C0863F5D22805D1B28A904933B8F279A8638A55C75DC2182C5BB694A958138FBDFC508348F73B75110772DAB61D0A57F03B9888CAE1D262C08D8E4E3B702D22AEFB52B903CAC474AACA71F80E27AEDE7B213AFF73F70CEFFA74939DBAA91C6CCF37DEFEBF2E46179C046F3259095DD50037A3FDDECFFCD9FDEE97884D02CBDBDB95B6AAC9B44F851715C489B892A85805065684B96AE80AD6D727A0B5B5558065B82EB0DA30EFBEDFA68A3B4C7D7F87FA3704AF437D2DD7C3B6A9EBDD5D9DF0CE77BE8341BF6CBA7F22742B578C77D0184D06D8E28E034D1B05C0AD37A7F6BE7D6DEED88762B43857BE69C06C39B43B79CBE302B63ED11CD08FBB44B65282874D02542B5C25B294107401C3BB364D2AC61A43C18A85020C8F8C401453F04CB9EAEBEB61D1C285D0D8D40811D32C4D8352EACE7AEC4C31EEEF608D3361C96BB7D5342A554F434B1EE618A674612AE764368B70E6F469181E1EE6D77C05AC7D22078D93BD94DBD0352CEC49DEF4142B2FAEC91E5F1BB773CD7D91B6C1F3B1459784A2215CD8EE3624542EA870BA59A05259CA42A1386ED7A689C65C6A41F72F1E8B437373138FB3B09B13361AFFF4A73BD9F628AC5F7F2DC4D81294071FBACFDE561C044AA897D9716619E7331CBB6E306EB0E56D5E4C3ACCDC49543977C239EAB5290663B52078EA7E742107FAFBA1B7F71257E11B6EB81EE6CF9F3FA37EC931A05363BC8228A96375AB07850A1A627F46409712E0055D4A9D34A9649632C5D4267C9CD6C463AE7A4CB5333710979815C4128D4614C5F02AFCA64D9B60DBB66D5C2DD6AC590B8B972C164F1B25EE238AFD02E750E641A680254D541D83FDB3451D511F9355BA0E651324B8C4E9DF53A9140C0D0EF01B12BA94B7DC720B2B375F91DFA7B7B7B712D0A90A6709E046C1DFA86D0B38B3A264046C0555DDF468810AB9946E5B14D0D027A1060B4EED96483440B2A19EA9538CB767A14B28CF25EB3219A3657CE9D22570CF3DF7C0EEDD2FC1EBAFBF0E9D9D9DB060C102A61CF37807E092605840E85C03F1544D6456B9C051A184C2ED74DFA7AC53DFBABF4900950C152C9BCD423A9D863C8B27D1F5455BB366355C7FFD26DEDC70A5ACBBBBBB124A275D414BA8555E00271FFC21EF42C5800A5AD596A19CF14993FFF2A77FD625E384E69666D8B8715349BF42042A623A7116AA17660A3115EF298137C77E1870EEACC38AC2A92A820AF2EAABFB18705DFCBC262BB8C4DE1CC9C62457C938CF4ED681892EA29066AA74F1F2254EF8365B5957131FB69B40C16D0818C665050615C2C50163AF7961DBB0B901E3CAB56BD77077F84A1A82FFC31FFE982DB39BFEF6A1BFD93F95730492296A42C500FF33E5D4E6042BD0B4505523BE677CEB3C836E23AB805B5A5B5BB76CB8EEBA0EE60EB6D437D46FC264464274732A551B5231E0E47B11BC3367CE4057F7491861EE6D4480172C98B9C406676C0E70B645F9C4A984CF64ECCCE948D8D2906E22B69B09886CCB76012B140BDC4D745F8BD2DCD4042DAD2DB090A92DC69DC1E4D295B21D3B76C2D9B367F0B33733E09E9DEA7902D0A9994CF575D8A053A836D8AA02B8A03DFD8B67BEB860FEFC07C6FCA3A60138F55C58F1317E191E1E81FE8141DE549067DB54F0103ABE94DBA2DE7A54BCC68EC8782E0F2A0F2E0E288316D513CFD5DCD4C8554C8E7B5341BBD2C03DFBEC7370E4C851DEC9E072811B03BC71B369D538216CA4DA2E187B5034616F8D32EA76250CDD581C67B6640929713FD10D348801236CDD104A864B621A7C3BDF6610D1E0ED345263FD31995B8C6EA4841520BC21FECD3474695F7AE9653876ECD8B46431057874A2C756A345AAF1A22FF5F6F1CEB9A669CEA8EBC23169B2A9A0A5A5D98305BC871F0655A934C33A33BFF3FEFE7EF8F5AF5F60CADE37AD9FA31F393C030DEFB47D7DFD3C63A86DFAEDC0810370E8D01B9820D15FC62C048ECF75822E1B76D265F11CEF56A5ADF28649A2BD7B5F65AEF2088F37B5CD4EE03AE40AB6479D3D778ECFD7917026C2D15601C3F6B523478E713752ED58AD6D96BA94AA6186EFC2858BD0984CF2B809930EDAA6E0A6170A70EAE429387AEC1853B4516544C3D8DE462532941AB82AB4D4680A46474779EA1CC19BC6C1973565172E5C8053A7CEC039E629A09A4D4ED1C843FA1B9CA5C079E08DC2683ACDE7FFC046E864B241FFCA8A611B5F7FFF005CBCD803E7196C98809AA2DBD84D88066E3600D73D9183D2990C64B2193EC10E8297483800CE46C30453EFA55EE863A0C9B88C77279B7A7C36C860BBEF6FBEF1B5218DD0E48C54E345FFE4F1EDBF623FF8667F8F10315C46E93D22B7B93D4688336200FB3DE2C86C6CC09E4A4F93D2FD816B002819A9EEAC4FA61DAEDC0874675FF01C6A4C8B0A3F34342C66F31A70FB6A6223BBECA7298173FB728A6DB6D8A6BEE6132E59B6ECEB39C8B66DFEEBAF3FB85FE3337B5CCA07C099A074D296C9667991436D24784E89F265B5582693855C3E07E97486C5AF691EC362E6D65660A9B06186788B866D96291CDA635B77FC898C2126A3703E4502EF38F77DEC1F82875DAF5009711F4E5B8786DBB177CB955238EC918F6D8D857CC11D29C021C3213AAC84A956B972B90AC794ED21B6FEC0835FFDB27623672370688F6FFBE91751ED2A0D9CFB5E754A0331E25B9E0B3B15CBFD0821C228DF2FDD4FF7EB0D3EA949998B0541421024141CB2A2C53B06F3BE96D841982F3D48AC31209A06E07631E01EF8F2FFF8924EFFCF76E0D0B66EDFF97EB6789855F0962B095C582CE7DB06507A2D621FAFC89657D94B0B9D09C075A3A27DE981CF3FA231D1C0F96CDB8E9D389FE143AC5ADFA781BB6CE076B16D0F7DE1BFDFBF4DE3A1811BD3B6EF78E26E56AB1F90194C0DDC84811B64EB0F23689FFDF3CF9CD45868E026653B763E7937ABDC5B58FDDEA2812B7B2C42B6955DC3D6CFFCE9A7B59A69E02EDF9EF8D9D338286D8B031FD9A481B33AD872177BBDF5D39FFA844E8268E0A6CF9E7CEA17CBD95F8BAEE67DEC252E5B6601701D5810322C1FFFA3FFA0DD450DDC9B634FFFE299BB19069B9C780F98FA91F62A07AE5B02E6A4F269C7BFDFF261DD66A6819B99F6CCAEE7D0FDDCC4D040F563F0413B7743015A661870BBD8FAA050AE6E065CF7BFFBB7BFA7DD430D5CEDD8F32FECDEC8C1030E61BB8008D5B145018EBF9E0270DDA248E0D83AED16C07533E0BA197083EFBAF71DBA3B95366DDAB469D3A64D9B366DDAB469D3A64D9B366DDAB469D3A64D9B366DDAB469D3A64D9B366DDAB469D3A64D9B366DDAB469D3A64D9B366DDAB469D3A64D9B366DDAB469D3A64D9B366DDAB469D3A64DDB9B65FF5F800100EE63DDCAC18541A50000000049454E44AE426082, 'application/pdf', 0x89504E470D0A1A0A0000000D49484452000000DC000000A0080600000067BA023B0000001974455874536F6674776172650041646F626520496D616765526561647971C9653C00002C024944415478DAEC9D099C1C577DE7FFAFAA8FE9999E53F7658D4E5B32B2E413E353C18135E132C9EE66F301823ECB7E36B004C26E966C0C0B982C04074270201BB22C1B6C3E0B641363EB40C63660641B5B3692AD9164D93A6746B7349A7B7AFAAE7AFBFEAFDEAB7A555D3D977AE4E99EF7D7E7A9AAABAAAB6BBADFB77EFFFFFF1D05A04D9B366DDAB469D3A64D9B366DDAB469D3A64D9B366DDAB469D3A64D9B366DDAB469D3A64D9B366DDAB469D3A64D9B366DDAB469D3A64D9B366DDAB469D3A64D9B366DDAB4F9EC995DCFDDFDCB6776DDADBF096DB56464A65ED8B6ED3BF745A3914D91481428FEB329D8B60D3665C5A61DD4B6076D2AB639659052DA81EB54D9CED677856CEBF8D87FFCE890FEF9B569E0843DFAD8B65FB1C5665C374D8303679A26430F383C9E3118D94BCBB29C57D4E6AFF118A7D890CDE67CC0A9002ADB39B094432DF639EBBBE43665D9C1968394BFDF669FCDCF33F8570F7E65BFAE52DAAA12B87FF9C9561738F76209610597865817AF816F04C310DB8078FB8DC06BE5FD08552E9775BE06A27C216C9F552C422A95E280138E35A7992F0BF9020C0D0DB970DB023CA6BCEC7C39E8EFEF57B7ED0AF9F33A58190C6C1B14DB7DF6ED6F7DF3595D4D3570D36EFFFCE8E33EE00CC3E0B08080C7504002E2016528EB0E87B8CD70618390E3E4394AB6B99F2B4156DE6F78C7382A4915550D2F232323901A1D75C0A5D45362F66F946D4F8FA6F93A504FC57199CE6420934EBBDF8D19313BD84D63104F303838088542A12CB0CC428167206B975A03E7D9FFFB97C75CE09C0A6EF860082FC0E192A079A008A5237E0574A11130A99FE329AA032294F93C0913022741B2CB006753E5181FA0B60BA0EDAE3B71AB04321C68CF7D46459580CAD7087191C1488532ABEF45808BE8868B7DA661749B914837BEE6EF630A8FDBE3B1D82EF97EB401A6DE0185EE66F09ED4284DCC22D57199B4A4B28F14CEC3F1D413585140481FC4E83C881AF59E9281544480D6C4528899F50A70E0C236A77E19C4230D2E682A6C2414365060E375D6ADB8C18AAD16086E93FFC439BCE39C13A9FB950F52CEA1BC27F0B968F5F5F5A5D08BB835994CBAEBA2B48B02C9C64675FB66F5FD2D2D2DC1BFE901F6515FD228D514702410C3B138CACE42A4FE223424A27CBF53C77ADD4A2F6FC93206EBCEBEE86D10F5575AE66201A89F6FFE1A55654EFD6A9F2320D750ADE635AC712B3D807FB9A8F16AE75A64A5161F1A3512D052B74480540A1FF8123EE0733B3DEE2454E3BBB125D0CB3F31B0AD1CB8133D9FB62A072EF863BA6E9EE3FC4DF25CEC6E1F8FBA50110EA877FEFABA98784DDCE3A9FBDE0B02682AB556DCD909F4642F7A8007403D9D7AD6F7F932F552B46CB06CCB0FBD789F4162D0185DE8AA9B7A8C01516888CCF7F6294B93C4A131B2B01460B6AC23CD10234DE3C23711103D95F5D6357235081C094984F0753A39E8405127EFDC95BF768CF9EA6231576955E06291C035F1FDC4FD538AB49F1F4A1579A66243CEBAE4C2A92A78D12AC0B91C0DF93B11FE82076F40C523A41E629054CE47DDF747A00E11770E2502708342B3B5062234A978121AB99A5538B709408272D9BF35360DC0B4C277457E4423EA131E1538203145AD49C90D284F33CA7E0FC61C64D972D077D3B0491E12B0104CDAE08B49B5D51070081AAEABED6D8E7B59393AA8AC8C36784D7244578EB2AE829A00D2DF486D254DF047757A9104B385D3910B95F114E1297999A0D116B839C9D82EC413D156E5C079CE1F04609B7E12A84D1CD123D5ED724EC74DD0854D03579B311CB8311CB8ED6857CA782C44F133E9AC87CE17BBE918AEB6932600FEDE2257DA6C11E7495793CC4EE2FC8DF89AA1DA4B9A00803F6EAB6CCE64CAE019E4CDBF962B6D16C9EB18EE32CCA88A7841C952BAEA36037C3B9B0F0BC2586F76541642E39023FDFE9E351AB85A4D9A041ABF67D25D9F414750F18CD9A0763A869B35319CAFA7C90CABD978B9C5A2039D61D4306EB4B469405B0D0227633715BC9968D84D128B19A95DB5A36AC2442B5C6DC470C14EB4BEB16C30F314CE7FED04704CA8E8A35C630E252DE96DA2AD4680F3AD13D5B5AC06F520CCC524DCCDACBD104E0FD1A9399732089D3AED4135F5B9B2B1B70AFB3B2266ADF454A13A86AB45852BD10B7572A02A0B8F5C17D3AE05DCC03F164E2B5C6D285C499612887F22A02ACC4814988B699A144CA3BA89F34D19A119AA51E0DC5E1DDE3C23D5685691D166DA0CBC2A762995F95BB4C2D5884B591A8CFBFB51B62596423A5BA8CA2FBD68196059D579C370A79FD059CA9A8BE1BAD54C989B2F11E0C523F555FDC56306D3AAD666037F9672B3C6A8365CCAEEA04FA9CEDA456A20E5874A879577A6F44C71A769B0A174DA85A04BA9CC1CA6AD06800B9AD79DCB3F3372B55B81B99611B872D061A6D4999E5D6DBF269382D2038DEA10AE669326307D532BBCF94A47C0A4B4A28914040A5D566C07B4ECC9833556D2040293D76AAB21E0BCF1709E2B496A70B2118CE9A63AA29C8A614208AE55040ED874B654520ABAA749ADBA94257D29956701D49A61E37834EABF9778131BC9F420714726C8AE63A8625736CED35DBB6ADEA554658E4085932634E4B37DD32913A5E2079681F92085C3E54DFE4AC3C1715E13F146E2BA6912BAE07B10AC4281F0A236291032765398FC9A26CAC544BED6E074EBDA6A3669E29FBDAB72AE913237A50F28EA0204EE316A1DF3A64687C079A842A6D0681FACEA7BD4E403C65E081DF64841B8F279560A24000C0D05495D9F2C68A5E7206520F483A605AE569326214FB1B97C61F31E90A12A9B276EC4EBA86BD3900AA93E3D2700B07A1E0E1BF5C14CED1075A48E8B58283A230D5417CE9F4072C4D19B2EB0345BC8075828FBCBC1110433F8B53A0A4A7C6A1AF6E41E6D35045C306EAB94BAF1CA6F7B80C8CEC53ED500A93CD4E742962AA50391AD3EC24A3D0B21FE63958270A19A15D5DE2794FA9450A58D005196D477BC1F4C757F105C12F0A603CF1F08E4A53CF0F413746ADEA5E43D4D02AE64A5A08B479330BF6995DB2E35903A0F83A98BA23E523E0BF3F279D741FBFC8D62FF05D877E269C741140F1459D0BA0AD62E791BDF7FBEEF047BBD526C5FC9CFF5B3BDDFF5250DAF5E722BDC7AF57B1DD82C80BFDBFA790E06CF52B27F8BE6B4C3FB6EDDC2CF71A6AF8B2F17B36D68995C0A1EF9F9D7C50326D9F10C8285AD57C1EFDCFC872E303FF9F577D8E7F68AAC273E58A41E7EFFAE4FBB503EF28BBF8404B16199E17575396D9B90A6AA1B493D371EFF33C293263A86AB5197121FAB1B8FC72B1FBF31E5FAF06F3DE46E7FFDD4F3F0A35F7DCE851AABE85BD7FE2EAC5B76077F4F263F027B8F3C29DC5B27E1B176F1DB60F3860FF1FDBFDCF70306E80658B968A3FB37EC78E91FDCEBCEB1986C71EB5BA07DC106F71A16B62E8773BD5D1C22ACC02B175E0BAB165DCBABF2E94B9DD037DC03776E78B7AB76EB96DD04874EEE11E7A4EC5CEB61C5C2F5EEF776F5921BE1C5D77FE6EEBF6AEE35EC86718DF8FBF6826551FE249CCDD12C6C8A78FD5111B8A356043A0A51D85D8C39D019844F07887F2A31FC8F57D60DDF93B7AA9862014B3E5FA898C2F91EC6C814A3FBE23EF7F5FAABEE8462C106AB88994167D9D2B0D0DD9F8831456C5EC9B63BFBB0F22E9F7F9DBBFFF8D90E78ADFB05DFE7AD5D7C2BA44629F4F503A4460016B5AEF0ED7FCBF25B9CE7C6E139D9F95632D8A41D3D7D10F61FDBED3BFEDAE537B3E36CB7AC58B8CEE7FBDDB8FA6E762E4B9CCF866B96DEE8BA909DE75FE7C0A498B87D27D3C08B54B67A46D526B3005BEAD2F095FA61D840F2EE393864360D3C0C52377CD70C70E5827B98862C65D745FFB3E8AF9ABF89C35614D02D6A5BEDDB8F2E66A1603BC714B0C26F742BF4B1D3FBE0E0F1E77DC7AF59741B8C8E507E6C9181B066E906DFFEEB56BD15AC820084ED5FBD5801EEE401E81DBC08677A3A3D4057DCE21E6BB173AE5200455B3CB71D9AEAE6BAFB55200F75EFF19ECACA4A47310A9F4D35C291A2E90BE0E632F83E91C8C047626976DD9673F3B1E4238B6DDF33C7BFFD3FFF4193544B0AE7A6002A9CA594D0BD71F239DFB6950B1970AC7261A5C6D82D682B166D1215DE86052D2BDDED677B8FF38AD83370014E5D3CEE29DC55D7818D959529C592392B4ACEB774FE2A3EFA01CFB7B8AD1D12F124DF8E90A5B3A3FC3B78E6D5ED9ECAC61BE02DED3783CD6E08CD0D73F9EBA0AD6FBF899FAFA97E0EB436CEE7DBFA477AA09FB9A75E4692B8AEE4D7530DF042CE797CB31A96DD1E2B32C5CB3AF0A2D259547936B8EDFE3E1ABA1A00AE5C3C5749E0F034E7FB8F33D772445190BB381C784757DD4969AB975CEFBA948EBA8150B70E48A5080C0E99F0CAE117DDED739B1730A856F0CABA74DE8AD0EBB86EF5AD60B18ABC7AC95B94F31D74B38D074FBCE43B7EC3CAB7F28ABF6AD17A77DBFEE3DE3137AF7B3B0704DD4F57DDBAF6B830C907A2F0188DC76904FE291387DE92717A04EE885BF0DE98EA5EDA2E6C94DAB36CB2F71A76297D2A47D4A9F22AE39E12E5F51BA73C3770C9DC354C711A3874AA3B99165026E28DB068CE6A0EC8E239ABBC0A7FEC00E4F2063FDFBEA3FE38EEF60DEFE4EA876A26EDA9971FF332974C0531465AB36C832F7E93179AC9A7E180021DBAA178BED54B3D401F7DE67B9E6A32B0EBA2F5B052714F3970E0EF976A08E8B06488013F1E8DF960934D17EF4F14A1D52E42DE1CE2C0B9711DF57D95DA6A2569E26B16A894C2116FDABDCE0BFB7CBB562DBE815728840FED74CF513876EA559FCAA1622D9EEB0179EAC2717754C369E60EF60E5EF001851575D97CC7053DC98E7DF5B007E5F56B6FE39F87C7F98023E028102B073B5F76F7D5D72539746B0470786CDFB03FD6DBB0EA167E0C4F0EE547E1F8B943DE34151C32A17084B89FB1AF18F1C1E6FD200E74A8FA089BA3705CE564A301D16E650D254D7CBD4C2A988491777A55E11C05B9CB016EDE5AFEBA6FE83C1C39ED01B772F1F5904D3731257180BCC4E0C2E4860AC83E25BBB87CE16A98D3B400D6B56F14709E80C3DDFB598C967201BA6DC36FF3A5037827737347390C4400F25AD76FF836696FBFE1FDD0C6DC5519EFA1BDF4DA2FDDFDBFBBF9A34AF6F490E24A068AE10187E554D128810D0D5DCB36705C4A59289DE6A1091AB83751E1E42F5B2185739F55C02A59AE300AE7FA8E7999C5A537406B7211D4C793AEC21D3DF58AA2583730F7D0AF6E1C36573D08741C7BD1F7791FBCF73FB9EB271970783C4227EDFD777DD853B7538EBAE12F64980C04D3806C310D07BB5E5692311B9478EF35FEF7F854505C3BDA6B9DBFF1E0F20D750A0C7D3202DF6B00BCEBD9B5D8B62580A352E14C0D5D8D0017F0FF7C4A57499712DDAB2EC5AD9CD3BC18AE5B7D9757A1993BD979F6388C669C38AE8129D1EFDCF66FDCFDAF77753835CEF01211C7CE1E74150C6D5DFB26B75EA2C2A1DABC7A5449AEB478099A23A70E786EB4AB3E0657B9B0BFFCD899D738EC032397E0CCA5AE92FDFC7DC44B9490925117DE599799341436B46B4C5351371EC3B92EA5762B6BC0A52C5138E5AE7CB92E2501FFA0D6D74FFADDCA7B6EFC0377BDF34C0F0C8F9870A8D36BB3BBF9DA3B030A474422C28183B0D2717CB72FEE72813AB99F43EE264602E6C46F0E684489B15E3BB9C7E7564AF733974F3B603205DAF3C6AF7CFBCF32007385B41BB311EFD9CD25446D8A586561E33785881D6C1698858FA5AC45E0823D7C8917785552E1247C38A708264ED4E60154393454B5F3BD171C28BBF6859EEA0DE61AAA8A2493112A70D2D08D94151FDBC64E5F3CE1DB7FA6E70464F3A33ED854A5DB73A41428C7ED74403FD4FD9B1275930AE99C2BD0534719E9803D4DCAC1C6B39F75D980BB6F57572EE04DB699DB97B24CCC55E9C983D467CE6165EC3CBF0FD62FBFD3774CF7B9E3EEFE37BA3B4260EBF04D52ABC642FB4FBCC4152911F31AA74F3145E215DF709A1050CD962DF09A0B3A8EED16FB89E7FE19A2E33F7BBDF7E8B370E775EF718F3F71F6108FF1F0B84F3567E1FF30B772DBAFBFCF41C42FF25C7F37DF8F4006BF43090E8E7258438A705BA438C68F40DCF7A0CAF1BEA64A9652E354CDC09569EC9677E74AF4E19323C5D404422870E78FB9D9C2534C8D302EAB577A779C3C7FDC4DAD733088F3FC6F6A38435A8E9E3E001B57BD4D51B04E476D0400C759AC77CF4DF77919458CC71010A94886F7C420ACD9E7074EC277B67F91832ABF0713E74FC7F63AF6DF7F6BC9C25FBDF6531815532FE03599A6E12A25A863E0046C750CA03F8C67C6850DC2E73351DD4ADDB9B2369226A0C026BDCCBA0A644DC04D9A6085DC7FE2D72547619B19912E1BABB841953B7C6ABF038FCF6DF35CC0FD9DFE5E22677BBBC08C186E79AD7B0F7C77C757E06F1FFD2C3CF8C34FC1890B87C43ED90BC4C97E4AA84DF659DD3D6F40246ABAC58C3AE7EAA3265CC5E2AC3F48E64B275E92CF6A56464A58ACC42D1BFE736C94F79F1C0FB6D399B8A78AB61BC34574E2A4CA15AE44E9889A49737EF0E6F852B67EAE022AE764EC7062D653E7FAE0D2D00598D7EC650C7B872EBA0AC153F90CB01BAFBEDDAF58D2653394F43A7562434CE57FF3D13F87C3270FB8B3489B11D355443CE9A193BF71DBBE226C9F4C80A82EA5F3A713E72EC9B751FF3C29387ECE763A21DF112FF263FF7134EE32E44006601BEE06580C167C24968165863D2E6C6809D3F6DC49275B8967C34E98D83460C9231974F4939FF89826AC6A800BCCBC2CFBFEF902F6CB8EDFBCA90846D306F4F619EC9C36BC7AE405F857B7FC5E89821922E6DA7F7C3724138D5CF9D0BDEC4FF5782EA0DAB685BD355875C40CE189F38E6A819833C84DAE48D109CC19E9F673241EC4AA5F62C811EB024209D47E2B06699A817AE240379781F477A938646CE7C6C2F3BDECF8045B7B7B240FEF89E627E446CAE5DC68013EB2F41CFCE0EC127E373128FE85DCD5C8B2628BA32DA1741ABA2A4A9A748F95B82C9B599982C4A552CC151B30788545D579E1E0D3DC6D4C6546E0D2C0050E8ACCF261BD1F6080EDD8FD7FDD395042158988519B3671665556140988D7C40144D56D7F55273ED8648696BA6EB53FCBE8A817C2B8BB10837B0448D7446DF85A7306F61522CCDD7464720EBB8EDBA2C531B39161B0C9EDB7B70DF1BD8F30E88AC522F68EC6F68E9C021C08E8F828020D5D15264D5457B2927369206CBD7D11C7B114CA71A6B7134EF59C10F398509FFBE72A0D0DCE9909FE8CA274810D679A3D23381B81ECA2464AAAB8A7704A8CE9CDFDA5D67FAF17B6376318859D8538BC8DA957BDD85DCFAEEBF6B8C5F659E18085C116BADFBBC2DB1874680F9FE14D274D02B8E09910405B4357054993A09CF940A3B422F3B38DA488804DE9DE247B7530B5C2A405AA5B24E2242A4C911031E57EE6469A227633DC4EC0FEA49D543BC3F07AE53BC783AFFFA21928F25C226C148913F53A65A2C76B47940DDB59B6E19F73758154BE02CF65C226B7DFD63A041F5972165FB5B1D2C24A23F2CD4A5CC4753A915235C005E09353B381FA30C0CBF0294798B25DEAF56093804810B0D2474C842D0095417C50BADB83EEA4FA258B2CA30F2605281F480A4C6A06D59778578E0579BCDB96E85CFFCB76145E2C444B618332E095858D84C226EDF6D661F840FAF1FFCA56B117F55C05BC042B31E145B9D0CD76F0AAA6F3B23BE98FBA6F8AE7C6C955FBFACDD02607379D6F2A0DCF41D0C28A54310E10558A5420E282A42A930A985B8240C118C5754D15D51437821FE4E3F08B5C64022EE458B04159D8E47A9B3D70D707533FFA56ABD5BF1C4344569A455C975032986EE3F86C866EE602575242E6439C0271B91C8173172263CCC7AFBA81E5802A2D8494512B57A16809483041A0C63A8080FFBC3E179529F3A3C538FC7D1A3397632547A60E9B5C8D43AEFD5D9927FF92417795703111BA0691C18C69E8AA4CE1D447DC4E3569824F98E9E9354360739026C42B9302AA8CDB3721A0BC0C4979A0C67CAFF71940BC78CE8B41091C642273FF681D6CCF9AD06B8F91899C126C9ECB594773EDEF49EF7C685DFE8D1B95B82EA9401799EDD0CDE476389FBFA766E1A60ADC25061BBA93B29AF85DCA717A259129EDF2FCD532E726E3C5A213EDA128B39A3239EAB6051AFC065260EB3B2D023BF2362C011BAE366D4810509E6F0070380FD05D00F81043E4CEBA89C2E6DF1E85E2BC5BB27BBECC5E7EE1706CDD3E701B427CFD2D2D51E86CCB6056C7C33CDC7910E918B7DDB16D78D8844CC6E471557885A5E3D5E72901E5BCB7024095FBD8C0B7E134FF898670190FDAB834B8F2D94CF92ED8069CC3C1A316559EA7E08CC8A04C87BE9FC526121BEE884D0E36679DA92AD80DB7655FFEC6C2E2C56FEDAADFFCB8804DF501F2E25DF66C83AE6ADAE14A9328134F9AE47892C41813AACB53290A53A7753CD59AF8F94ADAF104784E3C4A396CFE095D4BFBAC52F1BC851F146DC8120B7E3B4227059BBA6365B1EB53F5A399054F34BCEBFBC2A5C4040A8EC84D87281D3F53AD835735C373D2E90C3437374F3A698271DBC51E73FC01AB57C2EDBB4CA026F25184288DE2E2D903D47440C2640A6FCC07EA7BCA8FEF26479D0792D8CCFD7CD432E04CC1822D116BD2B049632AF7FB1F18D9BAE0F1C6FBFE5AD43753C91DE415F026E7B268E0A657E132994C89DA4DC406074DB08AE4CD71FBA600D478BB27321CD0778CF8B38920918821435E87029F43EAAA1EAAA161D9F01BF6DD658A001F312D16F38D075BF09959CEF6566B70F307877ED4FE44F2DEFB07CC36E95E52E54F25023ABBD695AE6A467C97340B4CC89564B1DB8831A96C5FF8CE71A02A93B52453CC5A1252BE4C043675580E00F15D9333BC07DCB63A99C9344503BFDABB26CA96D12881438609DF2C46C29B16C260A3CA76B1394EF3EDEF4A3DFDD5ABF2A7D681D76C30EBDAEAAA673C5C10B6093C2AA9B7373231A0C814812A03152153076A3CA826FBDEF0E3826D8CA2C9C3ED6503BCA3B6031E2B51032EB0E5E78B269CB2E8F8B0853537E0E8459A6BFFADF4B30FADCBB9CD062A74B3A2D9A06A26110AB6C98DA772D84F121FD53B1D40C10C02CA97CA20E54AE03C10D25BC59D114DF427152A689A123A138AAC7C2D45E195C1FA49C326CDA476C32DE9BD5FBE31B30FA7449B13025D4D2B5DF5F434A130E19E26F870459CDFBF3ADCBE8903351E54130E2DCB7C76C9C872C3713723DCB564256640B1C1866F772E80E7FB1A02B091716193DBB1D96063E6E057EE4E3DF7AFC1DF07533692FB5CCC5A82AEBA6238E5B71C2B67323C6C806591AA71FB260AD444A11ABF670B947482264A2F1522C153FA66E26809042F56E700F9BFBBE7C077BBDA4A3394E3C0A61EBF2ADFFDC7EF1DDAF9276C759EA2760D01E86A6AB441F58C87F3646ECC2C25AA1BCE1F59364338896C5FE5DF4BA152938E9109EE2453B8FEE07E3EE05500698AD9C130C67BBE2F093D5903EEBF6620CD54AB7E32B0C9EDF38A7DEFFEC0D0F6E4AE863BBE33106993D94BE952E6C4B228DCCBAACF60564DD2A4B4D13B1CB89111675E7C63C6C5519374FBC651DF720A4542FA804EFD6F2760B3BA5EB03390B74761742407F981B80B2196C32375F052DD5BFF220FD1DEB16123E14AC8CED1521CBAFBDEE19F3FD85A1C901D9F9B024A175105BA9AD5AE0A93264A3C17025D6AD4A88E38EA72DCBE8A01E5150A1658340FD9620A52A9340CF7E5A1BFCB84A1A34D307C60190CBF740DA40FAE82FCF176DF639FB11C895FFDEA8EE4BBEFCF90BA53E5618350D8E43DB58EE6DB997BF9BDF599376E12EE6530A6AB890C66154D041BE88A44C360233C769B0D6EDF545D5E9C29D9A245B0EC02D89441966A002BCDEA733E0134D30034CD3CC3A21172A3B3DDE0594E3D2FA1039CD8CC6C214F24EF7D6073FAB98FCEB1066E9F0C6C72BB09B4E1A6D157BFCACEFEB93712D7EC83F20D3755DB07B33A460B805FD528D0D066389C796BFC8A5ADB40A98650215C1CAC4C0C683ECAA0AA079265C291651E5BDE996392A8CD2DCAF3BFC7EABF2AFB688AD77DF8710CBADCB6C6F77DE33D233B47E6177BEF9D0C6CD2308379EBE89E87E6172E7DFBD9A63BB7079227D8DDA820623A1BAAB02B5875755E1E631221EC3399CB19EE6F50C1470F4C09AA2B999441A0B014ED3C50A6F0349B0048370229D43925DD0AA6FBF00DF03D9FBB5C3B278CB31DFCBF817C441076CF2AFEB4F1DD7F7FE7E80B27D7E44EFCD16460536D65BEFB93748418CF35DEB11DFC333ACB6F8743576D53F1550570CE9D34F0A3077E299CA384105A59A866804A050DA1B268813FA3CDC836835D8882914B82996F8258BE9155F9880F26D95939E892076F5CBE4E051032F6D05BEF66BB3AD896FDEC77D91F4F24F0F13F59C5D5C3623DDF70FB76A69C7475BEF363E00E38201398EAC1B355B9AE4FE057C5A0DB065E07672F98169F594DD055C57838B5915B4D9A442936DFF4F0ED990CA909A0E47B8B32C6B28B3CBE22C538180CA84801C16A02C34AB840959DFF256CC6B390D983822EA3F2DE5DAC74B3759CDBBDE3C73FFEE1B3F23D226921E32B53014142673F97BC633B4D11824A47C79888681CE8F029969441F71884CDBC214AB5C4733318381A4C9994DC95A346822FF379701ABA67B0DB57EEBD967407AD3C9F83DC28242192672EA0550F31AB81C135373481A1DE783C050BAA19945532B5343636A217D13DD0DFFF30828590FDE091EFEF1FEB6FC0CA2DDBC5C03FBCC65697CF276FDF81CBD5B9CE8F4D06B4A0D2E54974E4A5E45B9F0A421D004F0377193993C190AC899234F1BEDF74DA28DBD03D13A092564077502857B43087AB56D46A66A515A2C566207674EC8445A882A9E3DA68A89AA9F0CD9D3B17E6CD9B0B4D4D4DB074E952B63E0FEAEAF87C0AEDAC6C0667C6EBEE471EFEC771FFC610E87CAE9E581A0CBAED78190CBA8F4FF5FB5C9B3DFEC941B3B9E770E29ABD227EB394620BD59DF1AEE58C7EA6D7673FF70597AA152B56407B7B3BABAC5E7CF27AEF53409AF7424F4F040A45F2A603E5C65922C6C20C2129C6206A374384811567609976126276AB930D948A33C6BA8428DC750C533E673D1A8D31B8E6C0E2C58BB982216408D7040D6F765B5979E09AABD79E1CEF60A54D4CCE5D1211D9457441B0111BDBD4DAEE1A79FE7DAB72DD7F3CD5EF3C4BE2277FD6FC8ECF0D465ABB44667450246CF202420DDCE5D8FD9FFD7C2870729AF1D7FB9E04ABE115B8D813BDA240C96F0EAF05632C4C6410DB146035411D9D03119A8484BD70828AE525256C5F82C2CB2ADA63C0D7D6D6C6A04AC29C396DB068910358535363A57E068CE3B68C075E087418D761EF7F9C89191BB09B0574F75D0E74E7A20B1F7BAAF91DDF13C17BAF800E933605A9B03319BAEA984448C670EE6399BC001F67E19A0A581301CAE70EB218CB4962142041178061D731B092D0008B214EDBC0A0B15070265A42B281A1AEA365D910894420CEDCC0782C06C96412E632F55AB870012C5EB4683ABE7AEE661E3E72F421A1784363B8976A1C0742797CDFE4738D776E75E2B2A941B7A0D0732F5BFC1326A6C199525DED8132E3E3B8190DDC987D2945E6722C579290C96B3B6F2C16EE60842620465BA10EDAA08DCC653E5223F391E63A2A4B9C9B80A33CF2196DCA8886607ABDDC7AC86CD2B82C160B5CC91209760DF13898A6090DF5F5509748F8BE0FFCFCC1C12118181884CE135DB0FEDA75D0D6DA3A1D3FC7A759B98F81771F836EFF24A1830074DB28107375AE6BD2311D7692BE2E7D70E381FA0D031032525C0357A94C65A0E3B2FC97CF8FD1BB64BC2E4E769127320C1A810499C3FC9F16A837E6418C3441A3B9B4BCFB0765D2EE5358E7B14926C3FF86BABA0453AE38C4E3751C342CF2F1CACA13477D9F2DFB35E2EB6C2E07AFBCB20FD6AF5F074B164F8BDA6162A58341872EE6231384AE18F6CB3CDF78C7F63C89A7AFCE1EFD381F693009EB8E2F3F2F405361D3C0552053E9478F82DBAD4B26E18A1619F7AB2E0A7710DBB61ACD25EC8FAE873883AA397A15070CDD415969EDF1BA364DA2047B6658C522E40B79B6B4789C85CA158B46E1AAE5CBA1A1A1C1F75EF53A3CC526A1EBCE53553DF08E1E390AF3999B198D46A7EBA7799841D7CDA07B768AD0F1B6BB979337FF7C20D2DC7B6B6ACFE7270ADDA5C89C3DC36653BAF48E5C1D56352EA5FB3CB6405CA30A196F2C16EE609434B09284A6C85248C617409DD10C0DE68232FD03C3BB8C8DE7D296030B0BAA568E290EC65BB1B8136B251B5861A02558FC256F1C6160850125B7955B57C12B5A168C8CA4A0ADAD753A7F9EAD0CBAF649C47445F0B7A1E17AF168DDDA3D06A55FB83EBDFF937534B77CCC1B2718993D0D373E29922439A579A06AFA55CE78E0D4CAE46B83934993420E1A22F32161CE8144B4051A230BA135D65EA2164137B06C5C0863F5D22805D1B28A904933B8F279A8638A55C75DC2182C5BB694A958138FBDFC508348F73B75110772DAB61D0A57F03B9888CAE1D262C08D8E4E3B702D22AEFB52B903CAC474AACA71F80E27AEDE7B213AFF73F70CEFFA74939DBAA91C6CCF37DEFEBF2E46179C046F3259095DD50037A3FDDECFFCD9FDEE97884D02CBDBDB95B6AAC9B44F851715C489B892A85805065684B96AE80AD6D727A0B5B5558065B82EB0DA30EFBEDFA68A3B4C7D7F87FA3704AF437D2DD7C3B6A9EBDD5D9DF0CE77BE8341BF6CBA7F22742B578C77D0184D06D8E28E034D1B05C0AD37A7F6BE7D6DEED88762B43857BE69C06C39B43B79CBE302B63ED11CD08FBB44B65282874D02542B5C25B294107401C3BB364D2AC61A43C18A85020C8F8C401453F04CB9EAEBEB61D1C285D0D8D40811D32C4D8352EACE7AEC4C31EEEF608D3361C96BB7D5342A554F434B1EE618A674612AE764368B70E6F469181E1EE6D77C05AC7D22078D93BD94DBD0352CEC49DEF4142B2FAEC91E5F1BB773CD7D91B6C1F3B1459784A2215CD8EE3624542EA870BA59A05259CA42A1386ED7A689C65C6A41F72F1E8B437373138FB3B09B13361AFFF4A73BD9F628AC5F7F2DC4D81294071FBACFDE561C044AA897D9716619E7331CBB6E306EB0E56D5E4C3ACCDC49543977C239EAB5290663B52078EA7E742107FAFBA1B7F71257E11B6EB81EE6CF9F3FA37EC931A05363BC8228A96375AB07850A1A627F46409712E0055D4A9D34A9649632C5D4267C9CD6C463AE7A4CB5333710979815C4128D4614C5F02AFCA64D9B60DBB66D5C2DD6AC590B8B972C164F1B25EE238AFD02E750E641A680254D541D83FDB3451D511F9355BA0E651324B8C4E9DF53A9140C0D0EF01B12BA94B7DC720B2B375F91DFA7B7B7B712D0A90A6709E046C1DFA86D0B38B3A264046C0555DDF468810AB9946E5B14D0D027A1060B4EED96483440B2A19EA9538CB767A14B28CF25EB3219A3657CE9D22570CF3DF7C0EEDD2FC1EBAFBF0E9D9D9DB060C102A61CF37807E092605840E85C03F1544D6456B9C051A184C2ED74DFA7AC53DFBABF4900950C152C9BCD423A9D863C8B27D1F5455BB366355C7FFD26DEDC70A5ACBBBBBB124A275D414BA8555E00271FFC21EF42C5800A5AD596A19CF14993FFF2A77FD625E384E69666D8B8715349BF42042A623A7116AA17660A3115EF298137C77E1870EEACC38AC2A92A820AF2EAABFB18705DFCBC262BB8C4DE1CC9C62457C938CF4ED681892EA29066AA74F1F2254EF8365B5957131FB69B40C16D0818C665050615C2C50163AF7961DBB0B901E3CAB56BD77077F84A1A82FFC31FFE982DB39BFEF6A1BFD93F95730492296A42C500FF33E5D4E6042BD0B4505523BE677CEB3C836E23AB805B5A5B5BB76CB8EEBA0EE60EB6D437D46FC264464274732A551B5231E0E47B11BC3367CE4057F7491861EE6D4480172C98B9C406676C0E70B645F9C4A984CF64ECCCE948D8D2906E22B69B09886CCB76012B140BDC4D745F8BD2DCD4042DAD2DB090A92DC69DC1E4D295B21D3B76C2D9B367F0B33733E09E9DEA7902D0A9994CF575D8A053A836D8AA02B8A03DFD8B67BEB860FEFC07C6FCA3A60138F55C58F1317E191E1E81FE8141DE549067DB54F0103ABE94DBA2DE7A54BCC68EC8782E0F2A0F2E0E288316D513CFD5DCD4C8554C8E7B5341BBD2C03DFBEC7370E4C851DEC9E072811B03BC71B369D538216CA4DA2E187B5034616F8D32EA76250CDD581C67B6640929713FD10D348801236CDD104A864B621A7C3BDF6610D1E0ED345263FD31995B8C6EA4841520BC21FECD3474695F7AE9653876ECD8B46431057874A2C756A345AAF1A22FF5F6F1CEB9A669CEA8EBC23169B2A9A0A5A5D98305BC871F0655A934C33A33BFF3FEFE7EF8F5AF5F60CADE37AD9FA31F393C030DEFB47D7DFD3C63A86DFAEDC0810370E8D01B9820D15FC62C048ECF75822E1B76D265F11CEF56A5ADF28649A2BD7B5F65AEF2088F37B5CD4EE03AE40AB6479D3D778ECFD7917026C2D15601C3F6B523478E713752ED58AD6D96BA94AA6186EFC2858BD0984CF2B809930EDAA6E0A6170A70EAE429387AEC1853B4516544C3D8DE462532941AB82AB4D4680A46474779EA1CC19BC6C1973565172E5C8053A7CEC039E629A09A4D4ED1C843FA1B9CA5C079E08DC2683ACDE7FFC046E864B241FFCA8A611B5F7FFF005CBCD803E7196C98809AA2DBD84D88066E3600D73D9183D2990C64B2193EC10E8297483800CE46C30453EFA55EE863A0C9B88C77279B7A7C36C860BBEF6FBEF1B5218DD0E48C54E345FFE4F1EDBF623FF8667F8F10315C46E93D22B7B93D4688336200FB3DE2C86C6CC09E4A4F93D2FD816B002819A9EEAC4FA61DAEDC0874675FF01C6A4C8B0A3F34342C66F31A70FB6A6223BBECA7298173FB728A6DB6D8A6BEE6132E59B6ECEB39C8B66DFEEBAF3FB85FE3337B5CCA07C099A074D296C9667991436D24784E89F265B5582693855C3E07E97486C5AF691EC362E6D65660A9B06186788B866D96291CDA635B77FC898C2126A3703E4502EF38F77DEC1F82875DAF5009711F4E5B8786DBB177CB955238EC918F6D8D857CC11D29C021C3213AAC84A956B972B90AC794ED21B6FEC0835FFDB27623672370688F6FFBE91751ED2A0D9CFB5E754A0331E25B9E0B3B15CBFD0821C228DF2FDD4FF7EB0D3EA949998B0541421024141CB2A2C53B06F3BE96D841982F3D48AC31209A06E07631E01EF8F2FFF8924EFFCF76E0D0B66EDFF97EB6789855F0962B095C582CE7DB06507A2D621FAFC89657D94B0B9D09C075A3A27DE981CF3FA231D1C0F96CDB8E9D389FE143AC5ADFA781BB6CE076B16D0F7DE1BFDFBF4DE3A1811BD3B6EF78E26E56AB1F90194C0DDC84811B64EB0F23689FFDF3CF9CD45868E026653B763E7937ABDC5B58FDDEA2812B7B2C42B6955DC3D6CFFCE9A7B59A69E02EDF9EF8D9D338286D8B031FD9A481B33AD872177BBDF5D39FFA844E8268E0A6CF9E7CEA17CBD95F8BAEE67DEC252E5B6601701D5810322C1FFFA3FFA0DD450DDC9B634FFFE299BB19069B9C780F98FA91F62A07AE5B02E6A4F269C7BFDFF261DD66A6819B99F6CCAEE7D0FDDCC4D040F563F0413B7743015A661870BBD8FAA050AE6E065CF7BFFBB7BFA7DD430D5CEDD8F32FECDEC8C1030E61BB8008D5B145018EBF9E0270DDA248E0D83AED16C07533E0BA197083EFBAF71DBA3B95366DDAB469D3A64D9B366DDAB469D3A64D9B366DDAB469D3A64D9B366DDAB469D3A64D9B366DDAB469D3A64D9B366DDAB469D3A64D9B366DDAB469D3A64D9B366DDAB469D3A64D9B366DDAB469D3A64DDB9B65FF5F800100EE63DDCAC18541A50000000049454E44AE426082, 'application/pdf', 'PENDING', '2015-10-30', 'user1', '2015-11-03', 'lcu1');

-- ----------------------------
-- Table structure for `internship_registration_history`
-- ----------------------------
DROP TABLE IF EXISTS `internship_registration_history`;
CREATE TABLE `internship_registration_history` (
  `GUID` varchar(36) NOT NULL,
  `USER_DETAIL_ID` varchar(36) NOT NULL,
  `EDUCATION_LEVEL_ID` varchar(36) NOT NULL,
  `MASTER_TOPIC_ID` varchar(36) NOT NULL,
  `INTERNSHIP_PROJECT_ID` varchar(36) NOT NULL,
  `PROGRAM_ID` varchar(36) NOT NULL,
  `START_DATE` date NOT NULL,
  `END_DATE` date NOT NULL,
  `PROPOSAL` blob NOT NULL,
  `COVER_LETTER` blob NOT NULL,
  `STATUS` varchar(25) NOT NULL,
  `DTMCRT` date NOT NULL,
  `USRCRT` varchar(30) NOT NULL,
  `DTMUPD` date NOT NULL,
  `USRUPD` varchar(30) NOT NULL,
  PRIMARY KEY (`GUID`)
) ENGINE=InnoDB DEFAULT CHARSET=utf8;

-- ----------------------------
-- Records of internship_registration_history
-- ----------------------------

-- ----------------------------
-- Table structure for `major`
-- ----------------------------
DROP TABLE IF EXISTS `major`;
CREATE TABLE `major` (
  `GUID` varchar(36) NOT NULL,
  `MAJOR_NAME` varchar(255) NOT NULL,
  `DTMCRT` date NOT NULL,
  `USRCRT` varchar(30) NOT NULL,
  `DTMUPD` date NOT NULL,
  `USRUPD` varchar(30) NOT NULL,
  PRIMARY KEY (`GUID`)
) ENGINE=InnoDB DEFAULT CHARSET=utf8;

-- ----------------------------
-- Records of major
-- ----------------------------
INSERT INTO `major` VALUES ('3202b53f-44f9-11e5-aa2f-00ff7f4e65c4', 'Manajemen', '2015-08-17', 'admin', '2015-08-17', 'admin');
INSERT INTO `major` VALUES ('4ce1fb03-7487-11e5-adc2-28d244bd1b19', 'Baru', '2015-10-17', 'aa', '0000-00-00', '');
INSERT INTO `major` VALUES ('55f32de8-3a7f-11e5-a2d1-9cad97aa3b20', 'Teknik Mesin', '2015-08-04', 'admin', '2015-08-04', 'admin');
INSERT INTO `major` VALUES ('55f32f82-3a7f-11e5-a2d1-9cad97aa3b20', 'Teknik Pertambangan', '2015-08-04', 'admin', '2015-08-04', 'admin');
INSERT INTO `major` VALUES ('55f33108-3a7f-11e5-a2d1-9cad97aa3b20', 'Ilmu Komputer', '2015-08-04', 'admin', '2015-08-04', 'admin');
INSERT INTO `major` VALUES ('9c8c9ca3-7e61-11e5-aa82-28d244bd1b19', 'Teknik Informatika', '2015-10-30', 'azizah', '0000-00-00', '');
INSERT INTO `major` VALUES ('b3568324-7ee6-11e5-bc1f-28d244bd1b19', 'Sistem Informasi', '2015-10-30', 'azizah', '0000-00-00', '');

-- ----------------------------
-- Table structure for `master_topic`
-- ----------------------------
DROP TABLE IF EXISTS `master_topic`;
CREATE TABLE `master_topic` (
  `GUID` varchar(36) NOT NULL,
  `TOPIC_NAME` varchar(255) NOT NULL,
  `DTMCRT` date NOT NULL,
  `USRCRT` varchar(30) NOT NULL,
  `DTMUPD` date NOT NULL,
  `USRUPD` varchar(30) NOT NULL,
  PRIMARY KEY (`GUID`)
) ENGINE=InnoDB DEFAULT CHARSET=utf8;

-- ----------------------------
-- Records of master_topic
-- ----------------------------
INSERT INTO `master_topic` VALUES ('1be63b49-7db4-11e5-8cd3-28d244bd1b19', 'Umum', '2015-10-29', 'aa', '0000-00-00', '');
INSERT INTO `master_topic` VALUES ('40200fa2-7db4-11e5-8cd3-28d244bd1b19', 'Sistem Analis', '2015-10-29', 'aa', '0000-00-00', '');
INSERT INTO `master_topic` VALUES ('5000bf35-7db4-11e5-8cd3-28d244bd1b19', 'T. Elektro (Arus Lemah)', '2015-10-29', 'aa', '0000-00-00', '');
INSERT INTO `master_topic` VALUES ('5442c9bd-7db4-11e5-8cd3-28d244bd1b19', 'T. Elektro (Arus Kuat)', '2015-10-29', 'aa', '0000-00-00', '');
INSERT INTO `master_topic` VALUES ('6168c612-7db4-11e5-8cd3-28d244bd1b19', 'T. Elektro & Telekomunikasi (Control)', '2015-10-29', 'aa', '0000-00-00', '');
INSERT INTO `master_topic` VALUES ('68d01b5e-7db4-11e5-8cd3-28d244bd1b19', 'T. Elektro & Telekomunikasi (Robotik)', '2015-10-29', 'aa', '0000-00-00', '');
INSERT INTO `master_topic` VALUES ('6d67dbb6-7db4-11e5-8cd3-28d244bd1b19', 'T. Elektro & Telekomunikasi (Kendali)', '2015-10-29', 'aa', '0000-00-00', '');
INSERT INTO `master_topic` VALUES ('758268bb-7db4-11e5-8cd3-28d244bd1b19', 'Risk Management', '2015-10-29', 'aa', '0000-00-00', '');
INSERT INTO `master_topic` VALUES ('8b13d5b4-7db4-11e5-8cd3-28d244bd1b19', 'Internal Control', '2015-10-29', 'aa', '0000-00-00', '');
INSERT INTO `master_topic` VALUES ('8fcba489-7db4-11e5-8cd3-28d244bd1b19', 'MIPA', '2015-10-29', 'aa', '0000-00-00', '');
INSERT INTO `master_topic` VALUES ('935209a7-7db4-11e5-8cd3-28d244bd1b19', 'Elins', '2015-10-29', 'aa', '0000-00-00', '');
INSERT INTO `master_topic` VALUES ('9668b9dc-7db4-11e5-8cd3-28d244bd1b19', 'Fisika', '2015-10-29', 'aa', '0000-00-00', '');
INSERT INTO `master_topic` VALUES ('9a8d5214-7db4-11e5-8cd3-28d244bd1b19', 'Electrical', '2015-10-29', 'aa', '0000-00-00', '');
INSERT INTO `master_topic` VALUES ('9f85904f-7db4-11e5-8cd3-28d244bd1b19', 'Hidraulic', '2015-10-29', 'aa', '0000-00-00', '');
INSERT INTO `master_topic` VALUES ('aaa315c4-7db4-11e5-8cd3-28d244bd1b19', 'T. Telekomunikasi (FDS)', '2015-10-29', 'aa', '0000-00-00', '');
INSERT INTO `master_topic` VALUES ('b2ef96a8-7db4-11e5-8cd3-28d244bd1b19', 'Avionic (Communication)', '2015-10-29', 'aa', '0000-00-00', '');
INSERT INTO `master_topic` VALUES ('b865ce64-7db4-11e5-8cd3-28d244bd1b19', 'Engine Pesawat', '2015-10-29', 'aa', '0000-00-00', '');
INSERT INTO `master_topic` VALUES ('bd79d060-7db4-11e5-8cd3-28d244bd1b19', 'Ilmu Perpustakaan', '2015-10-29', 'aa', '0000-00-00', '');
INSERT INTO `master_topic` VALUES ('c1265f58-7db4-11e5-8cd3-28d244bd1b19', 'Network', '2015-10-29', 'aa', '0000-00-00', '');
INSERT INTO `master_topic` VALUES ('c5a5088b-7db4-11e5-8cd3-28d244bd1b19', 'Data Center', '2015-10-29', 'aa', '0000-00-00', '');
INSERT INTO `master_topic` VALUES ('c968b17c-7db4-11e5-8cd3-28d244bd1b19', 'Helpdesk', '2015-10-29', 'aa', '0000-00-00', '');
INSERT INTO `master_topic` VALUES ('ce3ae3fe-7db4-11e5-8cd3-28d244bd1b19', 'Asset Management', '2015-10-29', 'aa', '0000-00-00', '');
INSERT INTO `master_topic` VALUES ('d46b498f-7db4-11e5-8cd3-28d244bd1b19', 'Application & Database', '2015-10-29', 'aa', '0000-00-00', '');
INSERT INTO `master_topic` VALUES ('da2c5075-7db4-11e5-8cd3-28d244bd1b19', 'Knowledge Management', '2015-10-29', 'aa', '0000-00-00', '');
INSERT INTO `master_topic` VALUES ('e20dc656-7db4-11e5-8cd3-28d244bd1b19', 'Organization Culture', '2015-10-29', 'aa', '0000-00-00', '');
INSERT INTO `master_topic` VALUES ('eb0cb712-7db4-11e5-8cd3-28d244bd1b19', 'Web Programer - IT', '2015-10-29', 'aa', '0000-00-00', '');
INSERT INTO `master_topic` VALUES ('f129fa59-7db4-11e5-8cd3-28d244bd1b19', 'Sistem Analis - IT', '2015-10-29', 'aa', '0000-00-00', '');

-- ----------------------------
-- Table structure for `member_of_group`
-- ----------------------------
DROP TABLE IF EXISTS `member_of_group`;
CREATE TABLE `member_of_group` (
  `GUID` varchar(36) NOT NULL,
  `MS_GROUP_ID` varchar(36) NOT NULL,
  `USER_DETAIL_ID` varchar(36) NOT NULL,
  `DTMCRT` timestamp NOT NULL DEFAULT CURRENT_TIMESTAMP ON UPDATE CURRENT_TIMESTAMP,
  `USRCRT` varchar(30) NOT NULL,
  `DTMUPD` timestamp NOT NULL DEFAULT '0000-00-00 00:00:00',
  `USRUPD` varchar(30) NOT NULL,
  PRIMARY KEY (`GUID`)
) ENGINE=InnoDB DEFAULT CHARSET=utf8;

-- ----------------------------
-- Records of member_of_group
-- ----------------------------
INSERT INTO `member_of_group` VALUES ('7e13dc73-7ec7-11e5-aa82-28d244bd1b19', '3c806e53-3dcf-11e5-901c-00ff7f4e65c4', '6ff867a4-7ec7-11e5-aa82-28d244bd1b19', '2015-10-30 12:31:38', 'Aa', '0000-00-00 00:00:00', '');
INSERT INTO `member_of_group` VALUES ('b34f7503-7ee6-11e5-bc1f-28d244bd1b19', '3c804b19-3dcf-11e5-901c-00ff7f4e65c4', 'b3446847-7ee6-11e5-bc1f-28d244bd1b19', '2015-10-30 16:15:02', 'azizah', '0000-00-00 00:00:00', '');
INSERT INTO `member_of_group` VALUES ('cdab4115-7ec7-11e5-aa82-28d244bd1b19', '3c804b19-3dcf-11e5-901c-00ff7f4e65c4', 'cd9b386f-7ec7-11e5-aa82-28d244bd1b19', '2015-10-30 12:33:51', 'user1', '0000-00-00 00:00:00', '');
INSERT INTO `member_of_group` VALUES ('f4107903-7ec7-11e5-aa82-28d244bd1b19', '3c8027d0-3dcf-11e5-901c-00ff7f4e65c4', 'f40d18cf-7ec7-11e5-aa82-28d244bd1b19', '2015-10-30 12:34:56', 'aa', '0000-00-00 00:00:00', '');
INSERT INTO `member_of_group` VALUES ('fc9bf514-7ec7-11e5-aa82-28d244bd1b19', '3c8027d0-3dcf-11e5-901c-00ff7f4e65c4', 'fc92bb41-7ec7-11e5-aa82-28d244bd1b19', '2015-10-30 12:35:10', 'aa', '0000-00-00 00:00:00', '');

-- ----------------------------
-- Table structure for `message`
-- ----------------------------
DROP TABLE IF EXISTS `message`;
CREATE TABLE `message` (
  `GUID` varchar(36) NOT NULL,
  `UNIT_ID` varchar(36) NOT NULL,
  `INTERN_ID` varchar(36) NOT NULL,
  `TITLE` varchar(100) NOT NULL,
  `SENDER_ID` varchar(36) NOT NULL,
  `MESSAGE_ID` varchar(36) NOT NULL,
  `MESSAGE` text NOT NULL,
  `DTMCRT` datetime NOT NULL,
  `STATUS` varchar(20) NOT NULL,
  PRIMARY KEY (`GUID`)
) ENGINE=InnoDB DEFAULT CHARSET=latin1;

-- ----------------------------
-- Records of message
-- ----------------------------
INSERT INTO `message` VALUES ('24f2bd89-817e-11e5-9fd6-28d244bd1b19', '61ddb5a0-7d01-11e5-8cd3-28d244bd1b19', 'f8c44fda-7ecc-11e5-aa82-28d244bd1b19', 'Re: judul', 'cd9b386f-7ec7-11e5-aa82-28d244bd1b19', 'aeb4f07b-817c-11e5-9fd6-28d244bd1b19', 'syalala', '2015-11-02 23:24:09', 'Waiting reply');
INSERT INTO `message` VALUES ('aeb4f07b-817c-11e5-9fd6-28d244bd1b19', '61ddb5a0-7d01-11e5-8cd3-28d244bd1b19', 'f8c44fda-7ecc-11e5-aa82-28d244bd1b19', 'judul', 'cd9b386f-7ec7-11e5-aa82-28d244bd1b19', 'aeb4f07b-817c-11e5-9fd6-28d244bd1b19', 'pesan', '2015-11-02 23:13:41', 'On Hold');
INSERT INTO `message` VALUES ('c904ba11-817d-11e5-9fd6-28d244bd1b19', '61ddb5a0-7d01-11e5-8cd3-28d244bd1b19', 'f8c44fda-7ecc-11e5-aa82-28d244bd1b19', 'Re: judul', 'f40d18cf-7ec7-11e5-aa82-28d244bd1b19', 'aeb4f07b-817c-11e5-9fd6-28d244bd1b19', 'dibales nih ama LCU-nya', '2015-11-02 23:21:34', 'Opened');
INSERT INTO `message` VALUES ('e0836a9e-8183-11e5-9fd6-28d244bd1b19', '61ddb5a0-7d01-11e5-8cd3-28d244bd1b19', 'f8c44fda-7ecc-11e5-aa82-28d244bd1b19', 'Re: judul', 'f40d18cf-7ec7-11e5-aa82-28d244bd1b19', 'aeb4f07b-817c-11e5-9fd6-28d244bd1b19', 'ciyaaaat', '2015-11-03 00:05:11', 'Replied');

-- ----------------------------
-- Table structure for `ms_group`
-- ----------------------------
DROP TABLE IF EXISTS `ms_group`;
CREATE TABLE `ms_group` (
  `GUID` varchar(36) NOT NULL,
  `GROUP_NAME` varchar(255) NOT NULL,
  `ACTIVE` char(1) NOT NULL,
  `DTMCRT` datetime NOT NULL,
  `USRCRT` varchar(30) NOT NULL,
  `DTMUPD` datetime NOT NULL,
  `USRUPD` varchar(30) NOT NULL,
  PRIMARY KEY (`GUID`)
) ENGINE=InnoDB DEFAULT CHARSET=utf8;

-- ----------------------------
-- Records of ms_group
-- ----------------------------
INSERT INTO `ms_group` VALUES ('3c8027d0-3dcf-11e5-901c-00ff7f4e65c4', 'LCU', 'A', '2015-08-08 00:00:00', 'admin', '2015-08-08 00:00:00', 'admin');
INSERT INTO `ms_group` VALUES ('3c804b19-3dcf-11e5-901c-00ff7f4e65c4', 'USER', 'A', '2015-08-08 00:00:00', 'admin', '2015-08-08 00:00:00', 'admin');
INSERT INTO `ms_group` VALUES ('3c806e53-3dcf-11e5-901c-00ff7f4e65c4', 'ADMIN', 'A', '2015-08-08 00:00:00', 'admin', '2015-08-08 00:00:00', 'admin');

-- ----------------------------
-- Table structure for `program`
-- ----------------------------
DROP TABLE IF EXISTS `program`;
CREATE TABLE `program` (
  `GUID` varchar(36) NOT NULL,
  `PROGRAM_NAME` varchar(20) NOT NULL,
  `DTMCRT` datetime NOT NULL,
  `USRCRT` varchar(30) NOT NULL,
  `DTMUPD` datetime NOT NULL,
  `USRUPD` varchar(30) NOT NULL,
  PRIMARY KEY (`GUID`)
) ENGINE=InnoDB DEFAULT CHARSET=utf8;

-- ----------------------------
-- Records of program
-- ----------------------------
INSERT INTO `program` VALUES ('041cbe3f-44e6-11e5-aa2f-00ff7f4e65c4', 'IMAS', '2015-08-17 00:00:00', 'admin', '2015-08-19 00:00:00', 'admin');
INSERT INTO `program` VALUES ('475b8ade-4229-11e5-94fe-00ff7f4e65c4', 'AMEL', '2015-08-14 00:00:00', 'admin', '2015-08-19 00:00:00', 'admin');
INSERT INTO `program` VALUES ('4d49ad68-441e-11e5-aa2f-00ff7f4e65c4', 'KM Portal 7', '2015-08-16 00:00:00', 'admin', '2015-08-17 00:00:00', 'admin');
INSERT INTO `program` VALUES ('e52d1c22-467d-11e5-aa2f-00ff7f4e65c4', 'Digital Repository', '2015-08-19 00:00:00', 'admin', '2015-08-19 00:00:00', 'admin');

-- ----------------------------
-- Table structure for `quota`
-- ----------------------------
DROP TABLE IF EXISTS `quota`;
CREATE TABLE `quota` (
  `GUID` varchar(36) NOT NULL,
  `TOPIC_ID` varchar(36) NOT NULL,
  `MONTH` tinyint(2) NOT NULL,
  `YEAR` year(4) NOT NULL,
  `WEEK1` smallint(6) DEFAULT NULL,
  `WEEK2` smallint(6) DEFAULT NULL,
  `WEEK3` smallint(6) DEFAULT NULL,
  `WEEK4` smallint(6) DEFAULT NULL,
  `WEEK5` smallint(6) DEFAULT NULL,
  `DTMCRT` datetime NOT NULL,
  `USRCRT` varchar(30) NOT NULL,
  `DTMUPD` datetime NOT NULL,
  `USRUPD` varchar(30) NOT NULL,
  PRIMARY KEY (`GUID`)
) ENGINE=InnoDB DEFAULT CHARSET=utf8;

-- ----------------------------
-- Records of quota
-- ----------------------------
INSERT INTO `quota` VALUES ('6967e143-7ec8-11e5-aa82-28d244bd1b19', 'f129fa59-7db4-11e5-8cd3-28d244bd1b19', '10', '2015', null, null, null, null, '5', '2015-10-30 00:00:00', 'lcu1', '0000-00-00 00:00:00', '');
INSERT INTO `quota` VALUES ('69806adc-7ec8-11e5-aa82-28d244bd1b19', 'eb0cb712-7db4-11e5-8cd3-28d244bd1b19', '10', '2015', null, null, null, null, '3', '2015-10-30 00:00:00', 'lcu1', '2015-11-03 00:00:00', 'lcu1');
INSERT INTO `quota` VALUES ('6df50706-7ecb-11e5-aa82-28d244bd1b19', 'd46b498f-7db4-11e5-8cd3-28d244bd1b19', '10', '2015', null, null, null, null, '5', '2015-10-30 00:00:00', 'lcu1', '0000-00-00 00:00:00', '');
INSERT INTO `quota` VALUES ('6e2238fd-7ecb-11e5-aa82-28d244bd1b19', '9a8d5214-7db4-11e5-8cd3-28d244bd1b19', '10', '2015', null, null, null, null, '5', '2015-10-30 00:00:00', 'lcu1', '0000-00-00 00:00:00', '');

-- ----------------------------
-- Table structure for `quota_per_unit`
-- ----------------------------
DROP TABLE IF EXISTS `quota_per_unit`;
CREATE TABLE `quota_per_unit` (
  `GUID` varchar(36) NOT NULL,
  `UNIT_ID` varchar(36) NOT NULL,
  `QUOTA` tinyint(4) NOT NULL,
  `DTMCRT` date NOT NULL,
  `USRCRT` varchar(30) NOT NULL,
  `DTMUPD` date NOT NULL,
  `USRUPD` varchar(30) NOT NULL,
  PRIMARY KEY (`GUID`)
) ENGINE=InnoDB DEFAULT CHARSET=latin1;

-- ----------------------------
-- Records of quota_per_unit
-- ----------------------------
INSERT INTO `quota_per_unit` VALUES ('912345b1-7ec7-11e5-aa82-28d244bd1b19', '61ddb5a0-7d01-11e5-8cd3-28d244bd1b19', '10', '2015-10-30', 'aa', '0000-00-00', '');
INSERT INTO `quota_per_unit` VALUES ('912503e8-7ec7-11e5-aa82-28d244bd1b19', '62c6108f-7d05-11e5-8cd3-28d244bd1b19', '10', '2015-10-30', 'aa', '0000-00-00', '');
INSERT INTO `quota_per_unit` VALUES ('91250637-7ec7-11e5-aa82-28d244bd1b19', '698aafda-7d01-11e5-8cd3-28d244bd1b19', '10', '2015-10-30', 'aa', '0000-00-00', '');
INSERT INTO `quota_per_unit` VALUES ('91250724-7ec7-11e5-aa82-28d244bd1b19', '89562ac9-4355-11e5-ba5d-00ff7f4e65c4', '10', '2015-10-30', 'aa', '0000-00-00', '');

-- ----------------------------
-- Table structure for `selected_topic`
-- ----------------------------
DROP TABLE IF EXISTS `selected_topic`;
CREATE TABLE `selected_topic` (
  `GUID` varchar(36) NOT NULL,
  `UNIT_ID` varchar(36) NOT NULL,
  `MASTER_TOPIC_ID` varchar(36) NOT NULL,
  `DTMCRT` date NOT NULL,
  `USRCRT` varchar(30) NOT NULL,
  `DTMUPD` date NOT NULL,
  `USRUPD` varchar(30) NOT NULL,
  PRIMARY KEY (`GUID`)
) ENGINE=InnoDB DEFAULT CHARSET=utf8;

-- ----------------------------
-- Records of selected_topic
-- ----------------------------
INSERT INTO `selected_topic` VALUES ('3007b065-7ecb-11e5-aa82-28d244bd1b19', '61ddb5a0-7d01-11e5-8cd3-28d244bd1b19', 'd46b498f-7db4-11e5-8cd3-28d244bd1b19', '2015-10-30', 'lcu1', '0000-00-00', '');
INSERT INTO `selected_topic` VALUES ('300961c3-7ecb-11e5-aa82-28d244bd1b19', '61ddb5a0-7d01-11e5-8cd3-28d244bd1b19', '9a8d5214-7db4-11e5-8cd3-28d244bd1b19', '2015-10-30', 'lcu1', '0000-00-00', '');
INSERT INTO `selected_topic` VALUES ('56649dc8-7ecb-11e5-aa82-28d244bd1b19', '62c6108f-7d05-11e5-8cd3-28d244bd1b19', 'f129fa59-7db4-11e5-8cd3-28d244bd1b19', '2015-10-30', 'lcu2', '0000-00-00', '');
INSERT INTO `selected_topic` VALUES ('566908a5-7ecb-11e5-aa82-28d244bd1b19', '62c6108f-7d05-11e5-8cd3-28d244bd1b19', 'eb0cb712-7db4-11e5-8cd3-28d244bd1b19', '2015-10-30', 'lcu2', '0000-00-00', '');

-- ----------------------------
-- Table structure for `unit`
-- ----------------------------
DROP TABLE IF EXISTS `unit`;
CREATE TABLE `unit` (
  `GUID` varchar(36) NOT NULL,
  `UNIT_CODE` char(5) NOT NULL,
  `UNIT_NAME` varchar(50) NOT NULL,
  `UNIT_DESC` varchar(255) NOT NULL,
  `DTMCRT` date NOT NULL,
  `USRCRT` varchar(30) NOT NULL,
  `DTMUPD` date NOT NULL,
  `USRUPD` varchar(30) NOT NULL,
  PRIMARY KEY (`GUID`)
) ENGINE=InnoDB DEFAULT CHARSET=utf8;

-- ----------------------------
-- Records of unit
-- ----------------------------
INSERT INTO `unit` VALUES ('61ddb5a0-7d01-11e5-8cd3-28d244bd1b19', 'TPU', 'Teknik Informatika', 'Teknik Informatika', '2015-10-28', 'aa', '0000-00-00', '');
INSERT INTO `unit` VALUES ('62c6108f-7d05-11e5-8cd3-28d244bd1b19', 'TPA', 'Teknik Mengaji', 'Teknik Mengaji', '2015-10-28', 'aa', '2015-10-28', 'aa');
INSERT INTO `unit` VALUES ('698aafda-7d01-11e5-8cd3-28d244bd1b19', 'TBC', 'Teknik Mesin', 'Teknik Mesin', '2015-10-28', 'aa', '0000-00-00', '');
INSERT INTO `unit` VALUES ('89562ac9-4355-11e5-ba5d-00ff7f4e65c4', 'TPG', 'Marketing', 'Marketing', '2015-08-15', 'admin', '2015-10-28', 'aa');

-- ----------------------------
-- Table structure for `unit_leader`
-- ----------------------------
DROP TABLE IF EXISTS `unit_leader`;
CREATE TABLE `unit_leader` (
  `GUID` varchar(36) NOT NULL,
  `UNIT_ID` varchar(36) NOT NULL,
  `USER_DETAIL_ID` varchar(36) NOT NULL,
  `START` year(4) NOT NULL,
  `END` year(4) NOT NULL,
  `STATUS` enum('0','1') NOT NULL DEFAULT '1',
  `DTMCRT` date NOT NULL,
  `USRCRT` varchar(30) NOT NULL,
  `DTMUPD` date NOT NULL,
  `USRUPD` varchar(30) NOT NULL
) ENGINE=InnoDB DEFAULT CHARSET=latin1;

-- ----------------------------
-- Records of unit_leader
-- ----------------------------

-- ----------------------------
-- Table structure for `user`
-- ----------------------------
DROP TABLE IF EXISTS `user`;
CREATE TABLE `user` (
  `GUID` varchar(36) NOT NULL,
  `USERNAME` varchar(30) NOT NULL,
  `PASSWORD` char(32) NOT NULL,
  `ISLOGIN` char(1) NOT NULL,
  `VERIFIED` enum('0','1') NOT NULL DEFAULT '0',
  `LASTLOGIN` datetime NOT NULL,
  `DTMCRT` datetime DEFAULT NULL,
  `DTMUPD` datetime NOT NULL,
  `USRUPD` varchar(30) NOT NULL,
  PRIMARY KEY (`GUID`)
) ENGINE=InnoDB DEFAULT CHARSET=utf8;

-- ----------------------------
-- Records of user
-- ----------------------------
INSERT INTO `user` VALUES ('3dfe9b79-7ec7-11e5-aa82-28d244bd1b19', 'aa', '4124bc0a9335c27f086f24ba207a4912', '1', '1', '2015-11-04 15:06:41', null, '0000-00-00 00:00:00', '');
INSERT INTO `user` VALUES ('b33d1077-7ee6-11e5-bc1f-28d244bd1b19', 'azizah', '81dc9bdb52d04dc20036dbd8313ed055', '1', '1', '2015-11-02 23:23:15', '2015-10-30 16:15:01', '0000-00-00 00:00:00', '');
INSERT INTO `user` VALUES ('cd8ed273-7ec7-11e5-aa82-28d244bd1b19', 'user1', '24c9e15e52afc47c225b757e7bee1f9d', '1', '1', '2015-11-03 00:13:45', '2015-10-30 12:33:51', '0000-00-00 00:00:00', '');
INSERT INTO `user` VALUES ('f3f1e27d-7ec7-11e5-aa82-28d244bd1b19', 'lcu1', '467c5f3efa7368979dd02ea60c5e225f', '1', '1', '2015-11-04 14:32:37', '2015-10-30 12:34:56', '0000-00-00 00:00:00', 'aa');
INSERT INTO `user` VALUES ('fc73573d-7ec7-11e5-aa82-28d244bd1b19', 'lcu2', 'befeac7b4849972f2a2e4a38081c3372', '1', '1', '2015-11-02 19:57:48', '2015-10-30 12:35:10', '0000-00-00 00:00:00', 'aa');

-- ----------------------------
-- Table structure for `user_detail`
-- ----------------------------
DROP TABLE IF EXISTS `user_detail`;
CREATE TABLE `user_detail` (
  `GUID` varchar(36) NOT NULL,
  `USER_ID` varchar(36) NOT NULL,
  `UNIT_ID` varchar(36) NOT NULL,
  `FIRSTNAME` varchar(30) NOT NULL,
  `LASTNAME` varchar(30) NOT NULL,
  `ID_CARD` varchar(20) NOT NULL,
  `NIM_NIS` varchar(15) NOT NULL,
  `EMAIL` varchar(128) NOT NULL,
  `PLACE_OF_BIRTH` varchar(50) NOT NULL,
  `DATE_OF_BIRTH` date NOT NULL,
  `GENDER` char(1) NOT NULL,
  `USER_ADDRESS` text NOT NULL,
  `HOBBY` varchar(160) NOT NULL,
  `PHONE1` varchar(15) NOT NULL,
  `PHONE2` varchar(15) NOT NULL,
  `CONCERN` varchar(128) NOT NULL,
  `ABOUT_ME` text NOT NULL,
  `CV` blob NOT NULL,
  `MIME_CV` varchar(255) NOT NULL,
  `PHOTO` blob NOT NULL,
  `MIME_PHOTO` varchar(255) NOT NULL,
  `DTMCRT` timestamp NOT NULL DEFAULT CURRENT_TIMESTAMP ON UPDATE CURRENT_TIMESTAMP,
  `USRCRT` varchar(30) NOT NULL,
  `DTMUPD` timestamp NOT NULL DEFAULT '0000-00-00 00:00:00',
  `USRUPD` varchar(30) NOT NULL,
  PRIMARY KEY (`GUID`),
  UNIQUE KEY `USER_ID` (`USER_ID`)
) ENGINE=InnoDB DEFAULT CHARSET=utf8;

-- ----------------------------
-- Records of user_detail
-- ----------------------------
INSERT INTO `user_detail` VALUES ('6ff867a4-7ec7-11e5-aa82-28d244bd1b19', '3dfe9b79-7ec7-11e5-aa82-28d244bd1b19', '', 'Aa', 'Admin', '', '', '', '', '0000-00-00', '', '', '', '', '', '', '', '', 'application/pdf', '', 'image/png', '2015-11-03 00:44:06', '', '0000-00-00 00:00:00', '');
INSERT INTO `user_detail` VALUES ('b3446847-7ee6-11e5-bc1f-28d244bd1b19', 'b33d1077-7ee6-11e5-bc1f-28d244bd1b19', '61ddb5a0-7d01-11e5-8cd3-28d244bd1b19', 'Azizah', 'Putri', '111', '222', 'azizah@raharja.info', 'Tangerang', '2005-12-25', 'F', 'Cikokol', 'Mengaji', '0813', '0857', 'eb0cb712-7db4-11e5-8cd3-28d244bd1b19', 'Banyak', 0x89504E470D0A1A0A0000000D49484452000000DC000000A0080600000067BA023B0000001974455874536F6674776172650041646F626520496D616765526561647971C9653C00002C024944415478DAEC9D099C1C577DE7FFAFAA8FE9999E53F7658D4E5B32B2E413E353C18135E132C9EE66F301823ECB7E36B004C26E966C0C0B982C04074270201BB22C1B6C3E0B641363EB40C63660641B5B3692AD9164D93A6746B7349A7B7AFAAE7AFBFEAFDEAB7A555D3D977AE4E99EF7D7E7A9AAABAAAB6BBADFB77EFFFFFF1D05A04D9B366DDAB469D3A64D9B366DDAB469D3A64D9B366DDAB469D3A64D9B366DDAB469D3A64D9B366DDAB469D3A64D9B366DDAB469D3A64D9B366DDAB469D3A64D9B366DDAB4F9EC995DCFDDFDCB6776DDADBF096DB56464A65ED8B6ED3BF745A3914D91481428FEB329D8B60D3665C5A61DD4B6076D2AB639659052DA81EB54D9CED677856CEBF8D87FFCE890FEF9B569E0843DFAD8B65FB1C5665C374D8303679A26430F383C9E3118D94BCBB29C57D4E6AFF118A7D890CDE67CC0A9002ADB39B094432DF639EBBBE43665D9C1968394BFDF669FCDCF33F8570F7E65BFAE52DAAA12B87FF9C9561738F76209610597865817AF816F04C310DB8078FB8DC06BE5FD08552E9775BE06A27C216C9F552C422A95E280138E35A7992F0BF9020C0D0DB970DB023CA6BCEC7C39E8EFEF57B7ED0AF9F33A58190C6C1B14DB7DF6ED6F7DF3595D4D3570D36EFFFCE8E33EE00CC3E0B08080C7504002E2016528EB0E87B8CD70618390E3E4394AB6B99F2B4156DE6F78C7382A4915550D2F232323901A1D75C0A5D45362F66F946D4F8FA6F93A504FC57199CE6420934EBBDF8D19313BD84D63104F303838088542A12CB0CC428167206B975A03E7D9FFFB97C75CE09C0A6EF860082FC0E192A079A008A5237E0574A11130A99FE329AA032294F93C0913022741B2CB006753E5181FA0B60BA0EDAE3B71AB04321C68CF7D46459580CAD7087191C1488532ABEF45808BE8868B7DA661749B914837BEE6EF630A8FDBE3B1D82EF97EB401A6DE0185EE66F09ED4284DCC22D57199B4A4B28F14CEC3F1D413585140481FC4E83C881AF59E9281544480D6C4528899F50A70E0C236A77E19C4230D2E682A6C2414365060E375D6ADB8C18AAD16086E93FFC439BCE39C13A9FB950F52CEA1BC27F0B968F5F5F5A5D08BB835994CBAEBA2B48B02C9C64675FB66F5FD2D2D2DC1BFE901F6515FD228D514702410C3B138CACE42A4FE223424A27CBF53C77ADD4A2F6FC93206EBCEBEE86D10F5575AE66201A89F6FFE1A55654EFD6A9F2320D750ADE635AC712B3D807FB9A8F16AE75A64A5161F1A3512D052B74480540A1FF8123EE0733B3DEE2454E3BBB125D0CB3F31B0AD1CB8133D9FB62A072EF863BA6E9EE3FC4DF25CEC6E1F8FBA50110EA877FEFABA98784DDCE3A9FBDE0B02682AB556DCD909F4642F7A8007403D9D7AD6F7F932F552B46CB06CCB0FBD789F4162D0185DE8AA9B7A8C01516888CCF7F6294B93C4A131B2B01460B6AC23CD10234DE3C23711103D95F5D6357235081C094984F0753A39E8405127EFDC95BF768CF9EA6231576955E06291C035F1FDC4FD538AB49F1F4A1579A66243CEBAE4C2A92A78D12AC0B91C0DF93B11FE82076F40C523A41E629054CE47DDF747A00E11770E2502708342B3B5062234A978121AB99A5538B709408272D9BF35360DC0B4C277457E4423EA131E1538203145AD49C90D284F33CA7E0FC61C64D972D077D3B0491E12B0104CDAE08B49B5D51070081AAEABED6D8E7B59393AA8AC8C36784D7244578EB2AE829A00D2DF486D254DF047757A9104B385D3910B95F114E1297999A0D116B839C9D82EC413D156E5C079CE1F04609B7E12A84D1CD123D5ED724EC74DD0854D03579B311CB8311CB8ED6857CA782C44F133E9AC87CE17BBE918AEB6932600FEDE2257DA6C11E7495793CC4EE2FC8DF89AA1DA4B9A00803F6EAB6CCE64CAE019E4CDBF962B6D16C9EB18EE32CCA88A7841C952BAEA36037C3B9B0F0BC2586F76541642E39023FDFE9E351AB85A4D9A041ABF67D25D9F414750F18CD9A0763A869B35319CAFA7C90CABD978B9C5A2039D61D4306EB4B469405B0D0227633715BC9968D84D128B19A95DB5A36AC2442B5C6DC470C14EB4BEB16C30F314CE7FED04704CA8E8A35C630E252DE96DA2AD4680F3AD13D5B5AC06F520CCC524DCCDACBD104E0FD1A9399732089D3AED4135F5B9B2B1B70AFB3B2266ADF454A13A86AB45852BD10B7572A02A0B8F5C17D3AE05DCC03F164E2B5C6D285C499612887F22A02ACC4814988B699A144CA3BA89F34D19A119AA51E0DC5E1DDE3C23D5685691D166DA0CBC2A762995F95BB4C2D5884B591A8CFBFB51B62596423A5BA8CA2FBD68196059D579C370A79FD059CA9A8BE1BAD54C989B2F11E0C523F555FDC56306D3AAD666037F9672B3C6A8365CCAEEA04FA9CEDA456A20E5874A879577A6F44C71A769B0A174DA85A04BA9CC1CA6AD06800B9AD79DCB3F3372B55B81B99611B872D061A6D4999E5D6DBF269382D2038DEA10AE669326307D532BBCF94A47C0A4B4A28914040A5D566C07B4ECC9833556D2040293D76AAB21E0BCF1709E2B496A70B2118CE9A63AA29C8A614208AE55040ED874B654520ABAA749ADBA94257D29956701D49A61E37834EABF9778131BC9F420714726C8AE63A8625736CED35DBB6ADEA554658E4085932634E4B37DD32913A5E2079681F92085C3E54DFE4AC3C1715E13F146E2BA6912BAE07B10AC4281F0A236291032765398FC9A26CAC544BED6E074EBDA6A3669E29FBDAB72AE913237A50F28EA0204EE316A1DF3A64687C079A842A6D0681FACEA7BD4E403C65E081DF64841B8F279560A24000C0D05495D9F2C68A5E7206520F483A605AE569326214FB1B97C61F31E90A12A9B276EC4EBA86BD3900AA93E3D2700B07A1E0E1BF5C14CED1075A48E8B58283A230D5417CE9F4072C4D19B2EB0345BC8075828FBCBC1110433F8B53A0A4A7C6A1AF6E41E6D35045C306EAB94BAF1CA6F7B80C8CEC53ED500A93CD4E742962AA50391AD3EC24A3D0B21FE63958270A19A15D5DE2794FA9450A58D005196D477BC1F4C757F105C12F0A603CF1F08E4A53CF0F413746ADEA5E43D4D02AE64A5A08B479330BF6995DB2E35903A0F83A98BA23E523E0BF3F279D741FBFC8D62FF05D877E269C741140F1459D0BA0AD62E791BDF7FBEEF047BBD526C5FC9CFF5B3BDDFF5250DAF5E722BDC7AF57B1DD82C80BFDBFA790E06CF52B27F8BE6B4C3FB6EDDC2CF71A6AF8B2F17B36D68995C0A1EF9F9D7C50326D9F10C8285AD57C1EFDCFC872E303FF9F577D8E7F68AAC273E58A41E7EFFAE4FBB503EF28BBF8404B16199E17575396D9B90A6AA1B493D371EFF33C293263A86AB5197121FAB1B8FC72B1FBF31E5FAF06F3DE46E7FFDD4F3F0A35F7DCE851AABE85BD7FE2EAC5B76077F4F263F027B8F3C29DC5B27E1B176F1DB60F3860FF1FDBFDCF70306E80658B968A3FB37EC78E91FDCEBCEB1986C71EB5BA07DC106F71A16B62E8773BD5D1C22ACC02B175E0BAB165DCBABF2E94B9DD037DC03776E78B7AB76EB96DD04874EEE11E7A4EC5CEB61C5C2F5EEF776F5921BE1C5D77FE6EEBF6AEE35EC86718DF8FBF6826551FE249CCDD12C6C8A78FD5111B8A356043A0A51D85D8C39D019844F07887F2A31FC8F57D60DDF93B7AA9862014B3E5FA898C2F91EC6C814A3FBE23EF7F5FAABEE8462C106AB88994167D9D2B0D0DD9F8831456C5EC9B63BFBB0F22E9F7F9DBBFFF8D90E78ADFB05DFE7AD5D7C2BA44629F4F503A4460016B5AEF0ED7FCBF25B9CE7C6E139D9F95632D8A41D3D7D10F61FDBED3BFEDAE537B3E36CB7AC58B8CEE7FBDDB8FA6E762E4B9CCF866B96DEE8BA909DE75FE7C0A498B87D27D3C08B54B67A46D526B3005BEAD2F095FA61D840F2EE393864360D3C0C52377CD70C70E5827B98862C65D745FFB3E8AF9ABF89C35614D02D6A5BEDDB8F2E66A1603BC714B0C26F742BF4B1D3FBE0E0F1E77DC7AF59741B8C8E507E6C9181B066E906DFFEEB56BD15AC820084ED5FBD5801EEE401E81DBC08677A3A3D4057DCE21E6BB173AE5200455B3CB71D9AEAE6BAFB55200F75EFF19ECACA4A47310A9F4D35C291A2E90BE0E632F83E91C8C047626976DD9673F3B1E4238B6DDF33C7BFFD3FFF4193544B0AE7A6002A9CA594D0BD71F239DFB6950B1970AC7261A5C6D82D682B166D1215DE86052D2BDDED677B8FF38AD83370014E5D3CEE29DC55D7818D959529C592392B4ACEB774FE2A3EFA01CFB7B8AD1D12F124DF8E90A5B3A3FC3B78E6D5ED9ECAC61BE02DED3783CD6E08CD0D73F9EBA0AD6FBF899FAFA97E0EB436CEE7DBFA477AA09FB9A75E4692B8AEE4D7530DF042CE797CB31A96DD1E2B32C5CB3AF0A2D259547936B8EDFE3E1ABA1A00AE5C3C5749E0F034E7FB8F33D772445190BB381C784757DD4969AB975CEFBA948EBA8150B70E48A5080C0E99F0CAE117DDED739B1730A856F0CABA74DE8AD0EBB86EF5AD60B18ABC7AC95B94F31D74B38D074FBCE43B7EC3CAB7F28ABF6AD17A77DBFEE3DE3137AF7B3B0704DD4F57DDBAF6B830C907A2F0188DC76904FE291387DE92717A04EE885BF0DE98EA5EDA2E6C94DAB36CB2F71A76297D2A47D4A9F22AE39E12E5F51BA73C3770C9DC354C711A3874AA3B99165026E28DB068CE6A0EC8E239ABBC0A7FEC00E4F2063FDFBEA3FE38EEF60DEFE4EA876A26EDA9971FF332974C0531465AB36C832F7E93179AC9A7E180021DBAA178BED54B3D401F7DE67B9E6A32B0EBA2F5B052714F3970E0EF976A08E8B06488013F1E8DF960934D17EF4F14A1D52E42DE1CE2C0B9711DF57D95DA6A2569E26B16A894C2116FDABDCE0BFB7CBB562DBE815728840FED74CF513876EA559FCAA1622D9EEB0179EAC2717754C369E60EF60E5EF001851575D97CC7053DC98E7DF5B007E5F56B6FE39F87C7F98023E028102B073B5F76F7D5D72539746B0470786CDFB03FD6DBB0EA167E0C4F0EE547E1F8B943DE34151C32A17084B89FB1AF18F1C1E6FD200E74A8FA089BA3705CE564A301D16E650D254D7CBD4C2A988491777A55E11C05B9CB016EDE5AFEBA6FE83C1C39ED01B772F1F5904D3731257180BCC4E0C2E4860AC83E25BBB87CE16A98D3B400D6B56F14709E80C3DDFB598C967201BA6DC36FF3A5037827737347390C4400F25AD76FF836696FBFE1FDD0C6DC5519EFA1BDF4DA2FDDFDBFBBF9A34AF6F490E24A068AE10187E554D128810D0D5DCB36705C4A59289DE6A1091AB83751E1E42F5B2185739F55C02A59AE300AE7FA8E7999C5A537406B7211D4C793AEC21D3DF58AA2583730F7D0AF6E1C36573D08741C7BD1F7791FBCF73FB9EB271970783C4227EDFD777DD853B7538EBAE12F64980C04D3806C310D07BB5E5692311B9478EF35FEF7F854505C3BDA6B9DBFF1E0F20D750A0C7D3202DF6B00BCEBD9B5D8B62580A352E14C0D5D8D0017F0FF7C4A57499712DDAB2EC5AD9CD3BC18AE5B7D9757A1993BD979F6388C669C38AE8129D1EFDCF66FDCFDAF77753835CEF01211C7CE1E74150C6D5DFB26B75EA2C2A1DABC7A5449AEB478099A23A70E786EB4AB3E0657B9B0BFFCD899D738EC032397E0CCA5AE92FDFC7DC44B9490925117DE599799341436B46B4C5351371EC3B92EA5762B6BC0A52C5138E5AE7CB92E2501FFA0D6D74FFADDCA7B6EFC0377BDF34C0F0C8F9870A8D36BB3BBF9DA3B030A474422C28183B0D2717CB72FEE72813AB99F43EE264602E6C46F0E684489B15E3BB9C7E7564AF733974F3B603205DAF3C6AF7CFBCF32007385B41BB311EFD9CD25446D8A586561E33785881D6C1698858FA5AC45E0823D7C8917785552E1247C38A708264ED4E60154393454B5F3BD171C28BBF6859EEA0DE61AAA8A2493112A70D2D08D94151FDBC64E5F3CE1DB7FA6E70464F3A33ED854A5DB73A41428C7ED74403FD4FD9B1275930AE99C2BD0534719E9803D4DCAC1C6B39F75D980BB6F57572EE04DB699DB97B24CCC55E9C983D467CE6165EC3CBF0FD62FBFD3774CF7B9E3EEFE37BA3B4260EBF04D52ABC642FB4FBCC4152911F31AA74F3145E215DF709A1050CD962DF09A0B3A8EED16FB89E7FE19A2E33F7BBDF7E8B370E775EF718F3F71F6108FF1F0B84F3567E1FF30B772DBAFBFCF41C42FF25C7F37DF8F4006BF43090E8E7258438A705BA438C68F40DCF7A0CAF1BEA64A9652E354CDC09569EC9677E74AF4E19323C5D404422870E78FB9D9C2534C8D302EAB577A779C3C7FDC4DAD733088F3FC6F6A38435A8E9E3E001B57BD4D51B04E476D0400C759AC77CF4DF77919458CC71010A94886F7C420ACD9E7074EC277B67F91832ABF0713E74FC7F63AF6DF7F6BC9C25FBDF6531815532FE03599A6E12A25A863E0046C750CA03F8C67C6850DC2E73351DD4ADDB9B2369226A0C026BDCCBA0A644DC04D9A6085DC7FE2D72547619B19912E1BABB841953B7C6ABF038FCF6DF35CC0FD9DFE5E22677BBBC08C186E79AD7B0F7C77C757E06F1FFD2C3CF8C34FC1890B87C43ED90BC4C97E4AA84DF659DD3D6F40246ABAC58C3AE7EAA3265CC5E2AC3F48E64B275E92CF6A56464A58ACC42D1BFE736C94F79F1C0FB6D399B8A78AB61BC34574E2A4CA15AE44E9889A49737EF0E6F852B67EAE022AE764EC7062D653E7FAE0D2D00598D7EC650C7B872EBA0AC153F90CB01BAFBEDDAF58D2653394F43A7562434CE57FF3D13F87C3270FB8B3489B11D355443CE9A193BF71DBBE226C9F4C80A82EA5F3A713E72EC9B751FF3C29387ECE763A21DF112FF263FF7134EE32E44006601BEE06580C167C24968165863D2E6C6809D3F6DC49275B8967C34E98D83460C9231974F4939FF89826AC6A800BCCBC2CFBFEF902F6CB8EDFBCA90846D306F4F619EC9C36BC7AE405F857B7FC5E89821922E6DA7F7C3724138D5CF9D0BDEC4FF5782EA0DAB685BD355875C40CE189F38E6A819833C84DAE48D109CC19E9F673241EC4AA5F62C811EB024209D47E2B06699A817AE240379781F477A938646CE7C6C2F3BDECF8045B7B7B240FEF89E627E446CAE5DC68013EB2F41CFCE0EC127E373128FE85DCD5C8B2628BA32DA1741ABA2A4A9A748F95B82C9B599982C4A552CC151B30788545D579E1E0D3DC6D4C6546E0D2C0050E8ACCF261BD1F6080EDD8FD7FDD395042158988519B3671665556140988D7C40144D56D7F55273ED8648696BA6EB53FCBE8A817C2B8BB10837B0448D7446DF85A7306F61522CCDD7464720EBB8EDBA2C531B39161B0C9EDB7B70DF1BD8F30E88AC522F68EC6F68E9C021C08E8F828020D5D15264D5457B2927369206CBD7D11C7B114CA71A6B7134EF59C10F398509FFBE72A0D0DCE9909FE8CA274810D679A3D23381B81ECA2464AAAB8A7704A8CE9CDFDA5D67FAF17B6376318859D8538BC8DA957BDD85DCFAEEBF6B8C5F659E18085C116BADFBBC2DB1874680F9FE14D274D02B8E09910405B4357054993A09CF940A3B422F3B38DA488804DE9DE247B7530B5C2A405AA5B24E2242A4C911031E57EE6469A227633DC4EC0FEA49D543BC3F07AE53BC783AFFFA21928F25C226C148913F53A65A2C76B47940DDB59B6E19F73758154BE02CF65C226B7DFD63A041F5972165FB5B1D2C24A23F2CD4A5CC4753A915235C005E09353B381FA30C0CBF0294798B25DEAF56093804810B0D2474C842D0095417C50BADB83EEA4FA258B2CA30F2605281F480A4C6A06D59778578E0579BCDB96E85CFFCB76145E2C444B618332E095858D84C226EDF6D661F840FAF1FFCA56B117F55C05BC042B31E145B9D0CD76F0AAA6F3B23BE98FBA6F8AE7C6C955FBFACDD02607379D6F2A0DCF41D0C28A54310E10558A5420E282A42A930A985B8240C118C5754D15D51437821FE4E3F08B5C64022EE458B04159D8E47A9B3D70D707533FFA56ABD5BF1C4344569A455C975032986EE3F86C866EE602575242E6439C0271B91C8173172263CCC7AFBA81E5802A2D8494512B57A16809483041A0C63A8080FFBC3E179529F3A3C538FC7D1A3397632547A60E9B5C8D43AEFD5D9927FF92417795703111BA0691C18C69E8AA4CE1D447DC4E3569824F98E9E9354360739026C42B9302AA8CDB3721A0BC0C4979A0C67CAFF71940BC78CE8B41091C642273FF681D6CCF9AD06B8F91899C126C9ECB594773EDEF49EF7C685DFE8D1B95B82EA9401799EDD0CDE476389FBFA766E1A60ADC25061BBA93B29AF85DCA717A259129EDF2FCD532E726E3C5A213EDA128B39A3239EAB6051AFC065260EB3B2D023BF2362C011BAE366D4810509E6F0070380FD05D00F81043E4CEBA89C2E6DF1E85E2BC5BB27BBECC5E7EE1706CDD3E701B427CFD2D2D51E86CCB6056C7C33CDC7910E918B7DDB16D78D8844CC6E471557885A5E3D5E72901E5BCB7024095FBD8C0B7E134FF898670190FDAB834B8F2D94CF92ED8069CC3C1A316559EA7E08CC8A04C87BE9FC526121BEE884D0E36679DA92AD80DB7655FFEC6C2E2C56FEDAADFFCB8804DF501F2E25DF66C83AE6ADAE14A9328134F9AE47892C41813AACB53290A53A7753CD59AF8F94ADAF104784E3C4A396CFE095D4BFBAC52F1BC851F146DC8120B7E3B4227059BBA6365B1EB53F5A399054F34BCEBFBC2A5C4040A8EC84D87281D3F53AD835735C373D2E90C3437374F3A698271DBC51E73FC01AB57C2EDBB4CA026F25184288DE2E2D903D47440C2640A6FCC07EA7BCA8FEF26479D0792D8CCFD7CD432E04CC1822D116BD2B049632AF7FB1F18D9BAE0F1C6FBFE5AD43753C91DE415F026E7B268E0A657E132994C89DA4DC406074DB08AE4CD71FBA600D478BB27321CD0778CF8B38920918821435E87029F43EAAA1EAAA161D9F01BF6DD658A001F312D16F38D075BF09959CEF6566B70F307877ED4FE44F2DEFB07CC36E95E52E54F25023ABBD695AE6A467C97340B4CC89564B1DB8831A96C5FF8CE71A02A93B52453CC5A1252BE4C043675580E00F15D9333BC07DCB63A99C9344503BFDABB26CA96D12881438609DF2C46C29B16C260A3CA76B1394EF3EDEF4A3DFDD5ABF2A7D681D76C30EBDAEAAA673C5C10B6093C2AA9B7373231A0C814812A03152153076A3CA826FBDEF0E3826D8CA2C9C3ED6503BCA3B6031E2B51032EB0E5E78B269CB2E8F8B0853537E0E8459A6BFFADF4B30FADCBB9CD062A74B3A2D9A06A26110AB6C98DA772D84F121FD53B1D40C10C02CA97CA20E54AE03C10D25BC59D114DF427152A689A123A138AAC7C2D45E195C1FA49C326CDA476C32DE9BD5FBE31B30FA7449B13025D4D2B5DF5F434A130E19E26F870459CDFBF3ADCBE8903351E54130E2DCB7C76C9C872C3713723DCB564256640B1C1866F772E80E7FB1A02B091716193DBB1D96063E6E057EE4E3DF7AFC1DF07533692FB5CCC5A82AEBA6238E5B71C2B67323C6C806591AA71FB260AD444A11ABF670B947482264A2F1522C153FA66E26809042F56E700F9BFBBE7C077BBDA4A3394E3C0A61EBF2ADFFDC7EF1DDAF9276C759EA2760D01E86A6AB441F58C87F3646ECC2C25AA1BCE1F59364338896C5FE5DF4BA152938E9109EE2453B8FEE07E3EE05500698AD9C130C67BBE2F093D5903EEBF6620CD54AB7E32B0C9EDF38A7DEFFEC0D0F6E4AE863BBE33106993D94BE952E6C4B228DCCBAACF60564DD2A4B4D13B1CB89111675E7C63C6C5519374FBC651DF720A4542FA804EFD6F2760B3BA5EB03390B74761742407F981B80B2196C32375F052DD5BFF220FD1DEB16123E14AC8CED1521CBAFBDEE19F3FD85A1C901D9F9B024A175105BA9AD5AE0A93264A3C17025D6AD4A88E38EA72DCBE8A01E5150A1658340FD9620A52A9340CF7E5A1BFCB84A1A34D307C60190CBF740DA40FAE82FCF176DF639FB11C895FFDEA8EE4BBEFCF90BA53E5618350D8E43DB58EE6DB997BF9BDF599376E12EE6530A6AB890C66154D041BE88A44C360233C769B0D6EDF545D5E9C29D9A245B0EC02D89441966A002BCDEA733E0134D30034CD3CC3A21172A3B3DDE0594E3D2FA1039CD8CC6C214F24EF7D6073FAB98FCEB1066E9F0C6C72BB09B4E1A6D157BFCACEFEB93712D7EC83F20D3755DB07B33A460B805FD528D0D066389C796BFC8A5ADB40A98650215C1CAC4C0C683ECAA0AA079265C291651E5BDE996392A8CD2DCAF3BFC7EABF2AFB688AD77DF8710CBADCB6C6F77DE33D233B47E6177BEF9D0C6CD2308379EBE89E87E6172E7DFBD9A63BB7079227D8DDA820623A1BAAB02B5875755E1E631221EC3399CB19EE6F50C1470F4C09AA2B999441A0B014ED3C50A6F0349B0048370229D43925DD0AA6FBF00DF03D9FBB5C3B278CB31DFCBF817C441076CF2AFEB4F1DD7F7FE7E80B27D7E44EFCD16460536D65BEFB93748418CF35DEB11DFC333ACB6F8743576D53F1550570CE9D34F0A3077E299CA384105A59A866804A050DA1B268813FA3CDC836835D8882914B82996F8258BE9155F9880F26D95939E892076F5CBE4E051032F6D05BEF66BB3AD896FDEC77D91F4F24F0F13F59C5D5C3623DDF70FB76A69C7475BEF363E00E38201398EAC1B355B9AE4FE057C5A0DB065E07672F98169F594DD055C57838B5915B4D9A442936DFF4F0ED990CA909A0E47B8B32C6B28B3CBE22C538180CA84801C16A02C34AB840959DFF256CC6B390D983822EA3F2DE5DAC74B3759CDBBDE3C73FFEE1B3F23D226921E32B53014142673F97BC633B4D11824A47C79888681CE8F029969441F71884CDBC214AB5C4733318381A4C9994DC95A346822FF379701ABA67B0DB57EEBD967407AD3C9F83DC28242192672EA0550F31AB81C135373481A1DE783C050BAA19945532B5343636A217D13DD0DFFF30828590FDE091EFEF1FEB6FC0CA2DDBC5C03FBCC65697CF276FDF81CBD5B9CE8F4D06B4A0D2E54974E4A5E45B9F0A421D004F0377193993C190AC899234F1BEDF74DA28DBD03D13A092564077502857B43087AB56D46A66A515A2C566207674EC8445A882A9E3DA68A89AA9F0CD9D3B17E6CD9B0B4D4D4DB074E952B63E0FEAEAF87C0AEDAC6C0667C6EBEE471EFEC771FFC610E87CAE9E581A0CBAED78190CBA8F4FF5FB5C9B3DFEC941B3B9E770E29ABD227EB394620BD59DF1AEE58C7EA6D7673FF70597AA152B56407B7B3BABAC5E7CF27AEF53409AF7424F4F040A45F2A603E5C65922C6C20C2129C6206A374384811567609976126276AB930D948A33C6BA8428DC750C533E673D1A8D31B8E6C0E2C58BB982216408D7040D6F765B5979E09AABD79E1CEF60A54D4CCE5D1211D9457441B0111BDBD4DAEE1A79FE7DAB72DD7F3CD5EF3C4BE2277FD6FC8ECF0D465ABB44667450246CF202420DDCE5D8FD9FFD7C2870729AF1D7FB9E04ABE115B8D813BDA240C96F0EAF05632C4C6410DB146035411D9D03119A8484BD70828AE525256C5F82C2CB2ADA63C0D7D6D6C6A04AC29C396DB068910358535363A57E068CE3B68C075E087418D761EF7F9C89191BB09B0574F75D0E74E7A20B1F7BAAF91DDF13C17BAF800E933605A9B03319BAEA984448C670EE6399BC001F67E19A0A581301CAE70EB218CB4962142041178061D731B092D0008B214EDBC0A0B15070265A42B281A1AEA365D910894420CEDCC0782C06C96412E632F55AB870012C5EB4683ABE7AEE661E3E72F421A1784363B8976A1C0742797CDFE4738D776E75E2B2A941B7A0D0732F5BFC1326A6C199525DED8132E3E3B8190DDC987D2945E6722C579290C96B3B6F2C16EE60842620465BA10EDAA08DCC653E5223F391E63A2A4B9C9B80A33CF2196DCA8886607ABDDC7AC86CD2B82C160B5CC91209760DF13898A6090DF5F5509748F8BE0FFCFCC1C12118181884CE135DB0FEDA75D0D6DA3A1D3FC7A759B98F81771F836EFF24A1830074DB28107375AE6BD2311D7692BE2E7D70E381FA0D031032525C0357A94C65A0E3B2FC97CF8FD1BB64BC2E4E769127320C1A810499C3FC9F16A837E6418C3441A3B9B4BCFB0765D2EE5358E7B14926C3FF86BABA0453AE38C4E3751C342CF2F1CACA13477D9F2DFB35E2EB6C2E07AFBCB20FD6AF5F074B164F8BDA6162A58341872EE6231384AE18F6CB3CDF78C7F63C89A7AFCE1EFD381F693009EB8E2F3F2F405361D3C0552053E9478F82DBAD4B26E18A1619F7AB2E0A7710DBB61ACD25EC8FAE873883AA397A15070CDD415969EDF1BA364DA2047B6658C522E40B79B6B4789C85CA158B46E1AAE5CBA1A1A1C1F75EF53A3CC526A1EBCE53553DF08E1E390AF3999B198D46A7EBA7799841D7CDA07B768AD0F1B6BB979337FF7C20D2DC7B6B6ACFE7270ADDA5C89C3DC36653BAF48E5C1D56352EA5FB3CB6405CA30A196F2C16EE609434B09284A6C85248C617409DD10C0DE68232FD03C3BB8C8DE7D296030B0BAA568E290EC65BB1B8136B251B5861A02558FC256F1C6160850125B7955B57C12B5A168C8CA4A0ADAD753A7F9EAD0CBAF649C47445F0B7A1E17AF168DDDA3D06A55FB83EBDFF937534B77CCC1B2718993D0D373E29922439A579A06AFA55CE78E0D4CAE46B83934993420E1A22F32161CE8144B4051A230BA135D65EA2164137B06C5C0863F5D22805D1B28A904933B8F279A8638A55C75DC2182C5BB694A958138FBDFC508348F73B75110772DAB61D0A57F03B9888CAE1D262C08D8E4E3B702D22AEFB52B903CAC474AACA71F80E27AEDE7B213AFF73F70CEFFA74939DBAA91C6CCF37DEFEBF2E46179C046F3259095DD50037A3FDDECFFCD9FDEE97884D02CBDBDB95B6AAC9B44F851715C489B892A85805065684B96AE80AD6D727A0B5B5558065B82EB0DA30EFBEDFA68A3B4C7D7F87FA3704AF437D2DD7C3B6A9EBDD5D9DF0CE77BE8341BF6CBA7F22742B578C77D0184D06D8E28E034D1B05C0AD37A7F6BE7D6DEED88762B43857BE69C06C39B43B79CBE302B63ED11CD08FBB44B65282874D02542B5C25B294107401C3BB364D2AC61A43C18A85020C8F8C401453F04CB9EAEBEB61D1C285D0D8D40811D32C4D8352EACE7AEC4C31EEEF608D3361C96BB7D5342A554F434B1EE618A674612AE764368B70E6F469181E1EE6D77C05AC7D22078D93BD94DBD0352CEC49DEF4142B2FAEC91E5F1BB773CD7D91B6C1F3B1459784A2215CD8EE3624542EA870BA59A05259CA42A1386ED7A689C65C6A41F72F1E8B437373138FB3B09B13361AFFF4A73BD9F628AC5F7F2DC4D81294071FBACFDE561C044AA897D9716619E7331CBB6E306EB0E56D5E4C3ACCDC49543977C239EAB5290663B52078EA7E742107FAFBA1B7F71257E11B6EB81EE6CF9F3FA37EC931A05363BC8228A96375AB07850A1A627F46409712E0055D4A9D34A9649632C5D4267C9CD6C463AE7A4CB5333710979815C4128D4614C5F02AFCA64D9B60DBB66D5C2DD6AC590B8B972C164F1B25EE238AFD02E750E641A680254D541D83FDB3451D511F9355BA0E651324B8C4E9DF53A9140C0D0EF01B12BA94B7DC720B2B375F91DFA7B7B7B712D0A90A6709E046C1DFA86D0B38B3A264046C0555DDF468810AB9946E5B14D0D027A1060B4EED96483440B2A19EA9538CB767A14B28CF25EB3219A3657CE9D22570CF3DF7C0EEDD2FC1EBAFBF0E9D9D9DB060C102A61CF37807E092605840E85C03F1544D6456B9C051A184C2ED74DFA7AC53DFBABF4900950C152C9BCD423A9D863C8B27D1F5455BB366355C7FFD26DEDC70A5ACBBBBBB124A275D414BA8555E00271FFC21EF42C5800A5AD596A19CF14993FFF2A77FD625E384E69666D8B8715349BF42042A623A7116AA17660A3115EF298137C77E1870EEACC38AC2A92A820AF2EAABFB18705DFCBC262BB8C4DE1CC9C62457C938CF4ED681892EA29066AA74F1F2254EF8365B5957131FB69B40C16D0818C665050615C2C50163AF7961DBB0B901E3CAB56BD77077F84A1A82FFC31FFE982DB39BFEF6A1BFD93F95730492296A42C500FF33E5D4E6042BD0B4505523BE677CEB3C836E23AB805B5A5B5BB76CB8EEBA0EE60EB6D437D46FC264464274732A551B5231E0E47B11BC3367CE4057F7491861EE6D4480172C98B9C406676C0E70B645F9C4A984CF64ECCCE948D8D2906E22B69B09886CCB76012B140BDC4D745F8BD2DCD4042DAD2DB090A92DC69DC1E4D295B21D3B76C2D9B367F0B33733E09E9DEA7902D0A9994CF575D8A053A836D8AA02B8A03DFD8B67BEB860FEFC07C6FCA3A60138F55C58F1317E191E1E81FE8141DE549067DB54F0103ABE94DBA2DE7A54BCC68EC8782E0F2A0F2E0E288316D513CFD5DCD4C8554C8E7B5341BBD2C03DFBEC7370E4C851DEC9E072811B03BC71B369D538216CA4DA2E187B5034616F8D32EA76250CDD581C67B6640929713FD10D348801236CDD104A864B621A7C3BDF6610D1E0ED345263FD31995B8C6EA4841520BC21FECD3474695F7AE9653876ECD8B46431057874A2C756A345AAF1A22FF5F6F1CEB9A669CEA8EBC23169B2A9A0A5A5D98305BC871F0655A934C33A33BFF3FEFE7EF8F5AF5F60CADE37AD9FA31F393C030DEFB47D7DFD3C63A86DFAEDC0810370E8D01B9820D15FC62C048ECF75822E1B76D265F11CEF56A5ADF28649A2BD7B5F65AEF2088F37B5CD4EE03AE40AB6479D3D778ECFD7917026C2D15601C3F6B523478E713752ED58AD6D96BA94AA6186EFC2858BD0984CF2B809930EDAA6E0A6170A70EAE429387AEC1853B4516544C3D8DE462532941AB82AB4D4680A46474779EA1CC19BC6C1973565172E5C8053A7CEC039E629A09A4D4ED1C843FA1B9CA5C079E08DC2683ACDE7FFC046E864B241FFCA8A611B5F7FFF005CBCD803E7196C98809AA2DBD84D88066E3600D73D9183D2990C64B2193EC10E8297483800CE46C30453EFA55EE863A0C9B88C77279B7A7C36C860BBEF6FBEF1B5218DD0E48C54E345FFE4F1EDBF623FF8667F8F10315C46E93D22B7B93D4688336200FB3DE2C86C6CC09E4A4F93D2FD816B002819A9EEAC4FA61DAEDC0874675FF01C6A4C8B0A3F34342C66F31A70FB6A6223BBECA7298173FB728A6DB6D8A6BEE6132E59B6ECEB39C8B66DFEEBAF3FB85FE3337B5CCA07C099A074D296C9667991436D24784E89F265B5582693855C3E07E97486C5AF691EC362E6D65660A9B06186788B866D96291CDA635B77FC898C2126A3703E4502EF38F77DEC1F82875DAF5009711F4E5B8786DBB177CB955238EC918F6D8D857CC11D29C021C3213AAC84A956B972B90AC794ED21B6FEC0835FFDB27623672370688F6FFBE91751ED2A0D9CFB5E754A0331E25B9E0B3B15CBFD0821C228DF2FDD4FF7EB0D3EA949998B0541421024141CB2A2C53B06F3BE96D841982F3D48AC31209A06E07631E01EF8F2FFF8924EFFCF76E0D0B66EDFF97EB6789855F0962B095C582CE7DB06507A2D621FAFC89657D94B0B9D09C075A3A27DE981CF3FA231D1C0F96CDB8E9D389FE143AC5ADFA781BB6CE076B16D0F7DE1BFDFBF4DE3A1811BD3B6EF78E26E56AB1F90194C0DDC84811B64EB0F23689FFDF3CF9CD45868E026653B763E7937ABDC5B58FDDEA2812B7B2C42B6955DC3D6CFFCE9A7B59A69E02EDF9EF8D9D338286D8B031FD9A481B33AD872177BBDF5D39FFA844E8268E0A6CF9E7CEA17CBD95F8BAEE67DEC252E5B6601701D5810322C1FFFA3FFA0DD450DDC9B634FFFE299BB19069B9C780F98FA91F62A07AE5B02E6A4F269C7BFDFF261DD66A6819B99F6CCAEE7D0FDDCC4D040F563F0413B7743015A661870BBD8FAA050AE6E065CF7BFFBB7BFA7DD430D5CEDD8F32FECDEC8C1030E61BB8008D5B145018EBF9E0270DDA248E0D83AED16C07533E0BA197083EFBAF71DBA3B95366DDAB469D3A64D9B366DDAB469D3A64D9B366DDAB469D3A64D9B366DDAB469D3A64D9B366DDAB469D3A64D9B366DDAB469D3A64D9B366DDAB469D3A64D9B366DDAB469D3A64D9B366DDAB469D3A64DDB9B65FF5F800100EE63DDCAC18541A50000000049454E44AE426082, 'application/pdf', 0x89504E470D0A1A0A0000000D4948445200000080000000800806000000C33E61CB000042C74944415478DAEDBD079C1455B63F7EAAAAA7270766484A141972CE82808A091556454101B324C373F5ADFB1606D0DDF53DD734981362CE22EAAA48100328A20282E43CA4214CCED333DD55BF7BABEEB9F754A7E901FCEFE7FFD1D2A6BBAB6EDDEAAAF33DE77C4FA81A0DFE587ED78BF69FFE017F2CFFD9E50F00FCCE973F00F03B5FFE00C0EF7CF90300BFF3E53701C08C7BAE1B1430FD83A13E2E1BEA13BAB355719665B59007D534FBE57CD4E43AFA1EB44E23DFF93F96E62C161D4F865ABAAE6B91E609771CFC6E1806E0BE8140C09E9FFDF6907DD836282B2BB3F83B3F9EFD8F6569F8992EB83F3D1E5D17BC9D2FEC3714B0F5756CEC162BB978779C277EED738FBEBDEA54CBEA940160C6DDD70FF4FBB41BFD35FA04F6C3B3E8450D1242C48B1FBC8D5EACE071EC02858CA1EBA26D0F777CDCEEF57A213333132A2B2BA1B6B6164CD30C3907BE9E09DFDE876FA7020CFEFDE184CBD7855B1F6E1F3A9681B39CFDBEF7E3326ADE78EED1B7569E0AB99D340098E007D55778FF9769C2289C4F4FF2415C936A884BF681915407FCBAEB097ED0D8072E025D5C747EAD34FE9F6E81E17C71842B5E7C1513BDFCCC5FB66E6A9AB39FFD0E64BBBD83FC2C5FE254E5F134B9061C85753EF1DF9710EF81664D53A1ACBC16AAAA7D4CD32D6E6FA45A5707CAA1DA572E8562D942122FB1C6161A28536099CE2013C7B24F268E379DF5A64504CEFEF3D77A989901A8AF4C00767DA1BE2815021589F2BA3320AC8ECBA8CD7921F7ED6FFE2300987EEFB54966557CAEBF56BF957D35348F09DE96C5E03DAD183C2935EC22EB526078E1B96575BE1B42107C47143A0A58B701A3919F678FD6712E4DEECBF6B2D733A3CD6424B484CFE188D30D005D08596E5597C012DFF96F36D80471EC077081F803A87D9A2D940A7F11D499D52056B1636B628C23590900F66FC0529F11202611B0FD9FE980C0068089A0B1E1E18CB7C4DCA6B3BFBF3C016A0E3405DFE1A660D5C5D9F0494A4A7A47CB28BAE3F9871696FE7F0680E9F75ED32D509ABA9099BFAE5C0071A71F076FABE360C4FB6D8148EDB42F12482DB501E0D8002950430AD512C277C0A020E05807A9F97C8C16740C40AD5716C6B9FC9ABDAF2606E8AED315EBC53ADC8660B5DDB99827C02455EE2F04BF592BB53A23DD0BA96971909F5F0D75F58E2451EB2D21B580B40A9A2DC00028738EC2B5C4E700DD9FABBE5867CF2B80627177C38012F079A076FF69E0DB771A58011D3C1E4F1EB30657BD38EF9D75BF3900A6DE76D359669DF139BBF84DB4041FC477DE0B7A728D2D145D688573B185F08939B6B593693F5E7C4397D75800C1B0DF0105CC41C18583730A01A3B041B36CC1D996839B0D0B24380CC31129BF609A4021B20207206E00A0A3E0A0D12CE79DFF6F5A7E28AB2F64C208480DE7876AD52A119A66C5C3B61D65505D1500536C434DB74DBEB00A26592F850E8E59C0F5A6D07800B785B05D05CEE5A0054CB1DE64EEA17A6367B0AA92F9F5AD4A4CD3AF7CEEC99797FD6600B8F5CE89FD755FCAB7EC60C97A6609C49DB10FB8E94741EB44D8B6C6EAC4AC0BD3CC856C0B43B384A9772EBDC15D868E3E5DFD305B83754DEC8BC0127C01409AF8B4E478A8AEA997A7E46100E0AE23600380BA0F1B0244F836CB5027692966506FD5412533FBB678250F7084E3F1703FAC431517BEED122CE5D7519B2D93800085897380DC660921070877B01D81E9081E2C707306BADEAF43FDF68EE03FDA926FF5E9F1FE0B173CFF46CC04316600CCB877621BA84CE726A69996751C3C67E409D246FCBC0692E849F3AF11C171DF6F83C312DAAF497FACE95CFB2D97501DAB82A65ECD0B1AF207123D8030E3729BDBD7E35CF8A329FDD3E428C53C7C660D54F98BA5C9470D3789A90662D295F9171011020AB8B45F997D65199C97B202781C870D4882698AFD6DED1724927F1666C5BFAB1304F24FE73B571859A503E73FB268C72903C0F533AE3092A1E5B7CCCC0E839472D03B6E07CD3095D001D9B900808BB153ED17C45057A65A97E65C1038020A6ED635B24E0714BE30FB84D98398C7D01D0DD71D236ECF64109000018DF34E988190762D237AD5FE52C5E2410919CDB85C2BC91F0ACF944070848A00A03E1F41A2C0628A03482B603A5C005D8024920208366924EBF904FE6DDDC12C6CCEAFDBAF664AE1E005F33EAA3D25009876FBCDF77820F1312D8E99D8CE9B408BAF0B225F41E65F27E6599A75740D94F1D35050534001108451857752FBC55843237A2BAD8C46B4DD61FCE8FB55E817CC0174690D2C5BF32B99F0CBED81EE785C81419A63AAF16085D770707888B402324CD4A45570424431867005AEE98E2B20A126460701621DD0DAD47AC1DA3408ACDA78D0E3EBFFF7C5675E9B7DD2009876CFC4161E5F93DDEC02A640BB9D0099454ADB21C8FC13FFAF0B16A80901E8F6674D82058120AD861092217E95615B0E2B28ECA3E000F41D727E9BA091DC800D019D9E2CFE3E1D80187E5B906C7D0D133C07008A900A3958D3516351F8D23D586A6F692DC4B800F1F920AD8919E2022CC21B2C4E3EE97A531C471CCC44AB20DC81A7B239585BFBF20495AFC477B0C707AF7DB1FB840130EDBFAFD5F4BAE487BC7AF2BD564A1998ED37D9D2941A0EE8E72D11E7EBC422207347610B6DD414C9439048AD4780E80E680CB18FB4000275D24D088019D20510B71214263AEAAE804623007EB5AB0365506FC7F816509F805A0B16119C45B611CB40AD80092A1AC0D090AEB788D64B7720B45E460B2469645A646E2EF080D85F08DFE1088EB530F6F403ADA4051C3E7C787E567660DAABB98B23A61DA30260D42567A7F4EC34E020136C465DDB0D00C9658EC0A589B7489CAF2BF6AFE1774B84868620680CA1723B0A82867620C99DE40054A07608A6489BEDF329E0408145014793C2A7A095F6845D9A9A40A99DE0A18BD26BA5F920FD3126876868E77C932491FA7350FB2937802E0104CB5796406ABCB410268B66704EA1FD221C44EB1408103E509D06F13B46F0F96A771DDED066F927AB0B4F080063AFBCE4864E1DBABD6AC65782AFDDCF8E800C47F0826B49AD33846D47C1DA9B51FB7543689C65034093695F5D0A5B45110C24248BA74BED27C0121AED848F0836D47A8B1C5F23240F8F234E59EC5FED679A6F554B013B98906AAD9C010A596AB44812A170C57F52BB0910400A35404820B82D8345C8A30B3C16018025D93FFF60897050BA0071203E2661F730D02BB360CD9A3577AD5DBBF6C94603E0B271A38C1619EDDFCBCACA1A5797B507EA33F38406D2100F882051A32D79713D62A04D0479E8078AD983B01AAA3600C2F76B92C94BBE80E2E3E40F9470F19DD60A24F9B4F7332470D065D013E79A5F6FD6BA4C3EB59594E52BF286C0D0A4E04D021477860F85AFDC038E5569611A15A8E451005D8066391940CC164A7F8FEB4124862C953564EF9E92B69070B83FD4D4D47C9D57B4E1C2651FFEE46F1400FA0EEA9E7CDEF08BF779BDDE6695ADBE076E055C31BF0E2E33ABEB685A55C8E5410DC48490A8075066EF2E0C09F34FC824EE87DAAF832904E9EC6FE884244A2BA0D2C28800593B10E7571328619AEF0365CCDD8B5BF841F13DAF1E8A2AA132D9EEAC1F48C12ACDC630CF24FC41E5084C121A82A3F1B296E01041BF30FF48F8ECDF6039603005B9B07F037BD7EA132075D7259C0C567DB76E69ABF5DFEF286B1400060CEEDBF5C251A3B78016D0CADB2D97AC4FA7C2D795162B8BA049526720C993E48F12414D856742D8D41D0417851CD7E07C8EF378202E4E873A5FC08914849F37489888BF01CD0D86948EF0B9D9C710D99217410370933E0206E5E72D2928740BA8D532F72F099E02905BCB0977B0D47C9414A2054010F1B27340980E8607C7BA08CB80A9619CCF14E332F65E06BA3F093EFBECB3E13B76ECF8AE5100E8DDBBF73563C78E7D27E02D87D216AB546A17047BD795EFE7E55CA5C5BAACF26188A7AC81930544262FC3319BC9832078968B504A77A18B848E201EF10C0001A6268E90DDAE0443470107120900D4062A98D9AFB153B7C127AF52BDF20BC9049ACAF48BBCA069E22712C20599729C5371028B8491968BF805040F50E12082421481100082F16348882E408252BCD20F9D0B71352D60F9F2E533BA0E3AED85775EFC22C4D48505C0F5B78ED7B7FCB2E7AECB2EBB2CB73EA1004AB3D6C8781AC3343B1C04A17582C6EBE2C2EB82FDDB5C40D71DE1DA1540CCCBAB860E64F906B1223A1685C42FC41051269384E550D181028B8AF3316C440B01E00B54DAA19E264AC778089ACC455858E41F1909589AA47A4E0997247D82AA7B922F04258E701BCD099896E54A15ABBA81292D82890008289EE124843082406038692D0E8EB4A3C321BEAA2D7CF5D557F7A7B5D01FF8EAF39F023101A0579F1E71F17189B31800EEF7251C81D2CC9F001BAC6891C7D17E9A9FE7C216C52149E2741919E8C4FC6B981802CBB5DDA91A12C64E5C03828CC6F23AA67D7515DB63E148127EF65F9D596527793470D71B94590FB604EAB37201E8F72D257C9720A9968BEA01CDEC2187A0261E82800322027015812CDB3A98017785D07E0548024A5A07675D93C2A19058D51156AC58F168557D71CE965F76D7C50A002F03C09CCB2FBF7C76ADF73014A7AF91240B44EC2F052B01E0C4FD06F2002C014BC1A99E009937D08184788E3531341A2568F25820DAC264B2885607014BC6C2D220508545E25A5F6B96CB3C808573BBCEDA02D5D187D44D536450B3885906294859E1B33024345DC2A4829740A2A95F092EC7CD98E8C32D5522762C42800180F0061309A1E00026C903887D338B874172752758B66CD93C0680990C00BE1801D0DD9BE04D9E7BE59557E6D4C41D82C2D4D522BC73F6D07545D240A7451AF4FD84F8613E5EA6880900645690A688B140A389E33852C1CC1E8D12D0FBE822DF2C5A4D548E5FE36CDA0735A6D32CA34BE1AB44301F83C51D0E6E95AC71DB033B774F238190A48D30EBD4BF833BBE9704D1B2045814B934D1B2C8028F02973D9649DF3449E6CFC27050949C49BD0084856A5A3A12526A3AC1D2A54B1FAFF0157200841487220220313E65EEB871E372AA3D07A120E53BC0AB2DAB78BA30FFBA25B36DCA94931E3ED089DF17A19F6EF7EAA85A020D1341D40630AB0834C58B29654B12501DFD924601E08897377354B3700F7D3E089D96C5200400217EA8FB52F0CE005B401A287227FDB0A9380235EB109C2340938E2E429A7AB52E80C0090297E3EB494D00499F4C0611508818948791CDCB46426A6D1758B264C9E3E5B5058D01400F6F5242CADCABAEBA2AA78A01E078D24A19F649A11AC8E655DE1FB5DF0105CDC4A902912A03EB32A250605100A0656057B651968B75915676889E6A2DD36C53AEB12B52C584CF2F2FD23A9A2802915A56BA8EA182135A591AC245B80797C662CEDE92953E05002CED86BA82106B21856CC98CA2B21CC2FCA34530553AD812FD00206B02A08080C7615F5A549C0B690C008B172F7EBCB2AE70E6E6F53102A0775F0E80D4B9E3C78FCFA9320E407EC237AABD0B2B6C4804837B0025714333AF4BADB31B388936A3EF9616C2169C26091D2D0723B790AC9F247F748DFA7407103CCB1700BF247D6828F0DD02E9D1A4BE734B6167DE2CE7984ECA5F692E000DF54C997451CC5E0104133BEE7542D349B8273902B12A3435EC4D33A0BA34E0987AB10366FF6C43133065D868D210917D3FADFA026852DF0D3EFDF4D3C7CB7D053337AFDB151B00FAF4EBC90170DF84091366551AFBE1B0F76B51B913A4CD91A20000327477560F7982232CCB31EBA48A688790A47AD8243D1ED2D2E2E0687E8D1086EA01A0564601C09239062C08E1EC9CF071DF0F18EE49CD47C269894D9AB40C384E3A0B0D5D8002884ADCD0D0CB92C44D09DB525D3B44F8AA39C474BB11A01D434AEB0382B004FCA6E000E2B7A0EB1116401E973689B06DAD6A2F8426FEEE3600CA6A8ECDDC143B007A79931353EFBBF6DA6B6755E87970306E8593C0B185862800D1922D626DC2FC9D54B13BD52BD9BB4CF992640FFB2F2BCB0B4DB312216F5F39BB00B82F9006134D9A7864FEB28F0040E625786EDF17A890C294E014424522E858024B6E4761E3770B54120A041195499C204199A6028032EDA6EAE645C68FFB82E207B23680296292D0095896F2F7A2D40BE47896CC03582A329096C08236F5174356A0277CFCF1C78C031C9FF9EBDA9DB15B8094A4F4FB264E9C38AB9C01E080B14C75D8182417203551913F450655FA57176E0041E1B80843347C08DF2F22044796A2742BE7C5DCBEA5AA7B6CBD07052652C53C67CE5BB96CCF4DCE4CC35E432A6450C247EB4073C232A3A859CA0A10F31C304D99820D102B6051219BCACF2BD66FCA103000C11C81760651818AF0D054DA2D7310C405609108EF2368E71F0D59662FF8E8A38F9805E000D8113B00529333EE9B3C79F2AC726D1FECD396382211CCDF710796EDAF158BD70500044397554343A47049F20605AA59A4D59BDC28220140FA0B80904A743F80252147A09CF1733A85F44EC7BC0539594CFCB81B435488AB6E24092A7C8153FDF39BCEED60011364776EC0B4DC7E587004AC06CA6D40BA84A5ABA02EC224E56190F57EE7F63393DC27A06A0666C00A8A0CC046167F6F6F5D0ACDA0372C5AB4E8F1D2EAA33337FE1C230038094C4B6932F7FAEBAFCF2985BD90677DE1B07B43984DDDBEBCD2FFDA17CE105A2ED3C1A25864378308428739034C00694EC156357458EE94AFD04069F6758C1C084914E15C6DA08C51BE3AF4EAB6B590C45E9EA5294F5AE5012CA5F102749AB04C36F9349C173B0D5BD0F5CC1FF317178EB2021C1842834D12FEC9B42E0DEDD0D4879243C92BC009E3A455C1A28F408E0A072D794C4900C58B0F3A03C64073AD0F2C5CB89001E01803C0F6D801E0F524CE662E604E20A500F6985F38BEDF30496CAE130D71341F3514CDBC4C18C91CBE008804802153C1320A605B12E252A0797AB63A16100EA0ABC651E7CE1F4E82EAA12E506D4F5A5B570A15B5F9E00FD410E15BCAE413B78093AB7E04257C8C5A3CCCCF2424E89092C2D878AD09D5D5F5EC184C1BFD42F34DC7570748BF3E460701E9EF298174470632E70F84145A2AD5EC58814068D54F96832D273C446B413A83B2F53F410BBD2FBCFFFEFBB605D8F0532300101F9764A7828BAD9D702CF11B484B4DB7D9BF4CBC884290262B8384F5BB2A7ECECD20D81EA6C820ADE36382C831FEAD327BC1F8B39E8293590A2A76C0818295B0FDC8275056731034C9082D990E56ECDF11BC4EEE55D00D679D274E83E4640F346F1E0FA5A53E2829AB079F2FC0AC80E30202F2A5E276D3525142D8B2AF4CFDD2F2B0252A79A4C207A8E54E7BB84C0523DB171361A3888C0C1000C6E5D05200A08403E0C76D312682FA76F7267A53E65C75D555B38FD76F81CDBEB7C01B17CF42B5E6909A9C26F3FE782B9886818130D1D8156448532ED61BA04C7E50EE00B382FCD532BD174C3CFB999302002E3C1BB83DFFDFF0FD8E879955705ABF2C2978E522F01C005D8048431BCC0278BD1AC4B3575D7D006A7D267BB7EC9B4291FC05028AE1072C65AEA5E0493610858D0D9D98767601C4C47C014601A6CDF6E51C92E8290B64615E8064043BC78D83D33DFDE19D77DE9957527564D62F3103A04F779E079873F5D557CF3EEEDF021BABDE90CDA05E6F0264A464415A723AD3129D147A30878FDA4F5C04BF7F174343C2FC5D696350403A8D0360F8A901002E2555FBE0E3B53743555D9162FD581994B90CC51B9080DAA1AEE15807AE697EBF123E6ABECCE6615E9EE6F24169248679B26B88A481690DC244668FB795A3D02D92F63569480A0E40844F3185E9E99A7035B4F20E84B7DE7ACB06C0FA355B1B0580D9D75C73CD9C63759BE097CAD7D56D5E220AF0C4C5316BD08401A109C41B1ED12584168010385BBB9DFA3EBD6144B2705DE50250234F4BEF0993863F7B4A01C097A2CADDB0F0C7C9501FA872257F480E49258C6C9364A9F05003D19421B44E36632801B96EE40492CB07C7CF43842290B21822A388DA6E0A378149201219A8A491E31A64744052C23D12C743EBF841F0E69B6FCE2BAEE400D812BB0B48494C770050BF19D695BF42E262C73F620730F7DB4909C9909A940E4989E976764FDDC3A772F81A29FFCA1CBFB8C34716667404400F983CFCB9530E00BEFC92F72A7CB7F33197157062467141744730C1EE2198A4C9BC3FB951C3CDF6836F0153F13A601E408689EA990060623F2096789D2210123D20407308A066670381A4A2D13DF4489E006DE2070B00E4CF5AF7438C00E8DDAF870D80499326CD39E2FB157E2E5DE08EE175272164C84E2047BB0D8F0149F1290C1069F6BB2E7200F85008270114943CC2CCBE66496BD032AD2703C0A9B700CEC5F6C3CBDF9E0FD57585A04ABD345D4C92489ACA1D70DE60518185DCBA6D4AA19A42FD25000088F6BB856F11E13BE65F75F8064CC74604B0E193967D054AFCA40F000922F603F4499D086D1387C06BAFBD36AFA8820360738C89A0FE3DBDC90969B3AFBFFEFA39F9351BE1C792F9AE8E1D6ECFB1B287C9210353B6BA48F13279C7C72532202441823799B98964F0D01E005DDDEDA38BAB8F7C8093C0EB4E3107A0CBEADD4FC2CF7B9E97C257F9024BBA2284066E97757642E894F0DDB500D52B208401A45804CAFC2B3760490217305518296F16117E44DE0822925132D760AA32304D07F74B9F04ED92CE82575F7D9501E0F0ACB5AB630440DFFEBD782A78CE0D37DC30FB70F52FF043E17C9911D38523B70180757883DED6A5DBE1A2A6A9848D211E07C22389784F82FD4AF0B0CF46BC9D1206F1E41024812D990BB86E446417505C910FFFF8E05257868FEF9B9ED41C2EEC3B0D8674BA322A008E946E8477D75C2BF655F900005210125540BB051C50A86E46EF4EDD12C68F1C00B071D41DFE61DCAFD8BF62F4B421D436FF7CFF0011ACE5DC0FA0C8A0021358CA7D70B4F5CFB80EDA259F05AFBCF28A6D01D6AEDE141B00FA0DE86D03E0A69B6E9A7DB06A3DAC3EF6822281067105FCBB475404319E176364FFBF2E1A393C5CB81E398F2100E46104324E8F8738F66EB0C93C6C609B8CFE70EBB9AF44146061C5417876C545E4049C5EDD7A76D245A55530E1AC876178B78911F7374D3F3CF5E500A762E8BA18428B5C7584A07C3D10818950CE2DC8A07A80CC0BA834344D11E33300A4053115B838220282E0497763AA1E04534CA432838A08F27503B26E80339287C2CB2FBF3CAFB0FC70230030B0B737352963CECD37DF6C03E0BBFCE79C5BC274D2C727AA82B62540508028F9EAA46348EC909AA5437D25FF81BABA151CC1A18B1E004118DB36190C7FBEF0C388023C5EBE1FE6AD18E21CCFCE3718A29398BF7BC0579D02F78FFF39AA1578FDBB2BA0A0623B59431A43B5A0EF405C026DD208D260C5FC0948C4779C510109DC256369CA4D99E5A3051E9CC33431245482979F45F608ADC5C0A6374287D46136000ACA0ECEFAF9FB1801D07F601F5E0C9A73EBADB7CE3E50B90E561E7AC6D17C4CFAE0CD9506A8277D08A1CB6C1AB1062038427C92C6CC9961FF60AC0DD8CFF2D1B122E8440BED9A0C8A0A80636579F07FCB7A2817402B7AC09FEE0530EBC2CDD022A37DC439DEFEE106385CF293142D6ABEA285327528052FFDB6A5E081661EA45570FB78E6EDC0CF13477E2140090C4B867A16123E49F2685869BACBBCA4055C8684D82842E6E3F30F6E76339C290070BC9403E0D7D8003060505F0980FDE50C00879F768A3D48FC483E40E5D175DBCC1B021C4ECBB82A1FA3963BAE41D5073C06CEA55A3DDA67C60080A53D147983E0860F809B067F0E3D5A8F8C38C7FB6B6F87CDF90B1931F5B2571C3B7E9CD2754B4D8ADDBF547301433620A619F726695F9E4768D9211ECA8AFC505E1470C5FD4A58EED8DDC9E76377B0207F845FD09230ED1092892552991CCA00D021ED04019096D2C40140C53AF8F6D0D382FD836ACD3248C38620053A0A5BAED3658400C255381180477416899B4A0DD23CC206B46F328401606154003CB0A4874CD8A0D0C9B32060CAD0C5D0F5F41111E778EBC769B0F1F0DBAE75060382870181BFC7E95EAC290A12282C810CEBC01DE649E13B191B7C80ACE1D56CED0F04D46360549F5F104740336E053F1584B47E93BE4004823751035F0D290D8BF56735BF193AA69F0D0B162C681C00060EEE675B802953A6CC3E50B11EBE3AF89434FD1A15BE247F3A69EEE4E553740BBA8A067495F8C1AE5FCDC092B2031E4DF0815800F0CFC5DDD5F1C599502B100B00361C7E2BE2762E549EC5F0E8DC42B068C5B6109A341094E92320B00FD0D5EB6F0501C6B28066F130E4B390509AAAFB17933EF84C0027DD1B6AEE39F2797592BA0AFE6168CB5B25008E951C681C00B8057000B00EBE3CF014E0431DEDB89F683F68CAF7838677000B62A88B248FAE4242274CC4D050B57FA375E0358476CC05DCDD800BF8E7E7DD842B0A0501FF672A0340B728007873CD540680B7A99BA76F2160702C8417E218183828D0DE6088284BBA109C010495F317AC0ED3C32AD78FC274EEDC0A48960FF24E20BC11549A7ADC072C99260E88F91008679FC60090315C0060FFAC9FBE8B1500431800929BCC99366D1AE3006B6179DE93CADC7BB0DD4BF87E7EEF9F2126D3D4BD82DCACCB14B0A15C0526891C40182A09A48BD05000E09E8BA200A0340FEE5FDC4DDE3FA889DC04A6EDF93FD338005A4506C01B0C00BF1C725CC06D23BF808ECD86BBB61F2C59CF228D11A8F452F3EF0833F658F90E7862C5052E97C0053075F8DB90DDDC3DF6A9AFC6C1CEE33F905E3F20CF12163781BA489F73707C2814804AFC58C4DC631FA00A430146B49A02D90200478B390036C606804143FA7BD35333E74C9D3AD506C0B27D4FA8989E903F90EC9FF6D0018906F0EE215DDD31146C0D745D66059D7C826693C07B2E8E0E80FB9805506568E754E8FD80D387C50E8071BDE6C3B04ED7BAB697561F85BF2FEE0842F6801F722EDE02CD52DBB9C656D414C1035FF4766A8B24DB77CFF95FC1E919D9AEB1333F1C0C1575079466A35B3003A2BF90081F338401714FA2084C4CBF5BF8787B982B25CCFEB101D064C4490280B980E57B1F17F70108126790162DBC590453BBE8FF251104A7FD5BB07CDD5040B105CE1F1FA3BB3B8ACFC81A0CFF7D71140E2000204F4053AD690884E9672F86EE5100F0FA0F5361BD00C0855DEE874B7AFE2564CC9F17A6B85C037F3D7A452178796C17B4DCF16E9A9D83883312ECEA2797C2DFC76E81E4F874D7B8DBDE6CCB7E62BD8CDD1D8217207D7D2492C0B4B2D46C4B167B544B18D90F2B86226C1DD16A2A743A21009CD5DF9B919A2501B074F73C99F89177E0E8A8C16E9760FB7E0059FD5316C250E0D10898B076209E23C4C7C60280B99F0900D0B6312CE3B2D76DC3BF6000881C06BEB65A016048FBA970EDA0DC9031F7339015551F903EC06B24C363E38E879D6FD6C75DA1B872BF2D100E82446F063C72D55ED798B2AA42F8DBA21E807F9FC0115A406ABCEA0022B58700B9B114CBBE287C10FB918745D1FB0246B6996A5B001E061E29CA6B0C0006300064CE993E7DFAEC7D656B1900721D0D96A65F307A570A1894C0A57B200F6D3054ECEF4A1EA1E6F3E651B1BE7DD620B8777464001CE500F8B49BABA64F4F887FBF6DC41751F300AF3200AC1300E8DCF452B8E3BCF742C63CB2FC7CD85FFC03A05DCF4CEA00FF18BB39EC7CFF5A3C0AF616FE20CD7F56723B78E8AA6DAE317B8EFE0A8F7D7991AB99034035960282400AD994C921207C40D60CB0440CA01E17230925C0B9EDA641A7CC91F0D24B2F350E00831900D20500F2180096300BA0DAA4D52DDBD82584CC5F3D25CCCDFC359135D445A8609034B14C26E9CE8321F8FCDC02FCE5920FA20260F627DD42B49E028193B5680078E5FBA9B0F6A01306364FEA03F78DFD3E64CCF3DF4E845FF33F9657AA43E670F8CB854BC3CEF7F48A892CAAF858C6F99C28CEBAD4FDE0EE9F772F8105AB6F54A61F4C4906559888DAAC9E070096E20354F8923F08F028EEE0588873DB4F87CE270F80750C00B98E9FC5A77463FE9E0F364473A8A14ABB9A14303E359C9042B99D3E36965A0BC306C0BD973600808FC3B8005D9DD19DE74407C0CBDF4D910088D79BC3BC09792163DE5F7B2F7CBDF319C903FAB4BE0AA68D7C3DEC7C6FFC70377CB3F379C9D407B6BD06669CE72E682DDFF40A2C5C3F9308DFFD2C000486EDF703968B2750766F8AB6222C37ABF42F19CBC69CDB613A746100E01C20BF705F2300307480B7495A533B0CCC2B5D0B8B6D1780027617856456903C2350D7DDB788C93F22A1E3AD659A7C3E802490D295E8D0BEE910F86B340094E4C1CC8FBAAA7921940BDC792E03409BC80058C00170E02DFB02F21EBFE72757B0DFE6710B6CEBE3F0E1FA59F2FB399D6E876B063D1276BE4F37FE0B3EFAE5EF324EBFB0FB5D70EDE07FB9C6BCFBC33FE0CBED4FC9F632AAF152F8A609B4B153651CC9CD9FA65BEB2D41FC20880C9ED7C1B100270080810C00590200EB60F1AEC744A2472302A61A8E8257C4503EC7CF20D94209080500D035D753453840DA330BF0D7CBA270000680BF2DEA2ACD3EBA193C23FEE9AEF3BE809ED100B0720AFC7C406502EFBB742B9CD6A4BD6BCC0F7BDE815756DF22B5FAF23E73E1D25E7F0B3BDF77BBDE8005ABA6CA9CC184810FC2E85E7F768D796AD9ADB07AEF1B90E049045E47B75C1AEEA4FC649591DE0002A0DAC1CC20AD07705B0204055B3FEA0C0680AC9300804D02B905D8F19834D3F22E5FF4ED82F869A07A05F1CFB4D8A19E88CF2470E87D84A238640385A48E3B341D0CFFD30000FEE7C3AEAE9E3D0802C29F3900DA4606C0FC6FDD00B89D91C6DEEDDCE3B71E5E09F3565C2C2FE8CDC35E84611D27879DEFD7835FC163CB2F955A3975E4CB7076506E21E7BD51B0A768951329B05092A797DD240FEF29A4C205090EE5F755C50FBFBB1B461D008DEA3003BA343D01000C6100C86000983163C6ECBD1C00DB1E75D2BE68C20D205DBD1408F88838310681416A02AAF50BD3B88A0F8018CF01F0B7319101708403E083AEA4F114641A103FDF336A495400BCF8CD14F869BF02C0E4812FC139414D24C7CAF6DBE11D082DBBFBFCCFA167EBF3C2CEB7F7D846B8FFDF43641CFEB7D14B435CD0F4055DA0B876AF4C16D995489E5696A4D092ACDE2482045A0402701147DBE29894FD2B5770FE9933A06BB3736C12D8680034496F6A5B001B005B1F732EB6A8DE0165F8B453185D820C0B55424837DC7D7FEAC9E26809D4F733B206C2CCB19133811C007F7DBFABAB00147C1FE03D172C815E0D00E0C73C0580313DFF0E97F7BFD7352660FA61CAEBA99204DE37662DB46BDA3DEC7CC59547E1AEB7DB4BADCD9DB01D5A06F5238C7F92CDA5FB48E72ED85620CE8813390070D50D2C62EEB18B883E91C49D14821052787EC75306804765E1067B0331C1039A62F814108A1FE8AA3A880090C010FB8B7BCC9008B669D20FE65CF171640014E7C1BD1F74759D80EAE577BEFF77030078E16B0E8037E5F7111DA7C18DC31F0F19F75F6FB7868ADA22FB82E78EDF0799292D23CE39E98504591C7AE59632888F5319C392CA4298F2F2E9F256454AF27483B7C2C52BC162DEDF257CB71570997C53158968D5F1FC8EB741370700B9F905FB727EFAFE440050E2B800D0F1B97EE0F6E522FED788D663FB3748534FAB7DCE7ABEDDC25231168AC41F0A6899DC0DFE3961495400DCF35E1779EB3879388C8C06FE72110340BBC80078FEAB29B08601002F40B79697C1BD61720FB3170D864325BFDA17F8B55B6B20DA72D75B9DE078791E2479D361C12D05AE6D3B0F6D809C0F0729CDC5B42E3842D60DA70F8156F35C63896B40E1030923AD20E1F3FF2E38F37666016C0E907B9801E0E71301C03E06804F19000C41F769B72F601D9F3CD409B384F21900327A501CC0A0B7798B420E5A066E765BA6768707277E19150077BFDBC911BCA685B801FEFACBC54B43481D5D9EE300D8A72CC069297DE15F1356878C7BF0B331B0F5C872689AD20EE65D1BFDEF30CDFAE06CD85BF013B44CEF0C8F4FDAE4DAB67ADBE790BBEC0A59F9C30213CDFF3BCD281EF2EC414BBA0417F3C739880B70E6B2543F02FB7C51F6EDB60B683400300AE024D001C0632A6123852AFAFAD0F763E867901B3F0950642F810C25491B18C92C56D594B13070203C3869455400FCF99D4EC4E76BD23A2108FE3A3A3A009E5D712BFCB0570120516F0E2FDE722064DC0B5F4D8795BB5E85B6CC2D3D387E35445B1EFA741CAC3BF029746E3E02FE79B51BC09FFEFC02BCFADD9DB27F1F2C500F7C209CC0E3F13A8DB444A3A9F05DB5022A7CD783A71CD45C987D1B02C0E600313784B8C2C0E2B5F0D9F65C90377CBA9A3E4176F560CB984CEB82D307004009A1E20A384E858DDC2598505A59009D5B0C877F4D8E0E80FF62E636B8250CF077B02F9C85F76E1F1900CF2CE731B902006FDB7A6B7A95DDA64E970FD73E60BF7AB51ACD22938FA202E0F915B7C3575BE7C3F0ECEBE0CE8B17B8B6BDFEED5CF878DD834258D8E4A158BCC4851D22C6DB8A41BB85218CF01D23A16E47938011E31C008CB48B41270C80BD0200761690123FCDADCD8A0C6AF2FE01BCDD5ABE8B6DD8250CA8FDA24BC8E7AB826A5F05746E39021EBAAE0100BCD149857EA40E80609879C9F2A800789A0360CF9BAE758F5EBD1D4ECF6AEF5AB772FBEBF01C238CC33A5E07775CF0925C5F5D5B09490929AEB1EFAFF9277CF0E33FE1CA8133E1DAA17F776DCBFDF466F86EE71B8AB80981490B006A3D7FF40EB704606A2E81D2E64FEC2CA6FD076AAC33E1059C04363FC701400103C0EA58017016E7000880750C008F49006028A7EB6EE64E2B7F36F327BE9F16906828A8FEAC9CB3BDB4F2B89D23EFC200F0F0F5510050940777220020A81A28C030F3D2E5D0E78CC800B0B3727BDE70ADBBF7C2A5D0EFCC735CEBD6EF5B0A0F2F1E03E306CE81AB07CD91EBD7EEFC060674728FFD66EBEBF0349BF796731E87D17D6E736DFB9F3747C1F6232B55EC1E4EF8649DF3681D8F8A1840858954F8325924798102C505D93C0AB02D406E7E615ECEDAD80130C04E043951C03AF87C5BAEAAEF6BD8F8E1F4FB29DF8E3D820EC9C3C7B661C8A8AC868A046C02291E2F52EFAF85CA9A52FB7397D346C023374406403E07C06B9D24F1C333213D21306B4C74003CB9F416F87EB71B005386BF02E7F79AE45AB7EFF866F89FF7FAC194739E860B7A4E95EB97AC7FCD4E34B56ADA5E8162CF5278F0DF63E09ED1EFC2B02EEEDBD36E7ABA0B1455EF5182272090240F433970CC3E27857667322185F2594110CC0F9C2FB21995ADBB287B3AB300E70A00ECCB89F9CE20AC067212B8875980C5DBE6391A2F9FD7A77CBAAEA9873F381539A5D5E81240247E242864A4A09247A555452C02A8B78FDF9503E0A6860090AD7E7E080F00C8E100E81005005FDC62E7EF6953E8D5031E80AB87FED5358E83F2E6F9CD99503F8021D97F92EB3F58FD30746A31147A9F79B65CB7E3F05A98F9EE59F08FABBE861EEDCE76CDF3A77FA5308EE373A5722910E43B090DEDB67283670A3549F254FDDF5D2944E1F3F3894B66006097F29C56D36D0EC0EF0D3C5298376BED0F3102C0D510625B80275C4257091F95D431A8F6BB124168E26928E84E1EF9FD75505E532C85C72DC0A30D00E0F657B35D1A2F4F453C6360F6D8E800788201E0FB9D6E0B30AADB0C9876C1132163273E9D0AB3C67E013DDA2AA13EB7EC2EE8D47C288CEA3341AE3B5E7A08A6CF3F039EB965179C96D95EAE2FA92884EB9E3E4D612D48DBC3BA011305C4AF95C7C51B543FA1123E5A05C61F21F34C1DEAAB4C18E89D019D33B12368FFAC753103600877019992042EDEEEFCD5315D947E01DD80A809631EDFA329531F9C0FD0A895301481E4EBCBB9F607EAA50DE716E0D19BA303E0B605D9CA0504997FFECFECCB9743DF6800587C0BAC0A0240EFD66360CE55A129E8DB5FEECAE6FBC225D47FBC3F8E0162045C39E42ED7D83F3D12079FDC5BEF5AB7FDC006B8F7AD81A142C664800EE4112FA1D6C179C8964E846F118B61915010EC27B1276532A562A23EBB39B700236C0BC07B02637E3E006F0ACD10E5604E0217EF78D249DC20C933C4831D082974B45A57E348D54F8E13B7EFD0CA5F7DC00715D525CE8F11D6A5CBE923E0B1060030E3A56C65FA21A81EC09639577C097DCF8C0C80C73F0F0540EBF47EF0C4CD6B42C6E6BC330AFE3E7EA92B44BC7BC130E8DE7618DC7AC1C3AEB1F7BC3E0472AF77CFF1DDE6CFE1A17F5F4E327B0408FC72C63B0243B31FEC1A9C9A81272443A8CC3F82C7745995511D390718C19F0F90CB2C40CEFA358D00007605EF2B590F5FEC78CA9DBB47D32E1FFD4A099DAAFBD347BFD3967147499D9C426955A19DFD930060EFFC8E9EC76E8D0280C23C98F652B6CA0100B878003FEE43937E86ECD3FB449CE3FE77FF049B0E2F76AD4B345AC09B7F3E1432F6A5E5F73041BB9B4627CF6B0FDDDA0C855957B96F2F9BF7C954B8FB4F2FBAD67DFCC30B30FFEB3B54DC1F81F9DB8BE9E603CA55384F5EA7C2977390870E53809CDF712A746B31D206C0D1E203B10360E0600E00E7C690BD45EB60C9AEA755C91754350F0C420A3592E8912490248CB02F90D408EAFC3550595DE66AE5E29B3900721B02C0FC6CD719D03C004FA4BCF55F85AE624CF072F7CBC3607FF14FAE753C19B4E8DEDA9064D0971B5F83F37BDFE05A37FA018FDD751CCC55167DFF0C5C39EC76D7BA9797CF85853F3E182AF80802E7E7800C9F867A9C703BF71EA896714B768C80EC2140D7100C805F7E8CF119410800B4004B763C4372F6A4CCCB5761C70FA01BC0B4ACE62E0793E709D9FE8C67FD1839B26FA644ED1540E0009837253A00A6BEA86EB8907900F17E71DF2970FB45D19F3134FE9196E0B38A42D63F7BD32E68D5ACBD6BDDBE639BE18C163DE4F7C30579309D59A0F4F876F0E63DEE3FCEBD79DF1AE871C610D7BA8717DE0CDF6C7BC32DFC482080203711B40FCF0F4414BE0498B37E54F614E6026C00CC3B567C70D62F3FC508800183FB79D35304008AD7C3D25DCFBA1238A0BB1FF02C7D3C9A7BC071862B5164109054D59483AFBE3A6C08D7B575C30098F242B63A01721623BA8D873B2F790112BD2911F7E7029CFA6247FB2190C1CBDC2B9687247802013F0BC79455F875EF1A98F5EE7030FD062C9E5B0B0D2D77BF340AB6E7AF0C157C70340024CC0BC90FE02047B9701C6D2895A1A0587F5EC7298C040EB71F1275ACE4E0AC0D3FC5F89CC00183F8CDA1191200CB763FA78A3F32A9032EB780ED5DB24A28DD854ED2C04E363060D6415965B14B73694E9FDFD2356F5A6400F8EA6B59CCFD234D03D8A152BB66DD212521A341812C5CF902BCBEFA8EB0DB6EBFE055B8A8FFA4A8FB7FF5CB87F0D8E26BEC8BFCEA1D07A15946CBA8E3273FD2050A2BF72872878225EF5690C977AFB78242435D81848083460FFCF3791D6E81AECD87C3EBAFBF6E0360E3CF313E29149F0FC0EF0ECE2BF9C50680D26AB796CB908F640A5D1943D140A8FE9E0030E117DA77C450ADA7593D0E80C7A74706C0C92E53E60D852335E11F213371D8FFC2C4917F8DBAFF07AB9E8057BF756E257BECBA9FA14BBB3E51C78F9E9302A6E65382B7D436CA07AC601720566278A800242E96FDDD725912BAFFB91D6E86CE4D87F1E704E61E2F3994B3716D8C00E83FB0AF6D013800F631002CDFF3BC34DF34BF2F9F1622CAC258155475014D25826C5761404D6D05D4F8AA844B71FB6F7C3A78B7D6BF1D00566FFA12E6BC7B312424853D75B8B8D70CB873CC9351E77869E92C58F4D323F6859E75F9C730BCD7A511C7169717C2350F9F669FA72B028020AD0FC90A2AAD770A44CAC73B2B343557980C22FF3EF28C1BA14BB361FC51B136007E5D17E3D3C2FB0DECE34D4B761E12B5BF6C23ACD833DF55CC51357C67777C48B4AB2288EB493A38C0337ED5A5B289038F6E10EDE743BB7300CC38F500A8AAAD846BFFD10F0249FB228EE9D77E0CFC73F2A2A8F3FCDF7BD7C3AAEDEFD8D77FDAF94FC315C3A6451CBB2D6F03DCB5606044C1A372BB4244D2EDEB1AEF0288735DF1EF08A1F09525B06078DBEB9905180AEFBEFB6EEEF1D2C3399B6206C000FE9028E73171FBCB7F85AFF7BEA4BA77F9007ACB176A3AA9F1E37AD0D55FF136759399FE2272269A8B008AD482C30118009EBCEDD402C057570BB73D7605ECAF5A0E715E2DE4E42DB1A25D937EF0FC1D3F469DEBAEE746C18EA32BEDCFD79C3D076EBC606EC4B12B377C0E0F2CBC3C4490210CDF06811562C629A9936F32DFA3C9B9148054E9F8ECB693A053D65078EFBDF7720BCAF27336AF8FF12F86F4EDDFDB760137DE78E3EC03650C00790BC8A3E035E2B3C90D1E42FB13520C30EDA762A924115F2AAB4BC01F1029529D9A7E220C01841E6D18006E3F7500D87F6437DCFDF8B550E8FF059252B5A86313F42CF878EED1A863AEF9BF8E5052BBDFFE7C6EF7EBE06F135E8E3876D1AA17E0D925778408DE25680CF401DC7C208CD6BBF613574E4504EE07469DDD6E1264679E6503A09003E09718FF68143E29D401C026F876FF2BAEB62E740318F3DB32651BBD893AB4C88E87DA7216E3E7FBD90F73B4BFAAB6DC66EE42F6EAA8E180C05D0003C0D3A700005BF76D80455FBD060BBF7901325AD6414222ED1A09BFF067ED7C765F25C47B2327912E66A4CE0287D4753BFD3C98376369C4B1F317CF85F7563D0852F9A98009DD0F16762CC20F760D3479C4DF86B6BE960160087CF0C1073600B66C68C49F8DE32EE0BAEBAE9B7DB07C33AC3AF8BA148E3BD413BE5FACF37874486FE981BA1A0B6ACB4C7BFA9ABA2A46FCAA54A207820B37E0CA04F2895AA676867143EE75FD482DE2AF554B41E95128AF2AB5357ED39E7550509107694D3448CFD445222BB665FC807F41464AD3B0DBB82B7965D51D12B8A9DE562C72F87BF8899814966E7C197615AE968251C276876E121441C206F25D924000571E80868EF46691B35A5F031D3307F3BF19C400702467EBC61801D0BB6F4F1B0093274FB601F0FDA13789C94781931B4089EFB77BFC2D47F37DFE5AA8AEA9701D89867B1A100B40B6D5D70194165A6A9D181C1608A41EE089739E5BCC7D7C7CA2F31EEE0C1BC011141C319D3B70838489BFA7592BF580287F9D0545C72C97264A59B07F52190079C46105998070C42E44F83168BD14BE490E2F3E0F6E351ECECC18C4FF6A586E61F9919C6D1B63FDDBC17D7B7853990B983469920D80D5F96FBB9A3E5CBE3FE80E21107F34AACEEFB3B37DC142C268D2058A6020E8E24C7003B5DC9A6B556440C8E2BB7BEE1359429237AE95EEF52E4D7481C2720B3658F0106E1F62D6A9F0832D86E93E0C6E1FD8F22A38237D007CF2C927B9451C00BFEE89FD2F86700E3071E2C4D9872BB7C00FF9EF280E80B9005914C24490EA04E2FEBEAAA6C2D5AC09105EF010C522B88449AA3D5AB87770832C64D1C27E8C2EF0902FA1020FA7B5AE702E785C8C820F1735509445DD2E96FECDAF80F66903F89F8EB501B07DD3DED800D0B3370740DA9C091326CCCEAFDA0E3F1D7B57C6EEEA264E21782CFB3A68603EB2DAF6F9542A7A38A1360404FAEB822D39B50A9ADA8EF991E01373EF0B0D2F56D88FEA424712A60B014142A763D1BA85115E58C1CA0D417358A15A8FFBF0BBAEFA37BD1CDAA5F683CF3FFF9C01E068CE8ECD3102A047AF6E3600F81F8D3A52BD0D7E2EF85008117D3DB9B11341C1FF623713BCAFDEA7CC3CBE2C08B10654A8BC21C2EE8809340004227FF71968A196202202DCC28D84070B5D470453EF124E2C42A707A563C90757E887F39B2187702589828F152080E9D7742CB44DE9CBFF7C7C6E71C5B19C9D5BF6C50680EEBDBA7A5312D3E68E1B372EE768CD0E5857B4480843903CA0892027EB54555369C7F9724264FC9AFB28E1809098C19F7DC7784355900083CC76D848408BA4E15AF8ED41820F49068559DC173A745488F9A5DA4CD745E010F62633C27CC1FE1D428182730782BEF7C9BA0CDA24F781254B96E416571ECBD9B5252F4600F4ECE24D4E4C9B73E59557CE3E56BB13D6177F0428741D481F2080DDCB57CD34DF52A52AB70CC2B07FC9E81B700D40C7440203217B2173C544FE82D53CFA628511347EB6C2AC8E2A782B54B0D4D4BB864711BE2C1D071DAF77934BA075526F58B66C596E49E5F19C5D5B630440B71E1C00A973AEB8E20A1B001B4A3F01C0B42F6832A6AEF555437DBD4F4D148D8DE3F7A0783C9A6BA0BF30782EFB8DCD95D6D279685215BF19D78C7046271905845D8820AC30DBD0CCF0B6047E7EB5E54A30C11623A2C6074D6E86B134260557D0BE3DD34743ABC49EF0E5975FDA00D8BD6D7F6C00E8DABD931D058C1D3B7676816F176C2CFF0CB0E4CB17AEF5B5B5D5F65FBCA0F17924DF2BD7EB91997A0810C4984804CEB6462CE64F6FEBB88FF27C20F5F230BB44B2F95A98CF612EBE4B5321C2B8204DE72D70E9ADC07EBE72F17EE777BAE63421A2150971116140E3AA0E5AA1BFAB7BEA45360056AC58610360CFF603B101A073B76CCE01E68C1933667661FD6ED854B158549E4CA8652CDF1FF087EEDC0010F8D7A42CE747D69484110E61F3E1801056986C31E29C9377256EA268FC8918836861A165451ECC3FF23E7D3BB9550DA1A69E8C8F55F098F809091BC378B1AE2917C0E9F13DE0EBAFBFCE2DA93A9EB377FBC1D800D0A94B479E099C7BE9A597E614D6EF814D959FB1F0CEA78A399126111F6466376876BB4BCB12172388EDCB0F943300844FE2844BF045CAF845933839BE6D00883042A8851541F3832844682E208C80A2F878B9398CE0655010CE8584F9695D93CE87D3E2BBC337DF7C935B5A5590B377478C00C8EE7CA69D0ABEE8A28B661FA9D90EBF56FCBB813DC29BEA4840884814234CA8D18822C28123CA399C35B142D745B1FE11D85D6462174D2BA3F9F8B082171BA4B708064F04E1F3A553C279D032AE2BAC5CB932B7ACBA3067DFCE43B101A063A70EDEC4F8E4D9E79E7BEE9C42FF1ED8EE5B123A3A42101DCE4C87054224B31E6D3DC6E61A444FEF3622EB17EB12250A8CCCD0E9F6C66ABCD86006EF13659EE0551DBDE7400B4F1758B56A556E794D514EDEAEC3B101A043C7F63600CE39E79C394581BDB0B37E59E85ED1B228102A40C101C31F351CD98B24C4081143AC808879892132B4C20924787F2BB2B0A2093E281A8C6A39C2FE6CF6A183670434333AC1EAD5AB6D00ECDF9D1F1B00CEE8D0CE9B109F3473E4C891F7975A0760A77F690C7B852E91C2B9684070AD8E900368E877B83012830B6850D6B18C8F81D4D15511058FC2A724C48A02B070ABC43E1C00597A470E80472A6A4BE61ED8132300DAB56FEBF51871779E77DE798F56C171D86E7EE6BE708DD4A848408898DD0B1AE75AA74599FB047EDB092D11B27E61B79355217504B2114D3D8F6A4C4C8BC72878D72602AC8EFAF990A6B582EFBEFBEEFE9AFACA870EEE8B11006DDAB68EABADF18D6361E03B7EAD06365BEF3B1B7472A413B8D091B4372259A403D0FF0783301A0F89E987C47881AD2843A298E3689943BE04A702F8FD275CF836081AF1FBC281AB0B8C817848E789A0DBB43873C1A1BC2375315D8A2EDD3A1BDBB7EE183279F2E42F3D1E4FC216FD030840AD7BAF707BC6088C886C1FA2B8075C478E1155FBE9D8B071DD092E0D692084114618731E22AF48A63EF8BA46E00BC13F823F5EA69B79157FEC7CE0BDF7DEBBB8E5E9CDBE397CF0A83FDA25934BBF017DB4F56B37741F3D7AF4A2A64D9B661F34BE87727D7FF83D4FC2E446F3E70D8221CCBE5A4363AC309F4F7071297324D34E0647137AC45DA3FDC6701689AC4B355B419BC0D9505A5A7A70F1E2C597F71FD2EB97756B7E0D9931DA356BDBB973E747060C1830BE52CF8783712BA35FDC084599589786C010952FC43469E37E52D8682E4681045703A3E514C26E8B06D048AE2868FCE9F5432035D01A366FDEFCD9962D5BF8532CF6869B2EE2F568DEB2697A4559D5E4B163C73EA1E960EC4BF802EAB52AF79EE1841D4388186D6988D4E1573DEA4EA7660993E80B3F48BC07A5E66504E26AE084C66BBB150318E83A0312E08CDA8B40B30C6BC99225339352BDF38FE51715879B22E2A56BDBBE75DC81BC43C3860E1DFA6C9B366DBA967A764341FC86F03358113ED375274B1AA3FCDAB0A0887A76D1172BCA8648899C90A1961B00318128CC1C0DFFA8D0315975DD21A33E1B8E1F3FBE6FD5AA55339AB5C8FCBAE058715DB85D1ABA44ED333232EE1A356AD45DBC127C306505D4EB158DF7A13A8402A3B10BB9A0B19E41B81440A4E1617D7A84ED0D4D60598DDF27785D63C23F3AC6632642ABAA7398F67B2C16FECD2F2C2C7CB453B70EBB776EDD1B7686A8E2C8CCCA482A2E2ABDB85FBF7E0FB46FDFBE6BAD510C4753579D1C893A59F2488E1B2D43D8A8B91A733E0D44015663E789056C0D710FF2FB9B550D82C4FA66909F9FBF77EDDAB53999CD323E2F2E28AD88B47BD44BD5BE435B2D6FEF818E5EAFF7666605FE1C1F1F9F5091B0074A92B6C67896519668EA18ED82C5306DCC1B4E221208B1CE8D9DCB8293137E98F569B5D9905E930DF5F5F575DF7EFBEDB3353535F33B64B7D9BE77D74133C22C0D8B20A3495A626949F988ACACACDB181F18A3B1A52C691B5424ED6D68D7D89786AC4230D93CD9581E1A8F07ABD11B228C8D218F70223F28A9B635645476E78F87B1D6AD5BB794F9FF673332D3BE2A2D2EAF8A324BC30068DDB6955670BCA085AFB66E6CBB76ED6EE9D1A3C7400E82F2E49D5099BCA71167DF88255C42E7142CA7689AD8260C43E0788790158871AA46687E72755B48ADE28FCFD761C78E1D1BF6EEDDFB527CA2F7E3162D9BE51FD87738EA69C764849B36CB320A0B8ACE641FAFE8D0A1C3C4CE9D3BF7E420A84A3A0095A93BC1D202B14C7372CBA966F427B3C422F87063A280B9A12A5FD86D960629951D21A9AAADFD95097EDBEEDDBBDF611F3F6CD6326B47C1D1A2060513F3656DDA2CD35B5850CCFF5CE79F5AB76E7D59B76EDDFAE96C09786AA0227D2BD4C517C73AD56FBB682797F0E37D8676EF5EA40E9113F2138DD82546CD8FAB4B8794B22EE0F12773B36FEEDCB973D38103073E659B3E69DA227353E1B1625F8C972BF625AB6993F8A2C2120E82D1A9A9A9E7F4EEDD7B68325BF8360E80EAD43CA8F7169F92C4CC89468D27ACF168A6B54630F9933CF08908DFC3049F54D10EBCBE2CFB3B237A359B366D5A535E5EFE0DFBFA4556B3269B8B0A4AA2FF7123B2345A544DB232BC2545A5DC1D9CCBBCC0592C3C1CC45E1D3C6CE1DBB945A84B28027F7C0904E2AAECEFB2D92EC68BD290E6C6C2151B75C0935D4E56F81105AF81E14F00DD9F0471BE0CF0D666B1EF49F626BFDF1F3878F0601E5B7E364D933F9B764566D38C5DC585A531693E2E27A4AB1919E946557575CBFABAFAFEECEB5026FBAECC2D746DD5AA55EB44B69C824BFA9B2ED609A9F87FE678C1FBD6B2E5E8D1A3870F1D3AB48D857BDBD92A2EFC9F3232D38F941697F91B3BFF091BEBACA6595A4D754D727575757BF6953F27AD177BB54D4F4F6F939191D1BC095BD8E764C330BC9A16FDF10CFC24EDBF1944DE1B751227B0CF6F31DFA9F80D740E1ED2F97CBE5A6EE64B4B4B4BD8EB785959D941B689BFF89F25DB90949CB8372929A99291F4133AF8497B6BC6050C7FC09FC2C0D08A7DEDC85EDC3DB466AF4CF6E2FC8077C61B277D657E9F0B4FE0F0460CDE48CF59763E7BF167D3EEF6C4790E25262456B0E5A442B053564763DAAE31B4C633DF94C65E9CA1F05713F64A65AFB8FFD415FCFFF9C24D7A2538C22F62AEB698BDCA1212127CCC1A982739B7BDFC2685546615B44020A0B39747987F4D3BD9C774FC8E16E206B8173099D0033CE266DA7ECAC9CB1F52F99D2F7F00E077BEFC0180DFF9F207007EE7CBFF035B6589D9F40D17B50000000049454E44AE426082, 'image/png', '2015-11-03 02:24:33', 'azizah', '2015-11-03 02:24:33', 'lcu1');
INSERT INTO `user_detail` VALUES ('cd9b386f-7ec7-11e5-aa82-28d244bd1b19', 'cd8ed273-7ec7-11e5-aa82-28d244bd1b19', '61ddb5a0-7d01-11e5-8cd3-28d244bd1b19', 'Satu', 'User', '1234', '1234', 'user1@gmail.com', 'Tangerang', '2015-10-30', 'M', 'Tangerang', 'hobi', '0813', '0856', 'eb0cb712-7db4-11e5-8cd3-28d244bd1b19', 'Kemampuan user 1', 0x255044462D312E370A332030206F626A0A3C3C2F54797065202F50616765202F506172656E74203120302052202F4D65646961426F78205B302030203834312E3839203539352E32385D202F47726F7570203C3C202F54797065202F47726F7570202F53202F5472616E73706172656E6379202F4353202F446576696365524742203E3E202F5265736F75726365732032203020520A2F436F6E74656E74732034203020523E3E20656E646F626A0A342030206F626A0A3C3C2F46696C746572202F466C6174654465636F6465202F4C656E67746820333139323E3E2073747265616D0A789CED5D4D8FDCC611BDEB57F0981CC4B067C82127B7185602484060037B337C18402B2BD18E042F2C18C8AF0F875D1FAF1E67BBC7B668E8B087C4787ADB55AFAABA7AF91C20EADA616C7E6D76CDEBA66BFEDBFCF0E3FC8FB7F37FFED5A4B6EBBAE6A717DFDC357FFB676A5237E3E6EE5DF3EAEE45F7FB0E5DA8BB5F33B76B76C9393D663F53CFF073937F18FFFBF1A7660E3E07785CFE600EF0EAEEF227FB21B5FDB1198643DB1D9BBBB7CD0F7FF9F6F4EE97D363F3DDE3A7B79F3FFCF5C7E6EEF5E567BFBF267C25AEF0337F80DA3D537FB887CFD433F54C3D53CFD433F54CFD795F29D73EC55EA4633BEE9BFED8B75D6ACE00A75DF32070D84D6D3706385DE06EFE000436433A2B911F38F2BB921CC970860C4BC2E1D8A62EC063BAC67657D43DA97D814FC80919CE003BCF6F25395C0ACE729045756BED18B928C786E5199684DE7F6A38B120A7AE7D81EF6EF9E6BFAAF8FA977E6AC7A119BAB13D0EF943FFDF9FF4EBFE777E8E3ED5AE6908ED12A825CF1007227019C8A16B0F076733A4B3D82E8CFCF4F43CC319322C09D3786C7BC453D7EEC6AB7C7745E093F24BD73BE63823EE4083AFB4E37CC5B226E749E3AA068A5F96E58F92A759D2FA30A8FBC4A2A65B6AD8E2AE8FA99DA670D7DF7C7A7BDF7C737A3C7DFC698B4BBFD4078F0460AF3FD18C12CE680EBF437EC17CDEFB47F14B334D78D52C4D7E00BBAEED034EED6E7F95EFAECB7CB28CE2031FD29C117720C317DF71BE7B5916F051E6BA8C18BF2CCB9F2E4F234DB7A1F010984759B794B1C512A4E3AEDDF5F1C53F9D4FF42F76BEE8D33F1798466CA0616B401AE39CD218E7749C223F633E0F0D8CF10B734D63BC6E9226A79DE7784019F31CFBF12ADF3D25F389328A5B10D29C117720C3AB779CABCFB2802799AB3262FCB22C1FA2A7B1A6CB507808CCA3AC5BCAD8620B86B46F775DD882D79FCF0FA7F79B2CC0A5B61DF62EC51720E338227C7FA7796503BF603E0FBD8BF14B23DDE14DB334F9BB65FEED8DDFC587C3FCAD789DEFAECB7CB28CD202C43467C41DC8B0EA00E76F8E2C0BF828735D468C5F9665438434D2741B0A0F817994754B199B2CC071DFF6F1D7C09BFB5FEE2F5F42A78F372FC19774CB254B3CF6975FA96689C721DAAA79970FD165A1071656209DCD911F3872D1124B8633BA3C37BD087580C8463915EDFDAD1ED42DB18514A825299482450EB0A86EAD1D2397E5E8B0348324D4FE53C3898D722ADA057E694B3C5E92F6975F407DDE8C1417E2CB5C6DB14AD0AD057AC58B91F279A8AF420B2CAC403A0BDDC2C845476C77097C1D385EC7E0DC021F1555E4976F77CC7176AC2B23D8365AB1DE30D1643C695CD540F12BB2EC4DD23492568741DD279634556BD8E6AAA76EDF7653B8EB6FBE7DD9759B5C783546D638C5587BA2F9249C8F1829E333E6F3D63B8A5F76C370CDDCCF81DB05EC7E2DF024AB5A46E56D0F69CE8E75A504DBD22BD67B27B29C8F32D765C4F81559F66C691A6BBA0C8587C03CC9AA96B1D1024C7D3BF66101B2116E3EDC6FF3EA8B2FF2FE0986FAD318C794C638A6C547017FC17CDEFB17E397CD70B86D6AE7C0EC0276BB167892552DA3B20421CDD9B186156CD52BD6EA4596F3247355468C5F916543D434D0F465283C04E64956B58C6D9660D8ED176B825F3CF31F6DF46B408D91372FC517408D13CE08DF5F3552C667CCE7BD79317ED90DC355733F076E17B0FBB5C093AC6A19E50D8869CE8EF5434BB0566758BF374496F351E6BA8C18BF224B876869ACE932141E02F324AB5AC67A03FECCFF45B7640A87BEED3BF7A8C3107DCEFEF21D176C0F9A526105D2D91CF98123973D6ACE7046DB7588D6093D22B1514E457B7FAB293CB847D59002B5248552B0C80116D5ADB563E4B21C1D96669084DA7F6A38B1514E45BBC06D3CEABC15D33EBFD8BB0D3D2A746B815EF1626D7C1EEA74D0940A2B90CE42B73072D9A3EA5D02A77520AF14FC21F35151457EF976C71CEE516D6504DB462BD61B269A8C278DAB1A287E4596BD499A46D2EA30A8FBC492A66A0DDB5C75F5A870D7178FBAC98557BB628D538CB5279A4FC2F988BD313E633E6FBDA3F8158FEAD7CC5DD6815C523087CC93AC6A1995B73DA4718F6A2B25D8965EB1DE3B91E57C94B92E23C6AFC8B2674BD358D365283C04E64956B58C8D16403C2A2C8079D46D5E7DB12BDE3FC1507F1AE398D218C7B4D81BE02F98CF7BFF62FC8A47C5DBA62EEB402E299843E64956B58CCA128434EE512DAC60AB5EB1562FB29C2799AB3262FC8A2C1BA2A681A62F43E121304FB2AA656CB304EA516109B247DD6603C4AE78F3527C01D4CEE08CF0FD557B637CC67CDE9B17E3573CAA5F357759077249C11C324FB2AA65943720A6718F6A1F5A82B53AC3FABD21B29C8F32D765C4F815593A444B634D97A1F010982759D532D61BF0B578D47DDF1EC0A3EE87E873F6ED6188B6074DA9B002E96C8EFCC091CB1E356738A3ED02170A50DB8A6C9453D1DEDF6A0AC1A36A48815A92422958E4008BEAD6DA3172598E0E4B334842ED3F359CD828A7A25DE0361EB59F2FA6BCD8FB0D3D2A746B815EF1626D7C1EEA74D0940A2B90CE42B73072D9A3EA5D02A7851ED43078A9C0474515F9E5DB1D73B847B595116C1BAD586F9868329E34AE6AA0F81559F626691A49ABC3A0EE134B9AAA356C73D5D5A3C25D5F3CEA26175EED8A354E31D69E683E09E723F6C6F88CF9BCF58EE2573CAA5F337759E8411DBB8B0A3CC9AA965179DB431AF7A8B652826DE915EBBD1359CE4799EB3262FC8A2C7BB6348D355D86C243609E6455CBD86801C4A3C2029847DDE6D517BBE2FD130CF5A7318E298D714C8BBD01FE82F9BCF72FC6AF7854BC6DEAB2D0833A7617157892552DA3B204218D7B540B2BD8AA57ACD58B2CE749E6AA8C18BF22CB86A869A0E9CB507808CC93AC6A19DB2C817A545882EC51B7D900B12BDEBC145F00B53338237C7FD5DE189F319FF7E6C5F8158FEA57CD5D167A50C7EEA2024FB2AA65943720A6718F6A1F5A82B53AC3FABD21B29C8F32D765C4F815593A444B634D97A1F010982759D532D61BF0B578D434FF2639BA474D43F439FBCB6760B03D684A8515486773E4078E5CF6A839C3196DD710AD137A4462A39C8AF6FE565338B847D59002B5248552B0C80116D5ADB563E4B21C1D96669084DA7F6A38B1514E45BBC06D3CEA2E5DB66879B1FB0D3D2A746B815EF1626D7C1EEA74D0940A2B90CE42B73072D9A3EA5D02A73590570AFE90F9A8A822BF7CBB630EF7A8B632826DA315EB0D134DC693C6550D14BF22CBDE244D23697518D47D624953B5866DAEBA7A54B8EB8B47DDE4C2AB5DB1C629C6DA13CD27E17CC4DE189F319FB7DE51FC8A47F56BE62E6B209714CC21F324AB5A46E56D0F69DCA3DA4A09B6A557ACF74E64391F65AECB88F12BB2ECD9D234D674190A0F817992552D63A305108F0A0B601E759B575FEC8AF74F30D49FC638A634C6312DF606F80BE6F3DEBF18BFE251F1B6A9CB1AC8250573C83CC9AA9651598290C63DAA85156CD52BD6EA4596F3247355468C5F916543D434D0F465283C04E64956B58C6D96403D2A2C41F6A8DB6C80D8156F5E8A2F80DA199C11BEBF6A6F8CCF98CF7BF362FC8A47F5ABE62E6B209714CC21F324AB5A467903621AF7A8F6A12558AB33ACDF1B22CBF928735D468C5F91A543B434D674190A0F817992552D63BD015F8947DD1FFBCB4E9F0D0EEC73BA3EC0604A85CD90CE4AE4078E5CF6A839C31932E897B858A7E011572CC8A96BBFCD144EE0513564865692422938CB4116D5ADB563E4A21C1B96669084DA7F6A38B1414E4DBBC06D3C6AB76CD5F2620FDB7954ECD602BD62B1363A0F81C1940A9B219DC56E61E4B247D5BBE41926F4A086DD4B310F8AEAF26F3483137A545B998C7DA315EB0DCB9A9C278DAB1A287E5996BF499A46D2EA30A8FBC4464DF51AB6B9EAEA51E1AE2F1E75930B2F76C51BA7186B4F349F84F331FB23FC82F9BCF78EE2573CAA5F334B33A107756C2E8A7994754B19379AC1093DAAAD54C6BEF48AF5DE6559C04799EB3262FCB22C7FB6348D355D86C243603ECAAA97B1D10288478505308FBACDAB9FED0AF44F30D49FC638A634C63189FD317EC67C1EFA17E3573C2ADE364933A107756C2E8A7994754B19379AC1093DAA85CDD8AB57ACD56759C093CC5519317E59960F51D340D397A1F010988FB2EA656CB304EA516109B247DD6603B25D81E6A5F802B89DF119E1FBEBF647F805F379685E8C5FF1A87ED52CCD841ED4B1B928E651D62D65DC680627F4A8F6A195B1556758BF37B22CE0A3CC7519317E59960DD1D258D365283C04E6A3AC7A19EB0DF84AFECF876FD848FDD1DFF437431CF6EDFE38FF639ECF41FE6688FF7CB87FF87C7AFC70FAD87C7AB87FDFFCE3D4BCFADFFB13FC25119B8999DAFDFC6E0DF3E51031DF9DDE9EE67EBCEC8E2F775D1A9AB4FFFB70B8A6E496D6BD78F1F3B59FFBFE8632AE1C7BF17F6834F8AA0A656E6473747265616D20656E646F626A0A312030206F626A203C3C2F54797065202F506167657320202F4B696473205B203320302052205D202F436F756E742031203E3E2020656E646F626A0A352030206F626A0A3C3C202F54797065202F4F4347202F4E616D652028FEFF007000720069006E007429202F5573616765203C3C202F5072696E74203C3C2F5072696E745374617465202F4F4E3E3E202F56696577203C3C2F566965775374617465202F4F46463E3E203E3E203E3E20656E646F626A0A362030206F626A0A3C3C202F54797065202F4F4347202F4E616D652028FEFF007600690065007729202F5573616765203C3C202F5072696E74203C3C2F5072696E745374617465202F4F46463E3E202F56696577203C3C2F566965775374617465202F4F4E3E3E203E3E203E3E20656E646F626A0A372030206F626A0A3C3C2F54797065202F466F6E74202F53756274797065202F5479706531202F42617365466F6E74202F48656C766574696361202F4E616D65202F4631202F456E636F64696E67202F57696E416E7369456E636F64696E67203E3E20656E646F626A0A382030206F626A0A3C3C2F54797065202F466F6E74202F53756274797065202F5479706531202F42617365466F6E74202F48656C7665746963612D426F6C64202F4E616D65202F4632202F456E636F64696E67202F57696E416E7369456E636F64696E67203E3E20656E646F626A0A322030206F626A203C3C202F50726F63536574205B2F504446202F54657874202F496D61676542202F496D61676543202F496D616765495D202F466F6E74203C3C202F4631203720302052202F4632203820302052203E3E202F584F626A656374203C3C203E3E202F50726F70657274696573203C3C2F4F4331203520302052202F4F43322036203020523E3E202F457874475374617465203C3C203E3E203E3E20656E646F626A0A392030206F626A0A3C3C202F43726561746F722028FEFF00480054004D004C00320050004400460020002D00200054004300500044004629202F50726F64756365722028FEFF0054004300500044004600200035002E0030002E0030003000320020005C280068007400740070003A002F002F007700770077002E00740063007000640066002E006F00720067005C290020005C2800540043005000440046005C2929202F4372656174696F6E446174652028443A32303135313030393133353634382B30302730302729202F4D6F64446174652028443A32303135313030393133353634382B30302730302729203E3E20656E646F626A0A31302030206F626A0A3C3C202F54797065202F436174616C6F67202F5061676573203120302052202F4F70656E416374696F6E205B3320302052202F4669745D202F506167654C61796F7574202F53696E676C6550616765202F506167654D6F6465202F5573654E6F6E65202F4E616D6573203C3C203E3E202F566965776572507265666572656E636573203C3C202F446972656374696F6E202F4C3252203E3E202F4F4350726F70657274696573203C3C2F4F434773205B35203020522036203020525D202F44203C3C2F4F4E205B35203020525D202F4F4646205B36203020525D202F4153205B3C3C2F4576656E74202F5072696E74202F4F434773205B35203020522036203020525D202F43617465676F7279205B2F5072696E745D3E3E203C3C2F4576656E74202F56696577202F4F434773205B35203020522036203020525D202F43617465676F7279205B2F566965775D3E3E5D3E3E3E3E203E3E20656E646F626A0A787265660A302031310A303030303030303030302036353533352066200A30303030303033343338203030303030206E200A30303030303033393531203030303030206E200A30303030303030303039203030303030206E200A30303030303030313735203030303030206E200A30303030303033343938203030303030206E200A30303030303033363137203030303030206E200A30303030303033373334203030303030206E200A30303030303033383430203030303030206E200A30303030303034313230203030303030206E200A30303030303034333639203030303030206E200A747261696C6572203C3C202F53697A65203131202F526F6F7420313020302052202F496E666F203920302052203E3E0A7374617274787265660A343732390A2525454F460A, 'application/pdf', 0x89504E470D0A1A0A0000000D4948445200000080000000800806000000C33E61CB000042C74944415478DAEDBD079C1455B63F7EAAAAA7270766484A141972CE82808A091556454101B324C373F5ADFB1606D0DDF53DD734981362CE22EAAA48100328A20282E43CA4214CCED333DD55BF7BABEEB9F754A7E901FCEFE7FFD1D2A6BBAB6EDDEAAAF33DE77C4FA81A0DFE587ED78BF69FFE017F2CFFD9E50F00FCCE973F00F03B5FFE00C0EF7CF90300BFF3E53701C08C7BAE1B1430FD83A13E2E1BEA13BAB355719665B59007D534FBE57CD4E43AFA1EB44E23DFF93F96E62C161D4F865ABAAE6B91E609771CFC6E1806E0BE8140C09E9FFDF6907DD836282B2BB3F83B3F9EFD8F6569F8992EB83F3D1E5D17BC9D2FEC3714B0F5756CEC162BB978779C277EED738FBEBDEA54CBEA940160C6DDD70FF4FBB41BFD35FA04F6C3B3E8450D1242C48B1FBC8D5EACE071EC02858CA1EBA26D0F777CDCEEF57A213333132A2B2BA1B6B6164CD30C3907BE9E09DFDE876FA7020CFEFDE184CBD7855B1F6E1F3A9681B39CFDBEF7E3326ADE78EED1B7569E0AB99D340098E007D55778FF9769C2289C4F4FF2415C936A884BF681915407FCBAEB097ED0D8072E025D5C747EAD34FE9F6E81E17C71842B5E7C1513BDFCCC5FB66E6A9AB39FFD0E64BBBD83FC2C5FE254E5F134B9061C85753EF1DF9710EF81664D53A1ACBC16AAAA7D4CD32D6E6FA45A5707CAA1DA572E8562D942122FB1C6161A28536099CE2013C7B24F268E379DF5A64504CEFEF3D77A989901A8AF4C00767DA1BE2815021589F2BA3320AC8ECBA8CD7921F7ED6FFE2300987EEFB54966557CAEBF56BF957D35348F09DE96C5E03DAD183C2935EC22EB526078E1B96575BE1B42107C47143A0A58B701A3919F678FD6712E4DEECBF6B2D733A3CD6424B484CFE188D30D005D08596E5597C012DFF96F36D80471EC077081F803A87D9A2D940A7F11D499D52056B1636B628C23590900F66FC0529F11202611B0FD9FE980C0068089A0B1E1E18CB7C4DCA6B3BFBF3C016A0E3405DFE1A660D5C5D9F0494A4A7A47CB28BAE3F9871696FE7F0680E9F75ED32D509ABA9099BFAE5C0071A71F076FABE360C4FB6D8148EDB42F12482DB501E0D8002950430AD512C277C0A020E05807A9F97C8C16740C40AD5716C6B9FC9ABDAF2606E8AED315EBC53ADC8660B5DDB99827C02455EE2F04BF592BB53A23DD0BA96971909F5F0D75F58E2451EB2D21B580B40A9A2DC00028738EC2B5C4E700DD9FABBE5867CF2B80627177C38012F079A076FF69E0DB771A58011D3C1E4F1EB30657BD38EF9D75BF3900A6DE76D359669DF139BBF84DB4041FC477DE0B7A728D2D145D688573B185F08939B6B593693F5E7C4397D75800C1B0DF0105CC41C18583730A01A3B041B36CC1D996839B0D0B24380CC31129BF609A4021B20207206E00A0A3E0A0D12CE79DFF6F5A7E28AB2F64C208480DE7876AD52A119A66C5C3B61D65505D1500536C434DB74DBEB00A26592F850E8E59C0F5A6D07800B785B05D05CEE5A0054CB1DE64EEA17A6367B0AA92F9F5AD4A4CD3AF7CEEC99797FD6600B8F5CE89FD755FCAB7EC60C97A6609C49DB10FB8E94741EB44D8B6C6EAC4AC0BD3CC856C0B43B384A9772EBDC15D868E3E5DFD305B83754DEC8BC0127C01409AF8B4E478A8AEA997A7E46100E0AE23600380BA0F1B0244F836CB5027692966506FD5412533FBB678250F7084E3F1703FAC431517BEED122CE5D7519B2D93800085897380DC660921070877B01D81E9081E2C707306BADEAF43FDF68EE03FDA926FF5E9F1FE0B173CFF46CC04316600CCB877621BA84CE726A69996751C3C67E409D246FCBC0692E849F3AF11C171DF6F83C312DAAF497FACE95CFB2D97501DAB82A65ECD0B1AF207123D8030E3729BDBD7E35CF8A329FDD3E428C53C7C660D54F98BA5C9470D3789A90662D295F9171011020AB8B45F997D65199C97B202781C870D4882698AFD6DED1724927F1666C5BFAB1304F24FE73B571859A503E73FB268C72903C0F533AE3092A1E5B7CCCC0E839472D03B6E07CD3095D001D9B900808BB153ED17C45057A65A97E65C1038020A6ED635B24E0714BE30FB84D98398C7D01D0DD71D236ECF64109000018DF34E988190762D237AD5FE52C5E2410919CDB85C2BC91F0ACF944070848A00A03E1F41A2C0628A03482B603A5C005D8024920208366924EBF904FE6DDDC12C6CCEAFDBAF664AE1E005F33EAA3D25009876FBCDF77820F1312D8E99D8CE9B408BAF0B225F41E65F27E6599A75740D94F1D35050534001108451857752FBC55843237A2BAD8C46B4DD61FCE8FB55E817CC0174690D2C5BF32B99F0CBED81EE785C81419A63AAF16085D770707888B402324CD4A45570424431867005AEE98E2B20A126460701621DD0DAD47AC1DA3408ACDA78D0E3EBFFF7C5675E9B7DD2009876CFC4161E5F93DDEC02A640BB9D0099454ADB21C8FC13FFAF0B16A80901E8F6674D82058120AD861092217E95615B0E2B28ECA3E000F41D727E9BA091DC800D019D9E2CFE3E1D80187E5B906C7D0D133C07008A900A3958D3516351F8D23D586A6F692DC4B800F1F920AD8919E2022CC21B2C4E3EE97A531C471CCC44AB20DC81A7B239585BFBF20495AFC477B0C707AF7DB1FB840130EDBFAFD5F4BAE487BC7AF2BD564A1998ED37D9D2941A0EE8E72D11E7EBC422207347610B6DD414C9439048AD4780E80E680CB18FB4000275D24D088019D20510B71214263AEAAE804623007EB5AB0365506FC7F816509F805A0B16119C45B611CB40AD80092A1AC0D090AEB788D64B7720B45E460B2469645A646E2EF080D85F08DFE1088EB530F6F403ADA4051C3E7C787E567660DAABB98B23A61DA30260D42567A7F4EC34E020136C465DDB0D00C9658EC0A589B7489CAF2BF6AFE1774B84868620680CA1723B0A82867620C99DE40054A07608A6489BEDF329E0408145014793C2A7A095F6845D9A9A40A99DE0A18BD26BA5F920FD3126876868E77C932491FA7350FB2937802E0104CB5796406ABCB410268B66704EA1FD221C44EB1408103E509D06F13B46F0F96A771DDED066F927AB0B4F080063AFBCE4864E1DBABD6AC65782AFDDCF8E800C47F0826B49AD33846D47C1DA9B51FB7543689C65034093695F5D0A5B45110C24248BA74BED27C0121AED848F0836D47A8B1C5F23240F8F234E59EC5FED679A6F554B013B98906AAD9C010A596AB44812A170C57F52BB0910400A35404820B82D8345C8A30B3C16018025D93FFF60897050BA0071203E2661F730D02BB360CD9A3577AD5DBBF6C94603E0B271A38C1619EDDFCBCACA1A5797B507EA33F38406D2100F882051A32D79713D62A04D0479E8078AD983B01AAA3600C2F76B92C94BBE80E2E3E40F9470F19DD60A24F9B4F7332470D065D013E79A5F6FD6BA4C3EB59594E52BF286C0D0A4E04D021477860F85AFDC038E5569611A15A8E451005D8066391940CC164A7F8FEB4124862C953564EF9E92B69070B83FD4D4D47C9D57B4E1C2651FFEE46F1400FA0EEA9E7CDEF08BF779BDDE6695ADBE076E055C31BF0E2E33ABEB685A55C8E5410DC48490A8075066EF2E0C09F34FC824EE87DAAF832904E9EC6FE884244A2BA0D2C28800593B10E7571328619AEF0365CCDD8B5BF841F13DAF1E8A2AA132D9EEAC1F48C12ACDC630CF24FC41E5084C121A82A3F1B296E01041BF30FF48F8ECDF6039603005B9B07F037BD7EA132075D7259C0C567DB76E69ABF5DFEF286B1400060CEEDBF5C251A3B78016D0CADB2D97AC4FA7C2D795162B8BA049526720C993E48F12414D856742D8D41D0417851CD7E07C8EF378202E4E873A5FC08914849F37489888BF01CD0D86948EF0B9D9C710D99217410370933E0206E5E72D2928740BA8D532F72F099E02905BCB0977B0D47C9414A2054010F1B27340980E8607C7BA08CB80A9619CCF14E332F65E06BA3F093EFBECB3E13B76ECF8AE5100E8DDBBF73563C78E7D27E02D87D216AB546A17047BD795EFE7E55CA5C5BAACF26188A7AC81930544262FC3319BC9832078968B504A77A18B848E201EF10C0001A6268E90DDAE0443470107120900D4062A98D9AFB153B7C127AF52BDF20BC9049ACAF48BBCA069E22712C20599729C5371028B8491968BF805040F50E12082421481100082F16348882E408252BCD20F9D0B71352D60F9F2E533BA0E3AED85775EFC22C4D48505C0F5B78ED7B7FCB2E7AECB2EBB2CB73EA1004AB3D6C8781AC3343B1C04A17582C6EBE2C2EB82FDDB5C40D71DE1DA1540CCCBAB860E64F906B1223A1685C42FC41051269384E550D181028B8AF3316C440B01E00B54DAA19E264AC778089ACC455858E41F1909589AA47A4E0997247D82AA7B922F04258E701BCD099896E54A15ABBA81292D82890008289EE124843082406038692D0E8EB4A3C321BEAA2D7CF5D557F7A7B5D01FF8EAF39F023101A0579F1E71F17189B31800EEF7251C81D2CC9F001BAC6891C7D17E9A9FE7C216C52149E2741919E8C4FC6B981802CBB5DDA91A12C64E5C03828CC6F23AA67D7515DB63E148127EF65F9D596527793470D71B94590FB604EAB37201E8F72D257C9720A9968BEA01CDEC2187A0261E82800322027015812CDB3A98017785D07E0548024A5A07675D93C2A19058D51156AC58F168557D71CE965F76D7C50A002F03C09CCB2FBF7C76ADF73014A7AF91240B44EC2F052B01E0C4FD06F2002C014BC1A99E009937D08184788E3531341A2568F25820DAC264B2885607014BC6C2D220508545E25A5F6B96CB3C808573BBCEDA02D5D187D44D536450B3885906294859E1B33024345DC2A4829740A2A95F092EC7CD98E8C32D5522762C42800180F0061309A1E00026C903887D338B874172752758B66CD93C0680990C00BE1801D0DD9BE04D9E7BE59557E6D4C41D82C2D4D522BC73F6D07545D240A7451AF4FD84F8613E5EA6880900645690A688B140A389E33852C1CC1E8D12D0FBE822DF2C5A4D548E5FE36CDA0735A6D32CA34BE1AB44301F83C51D0E6E95AC71DB033B774F238190A48D30EBD4BF833BBE9704D1B2045814B934D1B2C8028F02973D9649DF3449E6CFC27050949C49BD0084856A5A3A12526A3AC1D2A54B1FAFF0157200841487220220313E65EEB871E372AA3D07A120E53BC0AB2DAB78BA30FFBA25B36DCA94931E3ED089DF17A19F6EF7EAA85A020D1341D40630AB0834C58B29654B12501DFD924601E08897377354B3700F7D3E089D96C5200400217EA8FB52F0CE005B401A287227FDB0A9380235EB109C2340938E2E429A7AB52E80C0090297E3EB494D00499F4C0611508818948791CDCB46426A6D1758B264C9E3E5B5058D01400F6F5242CADCABAEBA2AA78A01E078D24A19F649A11AC8E655DE1FB5DF0105CDC4A902912A03EB32A250605100A0656057B651968B75915676889E6A2DD36C53AEB12B52C584CF2F2FD23A9A2802915A56BA8EA182135A591AC245B80797C662CEDE92953E05002CED86BA82106B21856CC98CA2B21CC2FCA34530553AD812FD00206B02A08080C7615F5A549C0B690C008B172F7EBCB2AE70E6E6F53102A0775F0E80D4B9E3C78FCFA9320E407EC237AABD0B2B6C4804837B0025714333AF4BADB31B388936A3EF9616C2169C26091D2D0723B790AC9F247F748DFA7407103CCB1700BF247D6828F0DD02E9D1A4BE734B6167DE2CE7984ECA5F692E000DF54C997451CC5E0104133BEE7542D349B8273902B12A3435EC4D33A0BA34E0987AB10366FF6C43133065D868D210917D3FADFA026852DF0D3EFDF4D3C7CB7D053337AFDB151B00FAF4EBC90170DF84091366551AFBE1B0F76B51B913A4CD91A20000327477560F7982232CCB31EBA48A688790A47AD8243D1ED2D2E2E0687E8D1086EA01A0564601C09239062C08E1EC9CF071DF0F18EE49CD47C269894D9AB40C384E3A0B0D5D8002884ADCD0D0CB92C44D09DB525D3B44F8AA39C474BB11A01D434AEB0382B004FCA6E000E2B7A0EB1116401E973689B06DAD6A2F8426FEEE3600CA6A8ECDDC143B007A79931353EFBBF6DA6B6755E87970306E8593C0B185862800D1922D626DC2FC9D54B13BD52BD9BB4CF992640FFB2F2BCB0B4DB312216F5F39BB00B82F9006134D9A7864FEB28F0040E625786EDF17A890C294E014424522E858024B6E4761E3770B54120A041195499C204199A6028032EDA6EAE645C68FFB82E207B23680296292D0095896F2F7A2D40BE47896CC03582A329096C08236F5174356A0277CFCF1C78C031C9FF9EBDA9DB15B8094A4F4FB264E9C38AB9C01E080B14C75D8182417203551913F450655FA57176E0041E1B80843347C08DF2F22044796A2742BE7C5DCBEA5AA7B6CBD07052652C53C67CE5BB96CCF4DCE4CC35E432A6450C247EB4073C232A3A859CA0A10F31C304D99820D102B6051219BCACF2BD66FCA103000C11C81760651818AF0D054DA2D7310C405609108EF2368E71F0D59662FF8E8A38F9805E000D8113B00529333EE9B3C79F2AC726D1FECD396382211CCDF710796EDAF158BD70500044397554343A47049F20605AA59A4D59BDC28220140FA0B80904A743F80252147A09CF1733A85F44EC7BC0539594CFCB81B435488AB6E24092A7C8153FDF39BCEED60011364776EC0B4DC7E587004AC06CA6D40BA84A5ABA02EC224E56190F57EE7F63393DC27A06A0666C00A8A0CC046167F6F6F5D0ACDA0372C5AB4E8F1D2EAA33337FE1C230038094C4B6932F7FAEBAFCF2985BD90677DE1B07B43984DDDBEBCD2FFDA17CE105A2ED3C1A25864378308428739034C00694EC156357458EE94AFD04069F6758C1C084914E15C6DA08C51BE3AF4EAB6B590C45E9EA5294F5AE5012CA5F102749AB04C36F9349C173B0D5BD0F5CC1FF317178EB2021C1842834D12FEC9B42E0DEDD0D4879243C92BC009E3A455C1A28F408E0A072D794C4900C58B0F3A03C64073AD0F2C5CB89001E01803C0F6D801E0F524CE662E604E20A500F6985F38BEDF30496CAE130D71341F3514CDBC4C18C91CBE008804802153C1320A605B12E252A0797AB63A16100EA0ABC651E7CE1F4E82EAA12E506D4F5A5B570A15B5F9E00FD410E15BCAE413B78093AB7E04257C8C5A3CCCCF2424E89092C2D878AD09D5D5F5EC184C1BFD42F34DC7570748BF3E460701E9EF298174470632E70F84145A2AD5EC58814068D54F96832D273C446B413A83B2F53F410BBD2FBCFFFEFBB605D8F0532300101F9764A7828BAD9D702CF11B484B4DB7D9BF4CBC884290262B8384F5BB2A7ECECD20D81EA6C820ADE36382C831FEAD327BC1F8B39E8293590A2A76C0818295B0FDC8275056731034C9082D990E56ECDF11BC4EEE55D00D679D274E83E4640F346F1E0FA5A53E2829AB079F2FC0AC80E30202F2A5E276D3525142D8B2AF4CFDD2F2B0252A79A4C207A8E54E7BB84C0523DB171361A3888C0C1000C6E5D05200A08403E0C76D312682FA76F7267A53E65C75D555B38FD76F81CDBEB7C01B17CF42B5E6909A9C26F3FE782B9886818130D1D8156448532ED61BA04C7E50EE00B382FCD532BD174C3CFB999302002E3C1BB83DFFDFF0FD8E879955705ABF2C2978E522F01C005D8048431BCC0278BD1AC4B3575D7D006A7D267BB7EC9B4291FC05028AE1072C65AEA5E0493610858D0D9D98767601C4C47C014601A6CDF6E51C92E8290B64615E8064043BC78D83D33DFDE19D77DE9957527564D62F3103A04F779E079873F5D557CF3EEEDF021BABDE90CDA05E6F0264A464415A723AD3129D147A30878FDA4F5C04BF7F174343C2FC5D696350403A8D0360F8A901002E2555FBE0E3B53743555D9162FD581994B90CC51B9080DAA1AEE15807AE697EBF123E6ABECCE6615E9EE6F24169248679B26B88A481690DC244668FB795A3D02D92F63569480A0E40844F3185E9E99A7035B4F20E84B7DE7ACB06C0FA355B1B0580D9D75C73CD9C63759BE097CAD7D56D5E220AF0C4C5316BD08401A109C41B1ED12584168010385BBB9DFA3EBD6144B2705DE50250234F4BEF0993863F7B4A01C097A2CADDB0F0C7C9501FA872257F480E49258C6C9364A9F05003D19421B44E36632801B96EE40492CB07C7CF43842290B21822A388DA6E0A378149201219A8A491E31A64744052C23D12C743EBF841F0E69B6FCE2BAEE400D812BB0B48494C770050BF19D695BF42E262C73F620730F7DB4909C9909A940E4989E976764FDDC3A772F81A29FFCA1CBFB8C34716667404400F983CFCB9530E00BEFC92F72A7CB7F33197157062467141744730C1EE2198A4C9BC3FB951C3CDF6836F0153F13A601E408689EA990060623F2096789D2210123D20407308A066670381A4A2D13DF4489E006DE2070B00E4CF5AF7438C00E8DDAF870D80499326CD39E2FB157E2E5DE08EE175272164C84E2047BB0D8F0149F1290C1069F6BB2E7200F85008270114943CC2CCBE66496BD032AD2703C0A9B700CEC5F6C3CBDF9E0FD57585A04ABD345D4C92489ACA1D70DE60518185DCBA6D4AA19A42FD25000088F6BB856F11E13BE65F75F8064CC74604B0E193967D054AFCA40F000922F603F4499D086D1387C06BAFBD36AFA8820360738C89A0FE3DBDC90969B3AFBFFEFA39F9351BE1C792F9AE8E1D6ECFB1B287C9210353B6BA48F13279C7C72532202441823799B98964F0D01E005DDDEDA38BAB8F7C8093C0EB4E3107A0CBEADD4FC2CF7B9E97C257F9024BBA2284066E97757642E894F0DDB500D52B208401A45804CAFC2B3760490217305518296F16117E44DE0822925132D760AA32304D07F74B9F04ED92CE82575F7D9501E0F0ACB5AB630440DFFEBD782A78CE0D37DC30FB70F52FF043E17C9911D38523B70180757883DED6A5DBE1A2A6A9848D211E07C22389784F82FD4AF0B0CF46BC9D1206F1E41024812D990BB86E446417505C910FFFF8E05257868FEF9B9ED41C2EEC3B0D8674BA322A008E946E8477D75C2BF655F900005210125540BB051C50A86E46EF4EDD12C68F1C00B071D41DFE61DCAFD8BF62F4B421D436FF7CFF0011ACE5DC0FA0C8A0021358CA7D70B4F5CFB80EDA259F05AFBCF28A6D01D6AEDE141B00FA0DE86D03E0A69B6E9A7DB06A3DAC3EF6822281067105FCBB475404319E176364FFBF2E1A393C5CB81E398F2100E46104324E8F8738F66EB0C93C6C609B8CFE70EBB9AF44146061C5417876C545E4049C5EDD7A76D245A55530E1AC876178B78911F7374D3F3CF5E500A762E8BA18428B5C7584A07C3D10818950CE2DC8A07A80CC0BA834344D11E33300A4053115B838220282E0497763AA1E04534CA432838A08F27503B26E80339287C2CB2FBF3CAFB0FC70230030B0B737352963CECD37DF6C03E0BBFCE79C5BC274D2C727AA82B62540508028F9EAA46348EC909AA5437D25FF81BABA151CC1A18B1E004118DB36190C7FBEF0C388023C5EBE1FE6AD18E21CCFCE3718A29398BF7BC0579D02F78FFF39AA1578FDBB2BA0A0623B59431A43B5A0EF405C026DD208D260C5FC0948C4779C510109DC256369CA4D99E5A3051E9CC33431245482979F45F608ADC5C0A6374287D46136000ACA0ECEFAF9FB1801D07F601F5E0C9A73EBADB7CE3E50B90E561E7AC6D17C4CFAE0CD9506A8277D08A1CB6C1AB1062038427C92C6CC9961FF60AC0DD8CFF2D1B122E8440BED9A0C8A0A80636579F07FCB7A2817402B7AC09FEE0530EBC2CDD022A37DC439DEFEE106385CF293142D6ABEA285327528052FFDB6A5E081661EA45570FB78E6EDC0CF13477E2140090C4B867A16123E49F2685869BACBBCA4055C8684D82842E6E3F30F6E76339C290070BC9403E0D7D8003060505F0980FDE50C00879F768A3D48FC483E40E5D175DBCC1B021C4ECBB82A1FA3963BAE41D5073C06CEA55A3DDA67C60080A53D147983E0860F809B067F0E3D5A8F8C38C7FB6B6F87CDF90B1931F5B2571C3B7E9CD2754B4D8ADDBF547301433620A619F726695F9E4768D9211ECA8AFC505E1470C5FD4A58EED8DDC9E76377B0207F845FD09230ED1092892552991CCA00D021ED04019096D2C40140C53AF8F6D0D382FD836ACD3248C38620053A0A5BAED3658400C255381180477416899B4A0DD23CC206B46F328401606154003CB0A4874CD8A0D0C9B32060CAD0C5D0F5F41111E778EBC769B0F1F0DBAE75060382870181BFC7E95EAC290A12282C810CEBC01DE649E13B191B7C80ACE1D56CED0F04D46360549F5F104740336E053F1584B47E93BE4004823751035F0D290D8BF56735BF193AA69F0D0B162C681C00060EEE675B802953A6CC3E50B11EBE3AF89434FD1A15BE247F3A69EEE4E553740BBA8A067495F8C1AE5FCDC092B2031E4DF0815800F0CFC5DDD5F1C599502B100B00361C7E2BE2762E549EC5F0E8DC42B068C5B6109A341094E92320B00FD0D5EB6F0501C6B28066F130E4B390509AAAFB17933EF84C0027DD1B6AEE39F2797592BA0AFE6168CB5B25008E951C681C00B8057000B00EBE3CF014E0431DEDB89F683F68CAF7838677000B62A88B248FAE4242274CC4D050B57FA375E0358476CC05DCDD800BF8E7E7DD842B0A0501FF672A0340B728007873CD540680B7A99BA76F2160702C8417E218183828D0DE6088284BBA109C010495F317AC0ED3C32AD78FC274EEDC0A48960FF24E20BC11549A7ADC072C99260E88F91008679FC60090315C0060FFAC9FBE8B1500431800929BCC99366D1AE3006B6179DE93CADC7BB0DD4BF87E7EEF9F2126D3D4BD82DCACCB14B0A15C0526891C40182A09A48BD05000E09E8BA200A0340FEE5FDC4DDE3FA889DC04A6EDF93FD338005A4506C01B0C00BF1C725CC06D23BF808ECD86BBB61F2C59CF228D11A8F452F3EF0833F658F90E7862C5052E97C0053075F8DB90DDDC3DF6A9AFC6C1CEE33F905E3F20CF12163781BA489F73707C2814804AFC58C4DC631FA00A430146B49A02D90200478B390036C606804143FA7BD35333E74C9D3AD506C0B27D4FA8989E903F90EC9FF6D0018906F0EE215DDD31146C0D745D66059D7C826693C07B2E8E0E80FB9805506568E754E8FD80D387C50E8071BDE6C3B04ED7BAB697561F85BF2FEE0842F6801F722EDE02CD52DBB9C656D414C1035FF4766A8B24DB77CFF95FC1E919D9AEB1333F1C0C1575079466A35B3003A2BF90081F338401714FA2084C4CBF5BF8787B982B25CCFEB101D064C4490280B980E57B1F17F70108126790162DBC590453BBE8FF251104A7FD5BB07CDD5040B105CE1F1FA3BB3B8ACFC81A0CFF7D71140E2000204F4053AD690884E9672F86EE5100F0FA0F5361BD00C0855DEE874B7AFE2564CC9F17A6B85C037F3D7A452178796C17B4DCF16E9A9D83883312ECEA2797C2DFC76E81E4F874D7B8DBDE6CCB7E62BD8CDD1D8217207D7D2492C0B4B2D46C4B167B544B18D90F2B86226C1DD16A2A743A21009CD5DF9B919A2501B074F73C99F89177E0E8A8C16E9760FB7E0059FD5316C250E0D10898B076209E23C4C7C60280B99F0900D0B6312CE3B2D76DC3BF6000881C06BEB65A016048FBA970EDA0DC9031F7339015551F903EC06B24C363E38E879D6FD6C75DA1B872BF2D100E82446F063C72D55ED798B2AA42F8DBA21E807F9FC0115A406ABCEA0022B58700B9B114CBBE287C10FB918745D1FB0246B6996A5B001E061E29CA6B0C0006300064CE993E7DFAEC7D656B1900721D0D96A65F307A570A1894C0A57B200F6D3054ECEF4A1EA1E6F3E651B1BE7DD620B8777464001CE500F8B49BABA64F4F887FBF6DC41751F300AF3200AC1300E8DCF452B8E3BCF742C63CB2FC7CD85FFC03A05DCF4CEA00FF18BB39EC7CFF5A3C0AF616FE20CD7F56723B78E8AA6DAE317B8EFE0A8F7D7991AB99034035960282400AD994C921207C40D60CB0440CA01E17230925C0B9EDA641A7CC91F0D24B2F350E00831900D20500F2180096300BA0DAA4D52DDBD82584CC5F3D25CCCDFC359135D445A8609034B14C26E9CE8321F8FCDC02FCE5920FA20260F627DD42B49E028193B5680078E5FBA9B0F6A01306364FEA03F78DFD3E64CCF3DF4E845FF33F9657AA43E670F8CB854BC3CEF7F48A892CAAF858C6F99C28CEBAD4FDE0EE9F772F8105AB6F54A61F4C4906559888DAAC9E070096E20354F8923F08F028EEE0588873DB4F87CE270F80750C00B98E9FC5A77463FE9E0F364473A8A14ABB9A14303E359C9042B99D3E36965A0BC306C0BD973600808FC3B8005D9DD19DE74407C0CBDF4D910088D79BC3BC09792163DE5F7B2F7CBDF319C903FAB4BE0AA68D7C3DEC7C6FFC70377CB3F379C9D407B6BD06669CE72E682DDFF40A2C5C3F9308DFFD2C000486EDF703968B2750766F8AB6222C37ABF42F19CBC69CDB613A746100E01C20BF705F2300307480B7495A533B0CCC2B5D0B8B6D1780027617856456903C2350D7DDB788C93F22A1E3AD659A7C3E802490D295E8D0BEE910F86B340094E4C1CC8FBAAA7921940BDC792E03409BC80058C00170E02DFB02F21EBFE72757B0DFE6710B6CEBE3F0E1FA59F2FB399D6E876B063D1276BE4F37FE0B3EFAE5EF324EBFB0FB5D70EDE07FB9C6BCFBC33FE0CBED4FC9F632AAF152F8A609B4B153651CC9CD9FA65BEB2D41FC20880C9ED7C1B100270080810C00590200EB60F1AEC744A2472302A61A8E8257C4503EC7CF20D94209080500D035D753453840DA330BF0D7CBA270000680BF2DEA2ACD3EBA193C23FEE9AEF3BE809ED100B0720AFC7C406502EFBB742B9CD6A4BD6BCC0F7BDE815756DF22B5FAF23E73E1D25E7F0B3BDF77BBDE8005ABA6CA9CC184810FC2E85E7F768D796AD9ADB07AEF1B90E049045E47B75C1AEEA4FC649591DE0002A0DAC1CC20AD07705B0204055B3FEA0C0680AC9300804D02B905D8F19834D3F22E5FF4ED82F869A07A05F1CFB4D8A19E88CF2470E87D84A238640385A48E3B341D0CFFD30000FEE7C3AEAE9E3D0802C29F3900DA4606C0FC6FDD00B89D91C6DEEDDCE3B71E5E09F3565C2C2FE8CDC35E84611D27879DEFD7835FC163CB2F955A3975E4CB7076506E21E7BD51B0A768951329B05092A797DD240FEF29A4C205090EE5F755C50FBFBB1B461D008DEA3003BA343D01000C6100C86000983163C6ECBD1C00DB1E75D2BE68C20D205DBD1408F88838310681416A02AAF50BD3B88A0F8018CF01F0B7319101708403E083AEA4F114641A103FDF336A495400BCF8CD14F869BF02C0E4812FC139414D24C7CAF6DBE11D082DBBFBFCCFA167EBF3C2CEB7F7D846B8FFDF43641CFEB7D14B435CD0F4055DA0B876AF4C16D995489E5696A4D092ACDE2482045A0402701147DBE29894FD2B5770FE9933A06BB3736C12D8680034496F6A5B001B005B1F732EB6A8DE0165F8B453185D820C0B55424837DC7D7FEAC9E26809D4F733B206C2CCB19133811C007F7DBFABAB00147C1FE03D172C815E0D00E0C73C0580313DFF0E97F7BFD7352660FA61CAEBA99204DE37662DB46BDA3DEC7CC59547E1AEB7DB4BADCD9DB01D5A06F5238C7F92CDA5FB48E72ED85620CE8813390070D50D2C62EEB18B883E91C49D14821052787EC75306804765E1067B0331C1039A62F814108A1FE8AA3A880090C010FB8B7BCC9008B669D20FE65CF171640014E7C1BD1F74759D80EAE577BEFF77030078E16B0E8037E5F7111DA7C18DC31F0F19F75F6FB7868ADA22FB82E78EDF0799292D23CE39E98504591C7AE59632888F5319C392CA4298F2F2E9F256454AF27483B7C2C52BC162DEDF257CB71570997C53158968D5F1FC8EB741370700B9F905FB727EFAFE440050E2B800D0F1B97EE0F6E522FED788D663FB3748534FAB7DCE7ABEDDC25231168AC41F0A6899DC0DFE3961495400DCF35E1779EB3879388C8C06FE72110340BBC80078FEAB29B08601002F40B79697C1BD61720FB3170D864325BFDA17F8B55B6B20DA72D75B9DE078791E2479D361C12D05AE6D3B0F6D809C0F0729CDC5B42E3842D60DA70F8156F35C63896B40E1030923AD20E1F3FF2E38F37666016C0E907B9801E0E71301C03E06804F19000C41F769B72F601D9F3CD409B384F21900327A501CC0A0B7798B420E5A066E765BA6768707277E19150077BFDBC911BCA685B801FEFACBC54B43481D5D9EE300D8A72CC069297DE15F1356878C7BF0B331B0F5C872689AD20EE65D1BFDEF30CDFAE06CD85BF013B44CEF0C8F4FDAE4DAB67ADBE790BBEC0A59F9C30213CDFF3BCD281EF2EC414BBA0417F3C739880B70E6B2543F02FB7C51F6EDB60B683400300AE024D001C0632A6123852AFAFAD0F763E867901B3F0950642F810C25491B18C92C56D594B13070203C3869455400FCF99D4EC4E76BD23A2108FE3A3A3A009E5D712BFCB0570120516F0E2FDE722064DC0B5F4D8795BB5E85B6CC2D3D387E35445B1EFA741CAC3BF029746E3E02FE79B51BC09FFEFC02BCFADD9DB27F1F2C500F7C209CC0E3F13A8DB444A3A9F05DB5022A7CD783A71CD45C987D1B02C0E600313784B8C2C0E2B5F0D9F65C90377CBA9A3E4176F560CB984CEB82D307004009A1E20A384E858DDC2598505A59009D5B0C877F4D8E0E80FF62E636B8250CF077B02F9C85F76E1F1900CF2CE731B902006FDB7A6B7A95DDA64E970FD73E60BF7AB51ACD22938FA202E0F915B7C3575BE7C3F0ECEBE0CE8B17B8B6BDFEED5CF878DD834258D8E4A158BCC4851D22C6DB8A41BB85218CF01D23A16E47938011E31C008CB48B41270C80BD0200761690123FCDADCD8A0C6AF2FE01BCDD5ABE8B6DD8250CA8FDA24BC8E7AB826A5F05746E39021EBAAE0100BCD149857EA40E80609879C9F2A800789A0360CF9BAE758F5EBD1D4ECF6AEF5AB772FBEBF01C238CC33A5E07775CF0925C5F5D5B09490929AEB1EFAFF9277CF0E33FE1CA8133E1DAA17F776DCBFDF466F86EE71B8AB80981490B006A3D7FF40EB704606A2E81D2E64FEC2CA6FD076AAC33E1059C04363FC701400103C0EA58017016E7000880750C008F49006028A7EB6EE64E2B7F36F327BE9F16906828A8FEAC9CB3BDB4F2B89D23EFC200F0F0F5510050940777220020A81A28C030F3D2E5D0E78CC800B0B3727BDE70ADBBF7C2A5D0EFCC735CEBD6EF5B0A0F2F1E03E306CE81AB07CD91EBD7EEFC060674728FFD66EBEBF0349BF796731E87D17D6E736DFB9F3747C1F6232B55EC1E4EF8649DF3681D8F8A1840858954F8325924798102C505D93C0AB02D406E7E615ECEDAD80130C04E043951C03AF87C5BAEAAEF6BD8F8E1F4FB29DF8E3D820EC9C3C7B661C8A8AC868A046C02291E2F52EFAF85CA9A52FB7397D346C023374406403E07C06B9D24F1C333213D21306B4C74003CB9F416F87EB71B005386BF02E7F79AE45AB7EFF866F89FF7FAC194739E860B7A4E95EB97AC7FCD4E34B56ADA5E8162CF5278F0DF63E09ED1EFC2B02EEEDBD36E7ABA0B1455EF5182272090240F433970CC3E27857667322185F2594110CC0F9C2FB21995ADBB287B3AB300E70A00ECCB89F9CE20AC067212B8875980C5DBE6391A2F9FD7A77CBAAEA9873F381539A5D5E81240247E242864A4A09247A555452C02A8B78FDF9503E0A6860090AD7E7E080F00C8E100E81005005FDC62E7EF6953E8D5031E80AB87FED5358E83F2E6F9CD99503F8021D97F92EB3F58FD30746A31147A9F79B65CB7E3F05A98F9EE59F08FABBE861EEDCE76CDF3A77FA5308EE373A5722910E43B090DEDB67283670A3549F254FDDF5D2944E1F3F3894B66006097F29C56D36D0EC0EF0D3C5298376BED0F3102C0D510625B80275C4257091F95D431A8F6BB124168E26928E84E1EF9FD75505E532C85C72DC0A30D00E0F657B35D1A2F4F453C6360F6D8E800788201E0FB9D6E0B30AADB0C9876C1132163273E9D0AB3C67E013DDA2AA13EB7EC2EE8D47C288CEA3341AE3B5E7A08A6CF3F039EB965179C96D95EAE2FA92884EB9E3E4D612D48DBC3BA011305C4AF95C7C51B543FA1123E5A05C61F21F34C1DEAAB4C18E89D019D33B12368FFAC753103600877019992042EDEEEFCD5315D947E01DD80A809631EDFA329531F9C0FD0A895301481E4EBCBB9F607EAA50DE716E0D19BA303E0B605D9CA0504997FFECFECCB9743DF6800587C0BAC0A0240EFD66360CE55A129E8DB5FEECAE6FBC225D47FBC3F8E0162045C39E42ED7D83F3D12079FDC5BEF5AB7FDC006B8F7AD81A142C664800EE4112FA1D6C179C8964E846F118B61915010EC27B1276532A562A23EBB39B700236C0BC07B02637E3E006F0ACD10E5604E0217EF78D249DC20C933C4831D082974B45A57E348D54F8E13B7EFD0CA5F7DC00715D525CE8F11D6A5CBE923E0B1060030E3A56C65FA21A81EC09639577C097DCF8C0C80C73F0F0540EBF47EF0C4CD6B42C6E6BC330AFE3E7EA92B44BC7BC130E8DE7618DC7AC1C3AEB1F7BC3E0472AF77CFF1DDE6CFE1A17F5F4E327B0408FC72C63B0243B31FEC1A9C9A81272443A8CC3F82C7745995511D390718C19F0F90CB2C40CEFA358D00007605EF2B590F5FEC78CA9DBB47D32E1FFD4A099DAAFBD347BFD3967147499D9C426955A19DFD930060EFFC8E9EC76E8D0280C23C98F652B6CA0100B878003FEE43937E86ECD3FB449CE3FE77FF049B0E2F76AD4B345AC09B7F3E1432F6A5E5F73041BB9B4627CF6B0FDDDA0C855957B96F2F9BF7C954B8FB4F2FBAD67DFCC30B30FFEB3B54DC1F81F9DB8BE9E603CA55384F5EA7C2977390870E53809CDF712A746B31D206C0D1E203B10360E0600E00E7C690BD45EB60C9AEA755C91754350F0C420A3592E8912490248CB02F90D408EAFC3550595DE66AE5E29B3900721B02C0FC6CD719D03C004FA4BCF55F85AE624CF072F7CBC3607FF14FAE753C19B4E8DEDA9064D0971B5F83F37BDFE05A37FA018FDD751CCC55167DFF0C5C39EC76D7BA9797CF85853F3E182AF80802E7E7800C9F867A9C703BF71EA896714B768C80EC2140D7100C805F7E8CF119410800B4004B763C4372F6A4CCCB5761C70FA01BC0B4ACE62E0793E709D9FE8C67FD1839B26FA644ED1540E0009837253A00A6BEA86EB8907900F17E71DF2970FB45D19F3134FE9196E0B38A42D63F7BD32E68D5ACBD6BDDBE639BE18C163DE4F7C30579309D59A0F4F876F0E63DEE3FCEBD79DF1AE871C610D7BA8717DE0CDF6C7BC32DFC482080203711B40FCF0F4414BE0498B37E54F614E6026C00CC3B567C70D62F3FC508800183FB79D35304008AD7C3D25DCFBA1238A0BB1FF02C7D3C9A7BC071862B5164109054D59483AFBE3A6C08D7B575C30098F242B63A01721623BA8D873B2F790112BD2911F7E7029CFA6247FB2190C1CBDC2B9687247802013F0BC79455F875EF1A98F5EE7030FD062C9E5B0B0D2D77BF340AB6E7AF0C157C70340024CC0BC90FE02047B9701C6D2895A1A0587F5EC7298C040EB71F1275ACE4E0AC0D3FC5F89CC00183F8CDA1191200CB763FA78A3F32A9032EB780ED5DB24A28DD854ED2C04E363060D6415965B14B73694E9FDFD2356F5A6400F8EA6B59CCFD234D03D8A152BB66DD212521A341812C5CF902BCBEFA8EB0DB6EBFE055B8A8FFA4A8FB7FF5CB87F0D8E26BEC8BFCEA1D07A15946CBA8E3273FD2050A2BF72872878225EF5690C977AFB78242435D81848083460FFCF3791D6E81AECD87C3EBAFBF6E0360E3CF313E29149F0FC0EF0ECE2BF9C50680D26AB796CB908F640A5D1943D140A8FE9E0030E117DA77C450ADA7593D0E80C7A74706C0C92E53E60D852335E11F213371D8FFC2C4917F8DBAFF07AB9E8057BF756E257BECBA9FA14BBB3E51C78F9E9302A6E65382B7D436CA07AC601720566278A800242E96FDDD725912BAFFB91D6E86CE4D87F1E704E61E2F3994B3716D8C00E83FB0AF6D013800F631002CDFF3BC34DF34BF2F9F1622CAC258155475014D25826C5761404D6D05D4F8AA844B71FB6F7C3A78B7D6BF1D00566FFA12E6BC7B312424853D75B8B8D70CB873CC9351E77869E92C58F4D323F6859E75F9C730BCD7A511C7169717C2350F9F669FA72B028020AD0FC90A2AAD770A44CAC73B2B343557980C22FF3EF28C1BA14BB361FC51B136007E5D17E3D3C2FB0DECE34D4B761E12B5BF6C23ACD833DF55CC51357C67777C48B4AB2288EB493A38C0337ED5A5B289038F6E10EDE743BB7300CC38F500A8AAAD846BFFD10F0249FB228EE9D77E0CFC73F2A2A8F3FCDF7BD7C3AAEDEFD8D77FDAF94FC315C3A6451CBB2D6F03DCB5606044C1A372BB4244D2EDEB1AEF0288735DF1EF08A1F09525B06078DBEB9905180AEFBEFB6EEEF1D2C3399B6206C000FE9028E73171FBCB7F85AFF7BEA4BA77F9007ACB176A3AA9F1E37AD0D55FF136759399FE2272269A8B008AD482C30118009EBCEDD402C057570BB73D7605ECAF5A0E715E2DE4E42DB1A25D937EF0FC1D3F469DEBAEE746C18EA32BEDCFD79C3D076EBC606EC4B12B377C0E0F2CBC3C4490210CDF06811562C629A9936F32DFA3C9B9148054E9F8ECB693A053D65078EFBDF7720BCAF27336AF8FF12F86F4EDDFDB760137DE78E3EC03650C00790BC8A3E035E2B3C90D1E42FB13520C30EDA762A924115F2AAB4BC01F1029529D9A7E220C01841E6D18006E3F7500D87F6437DCFDF8B550E8FF059252B5A86313F42CF878EED1A863AEF9BF8E5052BBDFFE7C6EF7EBE06F135E8E3876D1AA17E0D925778408DE25680CF401DC7C208CD6BBF613574E4504EE07469DDD6E1264679E6503A09003E09718FF68143E29D401C026F876FF2BAEB62E740318F3DB32651BBD893AB4C88E87DA7216E3E7FBD90F73B4BFAAB6DC66EE42F6EAA8E180C05D0003C0D3A700005BF76D80455FBD060BBF7901325AD6414222ED1A09BFF067ED7C765F25C47B2327912E66A4CE0287D4753BFD3C98376369C4B1F317CF85F7563D0852F9A98009DD0F16762CC20F760D3479C4DF86B6BE960160087CF0C1073600B66C68C49F8DE32EE0BAEBAE9B7DB07C33AC3AF8BA148E3BD413BE5FACF37874486FE981BA1A0B6ACB4C7BFA9ABA2A46FCAA54A207820B37E0CA04F2895AA676867143EE75FD482DE2AF554B41E95128AF2AB5357ED39E7550509107694D3448CFD445222BB665FC807F41464AD3B0DBB82B7965D51D12B8A9DE562C72F87BF8899814966E7C197615AE968251C276876E121441C206F25D924000571E80868EF46691B35A5F031D3307F3BF19C400702467EBC61801D0BB6F4F1B0093274FB601F0FDA13789C94781931B4089EFB77BFC2D47F37DFE5AA8AEA9701D89867B1A100B40B6D5D70194165A6A9D181C1608A41EE089739E5BCC7D7C7CA2F31EEE0C1BC011141C319D3B70838489BFA7592BF580287F9D0545C72C97264A59B07F52190079C46105998070C42E44F83168BD14BE490E2F3E0F6E351ECECC18C4FF6A586E61F9919C6D1B63FDDBC17D7B7853990B983469920D80D5F96FBB9A3E5CBE3FE80E21107F34AACEEFB3B37DC142C268D2058A6020E8E24C7003B5DC9A6B556440C8E2BB7BEE1359429237AE95EEF52E4D7481C2720B3658F0106E1F62D6A9F0832D86E93E0C6E1FD8F22A38237D007CF2C927B9451C00BFEE89FD2F86700E3071E2C4D9872BB7C00FF9EF280E80B9005914C24490EA04E2FEBEAAA6C2D5AC09105EF010C522B88449AA3D5AB87770832C64D1C27E8C2EF0902FA1020FA7B5AE702E785C8C820F1735509445DD2E96FECDAF80F66903F89F8EB501B07DD3DED800D0B3370740DA9C091326CCCEAFDA0E3F1D7B57C6EEEA264E21782CFB3A68603EB2DAF6F9542A7A38A1360404FAEB822D39B50A9ADA8EF991E01373EF0B0D2F56D88FEA424712A60B014142A763D1BA85115E58C1CA0D417358A15A8FFBF0BBAEFA37BD1CDAA5F683CF3FFF9C01E068CE8ECD3102A047AF6E3600F81F8D3A52BD0D7E2EF85008117D3DB9B11341C1FF623713BCAFDEA7CC3CBE2C08B10654A8BC21C2EE8809340004227FF71968A196202202DCC28D84070B5D470453EF124E2C42A707A563C90757E887F39B2187702589828F152080E9D7742CB44DE9CBFF7C7C6E71C5B19C9D5BF6C50680EEBDBA7A5312D3E68E1B372EE768CD0E5857B4480843903CA0892027EB54555369C7F9724264FC9AFB28E1809098C19F7DC7784355900083CC76D848408BA4E15AF8ED41820F49068559DC173A745488F9A5DA4CD745E010F62633C27CC1FE1D428182730782BEF7C9BA0CDA24F781254B96E416571ECBD9B5252F4600F4ECE24D4E4C9B73E59557CE3E56BB13D6177F0428741D481F2080DDCB57CD34DF52A52AB70CC2B07FC9E81B700D40C7440203217B2173C544FE82D53CFA628511347EB6C2AC8E2A782B54B0D4D4BB864711BE2C1D071DAF77934BA075526F58B66C596E49E5F19C5D5B630440B71E1C00A973AEB8E20A1B001B4A3F01C0B42F6832A6AEF555437DBD4F4D148D8DE3F7A0783C9A6BA0BF30782EFB8DCD95D6D279685215BF19D78C7046271905845D8820AC30DBD0CCF0B6047E7EB5E54A30C11623A2C6074D6E86B134260557D0BE3DD34743ABC49EF0E5975FDA00D8BD6D7F6C00E8DABD931D058C1D3B7676816F176C2CFF0CB0E4CB17AEF5B5B5D5F65FBCA0F17924DF2BD7EB91997A0810C4984804CEB6462CE64F6FEBB88FF27C20F5F230BB44B2F95A98CF612EBE4B5321C2B8204DE72D70E9ADC07EBE72F17EE777BAE63421A2150971116140E3AA0E5AA1BFAB7BEA45360056AC58610360CFF603B101A073B76CCE01E68C1933667661FD6ED854B158549E4CA8652CDF1FF087EEDC0010F8D7A42CE747D69484110E61F3E1801056986C31E29C9377256EA268FC8918836861A165451ECC3FF23E7D3BB9550DA1A69E8C8F55F098F809091BC378B1AE2917C0E9F13DE0EBAFBFCE2DA93A9EB377FBC1D800D0A94B479E099C7BE9A597E614D6EF814D959FB1F0CEA78A399126111F6466376876BB4BCB12172388EDCB0F943300844FE2844BF045CAF845933839BE6D00883042A8851541F3832844682E208C80A2F878B9398CE0655010CE8584F9695D93CE87D3E2BBC337DF7C935B5A5590B377478C00C8EE7CA69D0ABEE8A28B661FA9D90EBF56FCBB813DC29BEA4840884814234CA8D18822C28123CA399C35B142D745B1FE11D85D6462174D2BA3F9F8B082171BA4B708064F04E1F3A553C279D032AE2BAC5CB932B7ACBA3067DFCE43B101A063A70EDEC4F8E4D9E79E7BEE9C42FF1ED8EE5B123A3A42101DCE4C87054224B31E6D3DC6E61A444FEF3622EB17EB12250A8CCCD0E9F6C66ABCD86006EF13659EE0551DBDE7400B4F1758B56A556E794D514EDEAEC3B101A043C7F63600CE39E79C394581BDB0B37E59E85ED1B228102A40C101C31F351CD98B24C4081143AC808879892132B4C20924787F2BB2B0A2093E281A8C6A39C2FE6CF6A183670434333AC1EAD5AB6D00ECDF9D1F1B00CEE8D0CE9B109F3473E4C891F7975A0760A77F690C7B852E91C2B9684070AD8E900368E877B83012830B6850D6B18C8F81D4D15511058FC2A724C48A02B070ABC43E1C00597A470E80472A6A4BE61ED8132300DAB56FEBF51871779E77DE798F56C171D86E7EE6BE708DD4A848408898DD0B1AE75AA74599FB047EDB092D11B27E61B79355217504B2114D3D8F6A4C4C8BC72878D72602AC8EFAF990A6B582EFBEFBEEFE9AFACA870EEE8B11006DDAB68EABADF18D6361E03B7EAD06365BEF3B1B7472A413B8D091B4372259A403D0FF0783301A0F89E987C47881AD2843A298E3689943BE04A702F8FD275CF836081AF1FBC281AB0B8C817848E789A0DBB43873C1A1BC2375315D8A2EDD3A1BDBB7EE183279F2E42F3D1E4FC216FD030840AD7BAF707BC6088C886C1FA2B8075C478E1155FBE9D8B071DD092E0D692084114618731E22AF48A63EF8BA46E00BC13F823F5EA69B79157FEC7CE0BDF7DEBBB8E5E9CDBE397CF0A83FDA25934BBF017DB4F56B37741F3D7AF4A2A64D9B661F34BE87727D7FF83D4FC2E446F3E70D8221CCBE5A4363AC309F4F7071297324D34E0647137AC45DA3FDC6701689AC4B355B419BC0D9505A5A7A70F1E2C597F71FD2EB97756B7E0D9931DA356BDBB973E747060C1830BE52CF8783712BA35FDC084599589786C010952FC43469E37E52D8682E4681045703A3E514C26E8B06D048AE2868FCE9F5432035D01A366FDEFCD9962D5BF8532CF6869B2EE2F568DEB2697A4559D5E4B163C73EA1E960EC4BF802EAB52AF79EE1841D4388186D6988D4E1573DEA4EA7660993E80B3F48BC07A5E66504E26AE084C66BBB150318E83A0312E08CDA8B40B30C6BC99225339352BDF38FE51715879B22E2A56BDBBE75DC81BC43C3860E1DFA6C9B366DBA967A764341FC86F03358113ED375274B1AA3FCDAB0A0887A76D1172BCA8648899C90A1961B00318128CC1C0DFFA8D0315975DD21A33E1B8E1F3FBE6FD5AA55339AB5C8FCBAE058715DB85D1ABA44ED333232EE1A356AD45DBC127C306505D4EB158DF7A13A8402A3B10BB9A0B19E41B81440A4E1617D7A84ED0D4D60598DDF27785D63C23F3AC6632642ABAA7398F67B2C16FECD2F2C2C7CB453B70EBB776EDD1B7686A8E2C8CCCA482A2E2ABDB85FBF7E0FB46FDFBE6BAD510C4753579D1C893A59F2488E1B2D43D8A8B91A733E0D44015663E789056C0D710FF2FB9B550D82C4FA66909F9FBF77EDDAB53999CD323E2F2E28AD88B47BD44BD5BE435B2D6FEF818E5EAFF7666605FE1C1F1F9F5091B0074A92B6C67896519668EA18ED82C5306DCC1B4E221208B1CE8D9DCB8293137E98F569B5D9905E930DF5F5F575DF7EFBEDB3353535F33B64B7D9BE77D74133C22C0D8B20A3495A626949F988ACACACDB181F18A3B1A52C691B5424ED6D68D7D89786AC4230D93CD9581E1A8F07ABD11B228C8D218F70223F28A9B635645476E78F87B1D6AD5BB794F9FF673332D3BE2A2D2EAF8A324BC30068DDB6955670BCA085AFB66E6CBB76ED6EE9D1A3C7400E82F2E49D5099BCA71167DF88255C42E7142CA7689AD8260C43E0788790158871AA46687E72755B48ADE28FCFD761C78E1D1BF6EEDDFB527CA2F7E3162D9BE51FD87738EA69C764849B36CB320A0B8ACE641FAFE8D0A1C3C4CE9D3BF7E420A84A3A0095A93BC1D202B14C7372CBA966F427B3C422F87063A280B9A12A5FD86D960629951D21A9AAADFD95097EDBEEDDBBDF611F3F6CD6326B47C1D1A2060513F3656DDA2CD35B5850CCFF5CE79F5AB76E7D59B76EDDFAE96C09786AA0227D2BD4C517C73AD56FBB682797F0E37D8676EF5EA40E9113F2138DD82546CD8FAB4B8794B22EE0F12773B36FEEDCB973D38103073E659B3E69DA227353E1B1625F8C972BF625AB6993F8A2C2120E82D1A9A9A9E7F4EEDD7B68325BF8360E80EAD43CA8F7169F92C4CC89468D27ACF168A6B54630F9933CF08908DFC3049F54D10EBCBE2CFB3B237A359B366D5A535E5EFE0DFBFA4556B3269B8B0A4AA2FF7123B2345A544DB232BC2545A5DC1D9CCBBCC0592C3C1CC45E1D3C6CE1DBB945A84B28027F7C0904E2AAECEFB2D92EC68BD290E6C6C2151B75C0935D4E56F81105AF81E14F00DD9F0471BE0CF0D666B1EF49F626BFDF1F3878F0601E5B7E364D933F9B764566D38C5DC585A531693E2E27A4AB1919E946557575CBFABAFAFEECEB5026FBAECC2D746DD5AA55EB44B69C824BFA9B2ED609A9F87FE678C1FBD6B2E5E8D1A3870F1D3AB48D857BDBD92A2EFC9F3232D38F941697F91B3BFF091BEBACA6595A4D754D727575757BF6953F27AD177BB54D4F4F6F939191D1BC095BD8E764C330BC9A16FDF10CFC24EDBF1944DE1B751227B0CF6F31DFA9F80D740E1ED2F97CBE5A6EE64B4B4B4BD8EB785959D941B689BFF89F25DB90949CB8372929A99291F4133AF8497B6BC6050C7FC09FC2C0D08A7DEDC85EDC3DB466AF4CF6E2FC8077C61B277D657E9F0B4FE0F0460CDE48CF59763E7BF167D3EEF6C4790E25262456B0E5A442B053564763DAAE31B4C633DF94C65E9CA1F05713F64A65AFB8FFD415FCFFF9C24D7A2538C22F62AEB698BDCA1212127CCC1A982739B7BDFC2685546615B44020A0B39747987F4D3BD9C774FC8E16E206B8173099D0033CE266DA7ECAC9CB1F52F99D2F7F00E077BEFC0180DFF9F207007EE7CBFF035B6589D9F40D17B50000000049454E44AE426082, 'image/png', '2015-11-03 02:06:29', 'user1', '2015-11-03 02:06:29', 'lcu1');
INSERT INTO `user_detail` VALUES ('f40d18cf-7ec7-11e5-aa82-28d244bd1b19', 'f3f1e27d-7ec7-11e5-aa82-28d244bd1b19', '61ddb5a0-7d01-11e5-8cd3-28d244bd1b19', 'lcu1', 'LCU 1', '1234', '1234', 'lcu1@lcu1.com', 'Tangerang', '2015-10-30', 'M', 'Cimone', 'Hobi LCU 1', '0813', '0856', '', '', 0x89504E470D0A1A0A0000000D49484452000000DC000000A0080600000067BA023B0000001974455874536F6674776172650041646F626520496D616765526561647971C9653C00002C024944415478DAEC9D099C1C577DE7FFAFAA8FE9999E53F7658D4E5B32B2E413E353C18135E132C9EE66F301823ECB7E36B004C26E966C0C0B982C04074270201BB22C1B6C3E0B641363EB40C63660641B5B3692AD9164D93A6746B7349A7B7AFAAE7AFBFEAFDEAB7A555D3D977AE4E99EF7D7E7A9AAABAAAB6BBADFB77EFFFFFF1D05A04D9B366DDAB469D3A64D9B366DDAB469D3A64D9B366DDAB469D3A64D9B366DDAB469D3A64D9B366DDAB469D3A64D9B366DDAB469D3A64D9B366DDAB469D3A64D9B366DDAB4F9EC995DCFDDFDCB6776DDADBF096DB56464A65ED8B6ED3BF745A3914D91481428FEB329D8B60D3665C5A61DD4B6076D2AB639659052DA81EB54D9CED677856CEBF8D87FFCE890FEF9B569E0843DFAD8B65FB1C5665C374D8303679A26430F383C9E3118D94BCBB29C57D4E6AFF118A7D890CDE67CC0A9002ADB39B094432DF639EBBBE43665D9C1968394BFDF669FCDCF33F8570F7E65BFAE52DAAA12B87FF9C9561738F76209610597865817AF816F04C310DB8078FB8DC06BE5FD08552E9775BE06A27C216C9F552C422A95E280138E35A7992F0BF9020C0D0DB970DB023CA6BCEC7C39E8EFEF57B7ED0AF9F33A58190C6C1B14DB7DF6ED6F7DF3595D4D3570D36EFFFCE8E33EE00CC3E0B08080C7504002E2016528EB0E87B8CD70618390E3E4394AB6B99F2B4156DE6F78C7382A4915550D2F232323901A1D75C0A5D45362F66F946D4F8FA6F93A504FC57199CE6420934EBBDF8D19313BD84D63104F303838088542A12CB0CC428167206B975A03E7D9FFFB97C75CE09C0A6EF860082FC0E192A079A008A5237E0574A11130A99FE329AA032294F93C0913022741B2CB006753E5181FA0B60BA0EDAE3B71AB04321C68CF7D46459580CAD7087191C1488532ABEF45808BE8868B7DA661749B914837BEE6EF630A8FDBE3B1D82EF97EB401A6DE0185EE66F09ED4284DCC22D57199B4A4B28F14CEC3F1D413585140481FC4E83C881AF59E9281544480D6C4528899F50A70E0C236A77E19C4230D2E682A6C2414365060E375D6ADB8C18AAD16086E93FFC439BCE39C13A9FB950F52CEA1BC27F0B968F5F5F5A5D08BB835994CBAEBA2B48B02C9C64675FB66F5FD2D2D2DC1BFE901F6515FD228D514702410C3B138CACE42A4FE223424A27CBF53C77ADD4A2F6FC93206EBCEBEE86D10F5575AE66201A89F6FFE1A55654EFD6A9F2320D750ADE635AC712B3D807FB9A8F16AE75A64A5161F1A3512D052B74480540A1FF8123EE0733B3DEE2454E3BBB125D0CB3F31B0AD1CB8133D9FB62A072EF863BA6E9EE3FC4DF25CEC6E1F8FBA50110EA877FEFABA98784DDCE3A9FBDE0B02682AB556DCD909F4642F7A8007403D9D7AD6F7F932F552B46CB06CCB0FBD789F4162D0185DE8AA9B7A8C01516888CCF7F6294B93C4A131B2B01460B6AC23CD10234DE3C23711103D95F5D6357235081C094984F0753A39E8405127EFDC95BF768CF9EA6231576955E06291C035F1FDC4FD538AB49F1F4A1579A66243CEBAE4C2A92A78D12AC0B91C0DF93B11FE82076F40C523A41E629054CE47DDF747A00E11770E2502708342B3B5062234A978121AB99A5538B709408272D9BF35360DC0B4C277457E4423EA131E1538203145AD49C90D284F33CA7E0FC61C64D972D077D3B0491E12B0104CDAE08B49B5D51070081AAEABED6D8E7B59393AA8AC8C36784D7244578EB2AE829A00D2DF486D254DF047757A9104B385D3910B95F114E1297999A0D116B839C9D82EC413D156E5C079CE1F04609B7E12A84D1CD123D5ED724EC74DD0854D03579B311CB8311CB8ED6857CA782C44F133E9AC87CE17BBE918AEB6932600FEDE2257DA6C11E7495793CC4EE2FC8DF89AA1DA4B9A00803F6EAB6CCE64CAE019E4CDBF962B6D16C9EB18EE32CCA88A7841C952BAEA36037C3B9B0F0BC2586F76541642E39023FDFE9E351AB85A4D9A041ABF67D25D9F414750F18CD9A0763A869B35319CAFA7C90CABD978B9C5A2039D61D4306EB4B469405B0D0227633715BC9968D84D128B19A95DB5A36AC2442B5C6DC470C14EB4BEB16C30F314CE7FED04704CA8E8A35C630E252DE96DA2AD4680F3AD13D5B5AC06F520CCC524DCCDACBD104E0FD1A9399732089D3AED4135F5B9B2B1B70AFB3B2266ADF454A13A86AB45852BD10B7572A02A0B8F5C17D3AE05DCC03F164E2B5C6D285C499612887F22A02ACC4814988B699A144CA3BA89F34D19A119AA51E0DC5E1DDE3C23D5685691D166DA0CBC2A762995F95BB4C2D5884B591A8CFBFB51B62596423A5BA8CA2FBD68196059D579C370A79FD059CA9A8BE1BAD54C989B2F11E0C523F555FDC56306D3AAD666037F9672B3C6A8365CCAEEA04FA9CEDA456A20E5874A879577A6F44C71A769B0A174DA85A04BA9CC1CA6AD06800B9AD79DCB3F3372B55B81B99611B872D061A6D4999E5D6DBF269382D2038DEA10AE669326307D532BBCF94A47C0A4B4A28914040A5D566C07B4ECC9833556D2040293D76AAB21E0BCF1709E2B496A70B2118CE9A63AA29C8A614208AE55040ED874B654520ABAA749ADBA94257D29956701D49A61E37834EABF9778131BC9F420714726C8AE63A8625736CED35DBB6ADEA554658E4085932634E4B37DD32913A5E2079681F92085C3E54DFE4AC3C1715E13F146E2BA6912BAE07B10AC4281F0A236291032765398FC9A26CAC544BED6E074EBDA6A3669E29FBDAB72AE913237A50F28EA0204EE316A1DF3A64687C079A842A6D0681FACEA7BD4E403C65E081DF64841B8F279560A24000C0D05495D9F2C68A5E7206520F483A605AE569326214FB1B97C61F31E90A12A9B276EC4EBA86BD3900AA93E3D2700B07A1E0E1BF5C14CED1075A48E8B58283A230D5417CE9F4072C4D19B2EB0345BC8075828FBCBC1110433F8B53A0A4A7C6A1AF6E41E6D35045C306EAB94BAF1CA6F7B80C8CEC53ED500A93CD4E742962AA50391AD3EC24A3D0B21FE63958270A19A15D5DE2794FA9450A58D005196D477BC1F4C757F105C12F0A603CF1F08E4A53CF0F413746ADEA5E43D4D02AE64A5A08B479330BF6995DB2E35903A0F83A98BA23E523E0BF3F279D741FBFC8D62FF05D877E269C741140F1459D0BA0AD62E791BDF7FBEEF047BBD526C5FC9CFF5B3BDDFF5250DAF5E722BDC7AF57B1DD82C80BFDBFA790E06CF52B27F8BE6B4C3FB6EDDC2CF71A6AF8B2F17B36D68995C0A1EF9F9D7C50326D9F10C8285AD57C1EFDCFC872E303FF9F577D8E7F68AAC273E58A41E7EFFAE4FBB503EF28BBF8404B16199E17575396D9B90A6AA1B493D371EFF33C293263A86AB5197121FAB1B8FC72B1FBF31E5FAF06F3DE46E7FFDD4F3F0A35F7DCE851AABE85BD7FE2EAC5B76077F4F263F027B8F3C29DC5B27E1B176F1DB60F3860FF1FDBFDCF70306E80658B968A3FB37EC78E91FDCEBCEB1986C71EB5BA07DC106F71A16B62E8773BD5D1C22ACC02B175E0BAB165DCBABF2E94B9DD037DC03776E78B7AB76EB96DD04874EEE11E7A4EC5CEB61C5C2F5EEF776F5921BE1C5D77FE6EEBF6AEE35EC86718DF8FBF6826551FE249CCDD12C6C8A78FD5111B8A356043A0A51D85D8C39D019844F07887F2A31FC8F57D60DDF93B7AA9862014B3E5FA898C2F91EC6C814A3FBE23EF7F5FAABEE8462C106AB88994167D9D2B0D0DD9F8831456C5EC9B63BFBB0F22E9F7F9DBBFFF8D90E78ADFB05DFE7AD5D7C2BA44629F4F503A4460016B5AEF0ED7FCBF25B9CE7C6E139D9F95632D8A41D3D7D10F61FDBED3BFEDAE537B3E36CB7AC58B8CEE7FBDDB8FA6E762E4B9CCF866B96DEE8BA909DE75FE7C0A498B87D27D3C08B54B67A46D526B3005BEAD2F095FA61D840F2EE393864360D3C0C52377CD70C70E5827B98862C65D745FFB3E8AF9ABF89C35614D02D6A5BEDDB8F2E66A1603BC714B0C26F742BF4B1D3FBE0E0F1E77DC7AF59741B8C8E507E6C9181B066E906DFFEEB56BD15AC820084ED5FBD5801EEE401E81DBC08677A3A3D4057DCE21E6BB173AE5200455B3CB71D9AEAE6BAFB55200F75EFF19ECACA4A47310A9F4D35C291A2E90BE0E632F83E91C8C047626976DD9673F3B1E4238B6DDF33C7BFFD3FFF4193544B0AE7A6002A9CA594D0BD71F239DFB6950B1970AC7261A5C6D82D682B166D1215DE86052D2BDDED677B8FF38AD83370014E5D3CEE29DC55D7818D959529C592392B4ACEB774FE2A3EFA01CFB7B8AD1D12F124DF8E90A5B3A3FC3B78E6D5ED9ECAC61BE02DED3783CD6E08CD0D73F9EBA0AD6FBF899FAFA97E0EB436CEE7DBFA477AA09FB9A75E4692B8AEE4D7530DF042CE797CB31A96DD1E2B32C5CB3AF0A2D259547936B8EDFE3E1ABA1A00AE5C3C5749E0F034E7FB8F33D772445190BB381C784757DD4969AB975CEFBA948EBA8150B70E48A5080C0E99F0CAE117DDED739B1730A856F0CABA74DE8AD0EBB86EF5AD60B18ABC7AC95B94F31D74B38D074FBCE43B7EC3CAB7F28ABF6AD17A77DBFEE3DE3137AF7B3B0704DD4F57DDBAF6B830C907A2F0188DC76904FE291387DE92717A04EE885BF0DE98EA5EDA2E6C94DAB36CB2F71A76297D2A47D4A9F22AE39E12E5F51BA73C3770C9DC354C711A3874AA3B99165026E28DB068CE6A0EC8E239ABBC0A7FEC00E4F2063FDFBEA3FE38EEF60DEFE4EA876A26EDA9971FF332974C0531465AB36C832F7E93179AC9A7E180021DBAA178BED54B3D401F7DE67B9E6A32B0EBA2F5B052714F3970E0EF976A08E8B06488013F1E8DF960934D17EF4F14A1D52E42DE1CE2C0B9711DF57D95DA6A2569E26B16A894C2116FDABDCE0BFB7CBB562DBE815728840FED74CF513876EA559FCAA1622D9EEB0179EAC2717754C369E60EF60E5EF001851575D97CC7053DC98E7DF5B007E5F56B6FE39F87C7F98023E028102B073B5F76F7D5D72539746B0470786CDFB03FD6DBB0EA167E0C4F0EE547E1F8B943DE34151C32A17084B89FB1AF18F1C1E6FD200E74A8FA089BA3705CE564A301D16E650D254D7CBD4C2A988491777A55E11C05B9CB016EDE5AFEBA6FE83C1C39ED01B772F1F5904D3731257180BCC4E0C2E4860AC83E25BBB87CE16A98D3B400D6B56F14709E80C3DDFB598C967201BA6DC36FF3A5037827737347390C4400F25AD76FF836696FBFE1FDD0C6DC5519EFA1BDF4DA2FDDFDBFBBF9A34AF6F490E24A068AE10187E554D128810D0D5DCB36705C4A59289DE6A1091AB83751E1E42F5B2185739F55C02A59AE300AE7FA8E7999C5A537406B7211D4C793AEC21D3DF58AA2583730F7D0AF6E1C36573D08741C7BD1F7791FBCF73FB9EB271970783C4227EDFD777DD853B7538EBAE12F64980C04D3806C310D07BB5E5692311B9478EF35FEF7F854505C3BDA6B9DBFF1E0F20D750A0C7D3202DF6B00BCEBD9B5D8B62580A352E14C0D5D8D0017F0FF7C4A57499712DDAB2EC5AD9CD3BC18AE5B7D9757A1993BD979F6388C669C38AE8129D1EFDCF66FDCFDAF77753835CEF01211C7CE1E74150C6D5DFB26B75EA2C2A1DABC7A5449AEB478099A23A70E786EB4AB3E0657B9B0BFFCD899D738EC032397E0CCA5AE92FDFC7DC44B9490925117DE599799341436B46B4C5351371EC3B92EA5762B6BC0A52C5138E5AE7CB92E2501FFA0D6D74FFADDCA7B6EFC0377BDF34C0F0C8F9870A8D36BB3BBF9DA3B030A474422C28183B0D2717CB72FEE72813AB99F43EE264602E6C46F0E684489B15E3BB9C7E7564AF733974F3B603205DAF3C6AF7CFBCF32007385B41BB311EFD9CD25446D8A586561E33785881D6C1698858FA5AC45E0823D7C8917785552E1247C38A708264ED4E60154393454B5F3BD171C28BBF6859EEA0DE61AAA8A2493112A70D2D08D94151FDBC64E5F3CE1DB7FA6E70464F3A33ED854A5DB73A41428C7ED74403FD4FD9B1275930AE99C2BD0534719E9803D4DCAC1C6B39F75D980BB6F57572EE04DB699DB97B24CCC55E9C983D467CE6165EC3CBF0FD62FBFD3774CF7B9E3EEFE37BA3B4260EBF04D52ABC642FB4FBCC4152911F31AA74F3145E215DF709A1050CD962DF09A0B3A8EED16FB89E7FE19A2E33F7BBDF7E8B370E775EF718F3F71F6108FF1F0B84F3567E1FF30B772DBAFBFCF41C42FF25C7F37DF8F4006BF43090E8E7258438A705BA438C68F40DCF7A0CAF1BEA64A9652E354CDC09569EC9677E74AF4E19323C5D404422870E78FB9D9C2534C8D302EAB577A779C3C7FDC4DAD733088F3FC6F6A38435A8E9E3E001B57BD4D51B04E476D0400C759AC77CF4DF77919458CC71010A94886F7C420ACD9E7074EC277B67F91832ABF0713E74FC7F63AF6DF7F6BC9C25FBDF6531815532FE03599A6E12A25A863E0046C750CA03F8C67C6850DC2E73351DD4ADDB9B2369226A0C026BDCCBA0A644DC04D9A6085DC7FE2D72547619B19912E1BABB841953B7C6ABF038FCF6DF35CC0FD9DFE5E22677BBBC08C186E79AD7B0F7C77C757E06F1FFD2C3CF8C34FC1890B87C43ED90BC4C97E4AA84DF659DD3D6F40246ABAC58C3AE7EAA3265CC5E2AC3F48E64B275E92CF6A56464A58ACC42D1BFE736C94F79F1C0FB6D399B8A78AB61BC34574E2A4CA15AE44E9889A49737EF0E6F852B67EAE022AE764EC7062D653E7FAE0D2D00598D7EC650C7B872EBA0AC153F90CB01BAFBEDDAF58D2653394F43A7562434CE57FF3D13F87C3270FB8B3489B11D355443CE9A193BF71DBBE226C9F4C80A82EA5F3A713E72EC9B751FF3C29387ECE763A21DF112FF263FF7134EE32E44006601BEE06580C167C24968165863D2E6C6809D3F6DC49275B8967C34E98D83460C9231974F4939FF89826AC6A800BCCBC2CFBFEF902F6CB8EDFBCA90846D306F4F619EC9C36BC7AE405F857B7FC5E89821922E6DA7F7C3724138D5CF9D0BDEC4FF5782EA0DAB685BD355875C40CE189F38E6A819833C84DAE48D109CC19E9F673241EC4AA5F62C811EB024209D47E2B06699A817AE240379781F477A938646CE7C6C2F3BDECF8045B7B7B240FEF89E627E446CAE5DC68013EB2F41CFCE0EC127E373128FE85DCD5C8B2628BA32DA1741ABA2A4A9A748F95B82C9B599982C4A552CC151B30788545D579E1E0D3DC6D4C6546E0D2C0050E8ACCF261BD1F6080EDD8FD7FDD395042158988519B3671665556140988D7C40144D56D7F55273ED8648696BA6EB53FCBE8A817C2B8BB10837B0448D7446DF85A7306F61522CCDD7464720EBB8EDBA2C531B39161B0C9EDB7B70DF1BD8F30E88AC522F68EC6F68E9C021C08E8F828020D5D15264D5457B2927369206CBD7D11C7B114CA71A6B7134EF59C10F398509FFBE72A0D0DCE9909FE8CA274810D679A3D23381B81ECA2464AAAB8A7704A8CE9CDFDA5D67FAF17B6376318859D8538BC8DA957BDD85DCFAEEBF6B8C5F659E18085C116BADFBBC2DB1874680F9FE14D274D02B8E09910405B4357054993A09CF940A3B422F3B38DA488804DE9DE247B7530B5C2A405AA5B24E2242A4C911031E57EE6469A227633DC4EC0FEA49D543BC3F07AE53BC783AFFFA21928F25C226C148913F53A65A2C76B47940DDB59B6E19F73758154BE02CF65C226B7DFD63A041F5972165FB5B1D2C24A23F2CD4A5CC4753A915235C005E09353B381FA30C0CBF0294798B25DEAF56093804810B0D2474C842D0095417C50BADB83EEA4FA258B2CA30F2605281F480A4C6A06D59778578E0579BCDB96E85CFFCB76145E2C444B618332E095858D84C226EDF6D661F840FAF1FFCA56B117F55C05BC042B31E145B9D0CD76F0AAA6F3B23BE98FBA6F8AE7C6C955FBFACDD02607379D6F2A0DCF41D0C28A54310E10558A5420E282A42A930A985B8240C118C5754D15D51437821FE4E3F08B5C64022EE458B04159D8E47A9B3D70D707533FFA56ABD5BF1C4344569A455C975032986EE3F86C866EE602575242E6439C0271B91C8173172263CCC7AFBA81E5802A2D8494512B57A16809483041A0C63A8080FFBC3E179529F3A3C538FC7D1A3397632547A60E9B5C8D43AEFD5D9927FF92417795703111BA0691C18C69E8AA4CE1D447DC4E3569824F98E9E9354360739026C42B9302AA8CDB3721A0BC0C4979A0C67CAFF71940BC78CE8B41091C642273FF681D6CCF9AD06B8F91899C126C9ECB594773EDEF49EF7C685DFE8D1B95B82EA9401799EDD0CDE476389FBFA766E1A60ADC25061BBA93B29AF85DCA717A259129EDF2FCD532E726E3C5A213EDA128B39A3239EAB6051AFC065260EB3B2D023BF2362C011BAE366D4810509E6F0070380FD05D00F81043E4CEBA89C2E6DF1E85E2BC5BB27BBECC5E7EE1706CDD3E701B427CFD2D2D51E86CCB6056C7C33CDC7910E918B7DDB16D78D8844CC6E471557885A5E3D5E72901E5BCB7024095FBD8C0B7E134FF898670190FDAB834B8F2D94CF92ED8069CC3C1A316559EA7E08CC8A04C87BE9FC526121BEE884D0E36679DA92AD80DB7655FFEC6C2E2C56FEDAADFFCB8804DF501F2E25DF66C83AE6ADAE14A9328134F9AE47892C41813AACB53290A53A7753CD59AF8F94ADAF104784E3C4A396CFE095D4BFBAC52F1BC851F146DC8120B7E3B4227059BBA6365B1EB53F5A399054F34BCEBFBC2A5C4040A8EC84D87281D3F53AD835735C373D2E90C3437374F3A698271DBC51E73FC01AB57C2EDBB4CA026F25184288DE2E2D903D47440C2640A6FCC07EA7BCA8FEF26479D0792D8CCFD7CD432E04CC1822D116BD2B049632AF7FB1F18D9BAE0F1C6FBFE5AD43753C91DE415F026E7B268E0A657E132994C89DA4DC406074DB08AE4CD71FBA600D478BB27321CD0778CF8B38920918821435E87029F43EAAA1EAAA161D9F01BF6DD658A001F312D16F38D075BF09959CEF6566B70F307877ED4FE44F2DEFB07CC36E95E52E54F25023ABBD695AE6A467C97340B4CC89564B1DB8831A96C5FF8CE71A02A93B52453CC5A1252BE4C043675580E00F15D9333BC07DCB63A99C9344503BFDABB26CA96D12881438609DF2C46C29B16C260A3CA76B1394EF3EDEF4A3DFDD5ABF2A7D681D76C30EBDAEAAA673C5C10B6093C2AA9B7373231A0C814812A03152153076A3CA826FBDEF0E3826D8CA2C9C3ED6503BCA3B6031E2B51032EB0E5E78B269CB2E8F8B0853537E0E8459A6BFFADF4B30FADCBB9CD062A74B3A2D9A06A26110AB6C98DA772D84F121FD53B1D40C10C02CA97CA20E54AE03C10D25BC59D114DF427152A689A123A138AAC7C2D45E195C1FA49C326CDA476C32DE9BD5FBE31B30FA7449B13025D4D2B5DF5F434A130E19E26F870459CDFBF3ADCBE8903351E54130E2DCB7C76C9C872C3713723DCB564256640B1C1866F772E80E7FB1A02B091716193DBB1D96063E6E057EE4E3DF7AFC1DF07533692FB5CCC5A82AEBA6238E5B71C2B67323C6C806591AA71FB260AD444A11ABF670B947482264A2F1522C153FA66E26809042F56E700F9BFBBE7C077BBDA4A3394E3C0A61EBF2ADFFDC7EF1DDAF9276C759EA2760D01E86A6AB441F58C87F3646ECC2C25AA1BCE1F59364338896C5FE5DF4BA152938E9109EE2453B8FEE07E3EE05500698AD9C130C67BBE2F093D5903EEBF6620CD54AB7E32B0C9EDF38A7DEFFEC0D0F6E4AE863BBE33106993D94BE952E6C4B228DCCBAACF60564DD2A4B4D13B1CB89111675E7C63C6C5519374FBC651DF720A4542FA804EFD6F2760B3BA5EB03390B74761742407F981B80B2196C32375F052DD5BFF220FD1DEB16123E14AC8CED1521CBAFBDEE19F3FD85A1C901D9F9B024A175105BA9AD5AE0A93264A3C17025D6AD4A88E38EA72DCBE8A01E5150A1658340FD9620A52A9340CF7E5A1BFCB84A1A34D307C60190CBF740DA40FAE82FCF176DF639FB11C895FFDEA8EE4BBEFCF90BA53E5618350D8E43DB58EE6DB997BF9BDF599376E12EE6530A6AB890C66154D041BE88A44C360233C769B0D6EDF545D5E9C29D9A245B0EC02D89441966A002BCDEA733E0134D30034CD3CC3A21172A3B3DDE0594E3D2FA1039CD8CC6C214F24EF7D6073FAB98FCEB1066E9F0C6C72BB09B4E1A6D157BFCACEFEB93712D7EC83F20D3755DB07B33A460B805FD528D0D066389C796BFC8A5ADB40A98650215C1CAC4C0C683ECAA0AA079265C291651E5BDE996392A8CD2DCAF3BFC7EABF2AFB688AD77DF8710CBADCB6C6F77DE33D233B47E6177BEF9D0C6CD2308379EBE89E87E6172E7DFBD9A63BB7079227D8DDA820623A1BAAB02B5875755E1E631221EC3399CB19EE6F50C1470F4C09AA2B999441A0B014ED3C50A6F0349B0048370229D43925DD0AA6FBF00DF03D9FBB5C3B278CB31DFCBF817C441076CF2AFEB4F1DD7F7FE7E80B27D7E44EFCD16460536D65BEFB93748418CF35DEB11DFC333ACB6F8743576D53F1550570CE9D34F0A3077E299CA384105A59A866804A050DA1B268813FA3CDC836835D8882914B82996F8258BE9155F9880F26D95939E892076F5CBE4E051032F6D05BEF66BB3AD896FDEC77D91F4F24F0F13F59C5D5C3623DDF70FB76A69C7475BEF363E00E38201398EAC1B355B9AE4FE057C5A0DB065E07672F98169F594DD055C57838B5915B4D9A442936DFF4F0ED990CA909A0E47B8B32C6B28B3CBE22C538180CA84801C16A02C34AB840959DFF256CC6B390D983822EA3F2DE5DAC74B3759CDBBDE3C73FFEE1B3F23D226921E32B53014142673F97BC633B4D11824A47C79888681CE8F029969441F71884CDBC214AB5C4733318381A4C9994DC95A346822FF379701ABA67B0DB57EEBD967407AD3C9F83DC28242192672EA0550F31AB81C135373481A1DE783C050BAA19945532B5343636A217D13DD0DFFF30828590FDE091EFEF1FEB6FC0CA2DDBC5C03FBCC65697CF276FDF81CBD5B9CE8F4D06B4A0D2E54974E4A5E45B9F0A421D004F0377193993C190AC899234F1BEDF74DA28DBD03D13A092564077502857B43087AB56D46A66A515A2C566207674EC8445A882A9E3DA68A89AA9F0CD9D3B17E6CD9B0B4D4D4DB074E952B63E0FEAEAF87C0AEDAC6C0667C6EBEE471EFEC771FFC610E87CAE9E581A0CBAED78190CBA8F4FF5FB5C9B3DFEC941B3B9E770E29ABD227EB394620BD59DF1AEE58C7EA6D7673FF70597AA152B56407B7B3BABAC5E7CF27AEF53409AF7424F4F040A45F2A603E5C65922C6C20C2129C6206A374384811567609976126276AB930D948A33C6BA8428DC750C533E673D1A8D31B8E6C0E2C58BB982216408D7040D6F765B5979E09AABD79E1CEF60A54D4CCE5D1211D9457441B0111BDBD4DAEE1A79FE7DAB72DD7F3CD5EF3C4BE2277FD6FC8ECF0D465ABB44667450246CF202420DDCE5D8FD9FFD7C2870729AF1D7FB9E04ABE115B8D813BDA240C96F0EAF05632C4C6410DB146035411D9D03119A8484BD70828AE525256C5F82C2CB2ADA63C0D7D6D6C6A04AC29C396DB068910358535363A57E068CE3B68C075E087418D761EF7F9C89191BB09B0574F75D0E74E7A20B1F7BAAF91DDF13C17BAF800E933605A9B03319BAEA984448C670EE6399BC001F67E19A0A581301CAE70EB218CB4962142041178061D731B092D0008B214EDBC0A0B15070265A42B281A1AEA365D910894420CEDCC0782C06C96412E632F55AB870012C5EB4683ABE7AEE661E3E72F421A1784363B8976A1C0742797CDFE4738D776E75E2B2A941B7A0D0732F5BFC1326A6C199525DED8132E3E3B8190DDC987D2945E6722C579290C96B3B6F2C16EE60842620465BA10EDAA08DCC653E5223F391E63A2A4B9C9B80A33CF2196DCA8886607ABDDC7AC86CD2B82C160B5CC91209760DF13898A6090DF5F5509748F8BE0FFCFCC1C12118181884CE135DB0FEDA75D0D6DA3A1D3FC7A759B98F81771F836EFF24A1830074DB28107375AE6BD2311D7692BE2E7D70E381FA0D031032525C0357A94C65A0E3B2FC97CF8FD1BB64BC2E4E769127320C1A810499C3FC9F16A837E6418C3441A3B9B4BCFB0765D2EE5358E7B14926C3FF86BABA0453AE38C4E3751C342CF2F1CACA13477D9F2DFB35E2EB6C2E07AFBCB20FD6AF5F074B164F8BDA6162A58341872EE6231384AE18F6CB3CDF78C7F63C89A7AFCE1EFD381F693009EB8E2F3F2F405361D3C0552053E9478F82DBAD4B26E18A1619F7AB2E0A7710DBB61ACD25EC8FAE873883AA397A15070CDD415969EDF1BA364DA2047B6658C522E40B79B6B4789C85CA158B46E1AAE5CBA1A1A1C1F75EF53A3CC526A1EBCE53553DF08E1E390AF3999B198D46A7EBA7799841D7CDA07B768AD0F1B6BB979337FF7C20D2DC7B6B6ACFE7270ADDA5C89C3DC36653BAF48E5C1D56352EA5FB3CB6405CA30A196F2C16EE609434B09284A6C85248C617409DD10C0DE68232FD03C3BB8C8DE7D296030B0BAA568E290EC65BB1B8136B251B5861A02558FC256F1C6160850125B7955B57C12B5A168C8CA4A0ADAD753A7F9EAD0CBAF649C47445F0B7A1E17AF168DDDA3D06A55FB83EBDFF937534B77CCC1B2718993D0D373E29922439A579A06AFA55CE78E0D4CAE46B83934993420E1A22F32161CE8144B4051A230BA135D65EA2164137B06C5C0863F5D22805D1B28A904933B8F279A8638A55C75DC2182C5BB694A958138FBDFC508348F73B75110772DAB61D0A57F03B9888CAE1D262C08D8E4E3B702D22AEFB52B903CAC474AACA71F80E27AEDE7B213AFF73F70CEFFA74939DBAA91C6CCF37DEFEBF2E46179C046F3259095DD50037A3FDDECFFCD9FDEE97884D02CBDBDB95B6AAC9B44F851715C489B892A85805065684B96AE80AD6D727A0B5B5558065B82EB0DA30EFBEDFA68A3B4C7D7F87FA3704AF437D2DD7C3B6A9EBDD5D9DF0CE77BE8341BF6CBA7F22742B578C77D0184D06D8E28E034D1B05C0AD37A7F6BE7D6DEED88762B43857BE69C06C39B43B79CBE302B63ED11CD08FBB44B65282874D02542B5C25B294107401C3BB364D2AC61A43C18A85020C8F8C401453F04CB9EAEBEB61D1C285D0D8D40811D32C4D8352EACE7AEC4C31EEEF608D3361C96BB7D5342A554F434B1EE618A674612AE764368B70E6F469181E1EE6D77C05AC7D22078D93BD94DBD0352CEC49DEF4142B2FAEC91E5F1BB773CD7D91B6C1F3B1459784A2215CD8EE3624542EA870BA59A05259CA42A1386ED7A689C65C6A41F72F1E8B437373138FB3B09B13361AFFF4A73BD9F628AC5F7F2DC4D81294071FBACFDE561C044AA897D9716619E7331CBB6E306EB0E56D5E4C3ACCDC49543977C239EAB5290663B52078EA7E742107FAFBA1B7F71257E11B6EB81EE6CF9F3FA37EC931A05363BC8228A96375AB07850A1A627F46409712E0055D4A9D34A9649632C5D4267C9CD6C463AE7A4CB5333710979815C4128D4614C5F02AFCA64D9B60DBB66D5C2DD6AC590B8B972C164F1B25EE238AFD02E750E641A680254D541D83FDB3451D511F9355BA0E651324B8C4E9DF53A9140C0D0EF01B12BA94B7DC720B2B375F91DFA7B7B7B712D0A90A6709E046C1DFA86D0B38B3A264046C0555DDF468810AB9946E5B14D0D027A1060B4EED96483440B2A19EA9538CB767A14B28CF25EB3219A3657CE9D22570CF3DF7C0EEDD2FC1EBAFBF0E9D9D9DB060C102A61CF37807E092605840E85C03F1544D6456B9C051A184C2ED74DFA7AC53DFBABF4900950C152C9BCD423A9D863C8B27D1F5455BB366355C7FFD26DEDC70A5ACBBBBBB124A275D414BA8555E00271FFC21EF42C5800A5AD596A19CF14993FFF2A77FD625E384E69666D8B8715349BF42042A623A7116AA17660A3115EF298137C77E1870EEACC38AC2A92A820AF2EAABFB18705DFCBC262BB8C4DE1CC9C62457C938CF4ED681892EA29066AA74F1F2254EF8365B5957131FB69B40C16D0818C665050615C2C50163AF7961DBB0B901E3CAB56BD77077F84A1A82FFC31FFE982DB39BFEF6A1BFD93F95730492296A42C500FF33E5D4E6042BD0B4505523BE677CEB3C836E23AB805B5A5B5BB76CB8EEBA0EE60EB6D437D46FC264464274732A551B5231E0E47B11BC3367CE4057F7491861EE6D4480172C98B9C406676C0E70B645F9C4A984CF64ECCCE948D8D2906E22B69B09886CCB76012B140BDC4D745F8BD2DCD4042DAD2DB090A92DC69DC1E4D295B21D3B76C2D9B367F0B33733E09E9DEA7902D0A9994CF575D8A053A836D8AA02B8A03DFD8B67BEB860FEFC07C6FCA3A60138F55C58F1317E191E1E81FE8141DE549067DB54F0103ABE94DBA2DE7A54BCC68EC8782E0F2A0F2E0E288316D513CFD5DCD4C8554C8E7B5341BBD2C03DFBEC7370E4C851DEC9E072811B03BC71B369D538216CA4DA2E187B5034616F8D32EA76250CDD581C67B6640929713FD10D348801236CDD104A864B621A7C3BDF6610D1E0ED345263FD31995B8C6EA4841520BC21FECD3474695F7AE9653876ECD8B46431057874A2C756A345AAF1A22FF5F6F1CEB9A669CEA8EBC23169B2A9A0A5A5D98305BC871F0655A934C33A33BFF3FEFE7EF8F5AF5F60CADE37AD9FA31F393C030DEFB47D7DFD3C63A86DFAEDC0810370E8D01B9820D15FC62C048ECF75822E1B76D265F11CEF56A5ADF28649A2BD7B5F65AEF2088F37B5CD4EE03AE40AB6479D3D778ECFD7917026C2D15601C3F6B523478E713752ED58AD6D96BA94AA6186EFC2858BD0984CF2B809930EDAA6E0A6170A70EAE429387AEC1853B4516544C3D8DE462532941AB82AB4D4680A46474779EA1CC19BC6C1973565172E5C8053A7CEC039E629A09A4D4ED1C843FA1B9CA5C079E08DC2683ACDE7FFC046E864B241FFCA8A611B5F7FFF005CBCD803E7196C98809AA2DBD84D88066E3600D73D9183D2990C64B2193EC10E8297483800CE46C30453EFA55EE863A0C9B88C77279B7A7C36C860BBEF6FBEF1B5218DD0E48C54E345FFE4F1EDBF623FF8667F8F10315C46E93D22B7B93D4688336200FB3DE2C86C6CC09E4A4F93D2FD816B002819A9EEAC4FA61DAEDC0874675FF01C6A4C8B0A3F34342C66F31A70FB6A6223BBECA7298173FB728A6DB6D8A6BEE6132E59B6ECEB39C8B66DFEEBAF3FB85FE3337B5CCA07C099A074D296C9667991436D24784E89F265B5582693855C3E07E97486C5AF691EC362E6D65660A9B06186788B866D96291CDA635B77FC898C2126A3703E4502EF38F77DEC1F82875DAF5009711F4E5B8786DBB177CB955238EC918F6D8D857CC11D29C021C3213AAC84A956B972B90AC794ED21B6FEC0835FFDB27623672370688F6FFBE91751ED2A0D9CFB5E754A0331E25B9E0B3B15CBFD0821C228DF2FDD4FF7EB0D3EA949998B0541421024141CB2A2C53B06F3BE96D841982F3D48AC31209A06E07631E01EF8F2FFF8924EFFCF76E0D0B66EDFF97EB6789855F0962B095C582CE7DB06507A2D621FAFC89657D94B0B9D09C075A3A27DE981CF3FA231D1C0F96CDB8E9D389FE143AC5ADFA781BB6CE076B16D0F7DE1BFDFBF4DE3A1811BD3B6EF78E26E56AB1F90194C0DDC84811B64EB0F23689FFDF3CF9CD45868E026653B763E7937ABDC5B58FDDEA2812B7B2C42B6955DC3D6CFFCE9A7B59A69E02EDF9EF8D9D338286D8B031FD9A481B33AD872177BBDF5D39FFA844E8268E0A6CF9E7CEA17CBD95F8BAEE67DEC252E5B6601701D5810322C1FFFA3FFA0DD450DDC9B634FFFE299BB19069B9C780F98FA91F62A07AE5B02E6A4F269C7BFDFF261DD66A6819B99F6CCAEE7D0FDDCC4D040F563F0413B7743015A661870BBD8FAA050AE6E065CF7BFFBB7BFA7DD430D5CEDD8F32FECDEC8C1030E61BB8008D5B145018EBF9E0270DDA248E0D83AED16C07533E0BA197083EFBAF71DBA3B95366DDAB469D3A64D9B366DDAB469D3A64D9B366DDAB469D3A64D9B366DDAB469D3A64D9B366DDAB469D3A64D9B366DDAB469D3A64D9B366DDAB469D3A64D9B366DDAB469D3A64D9B366DDAB469D3A64DDB9B65FF5F800100EE63DDCAC18541A50000000049454E44AE426082, 'application/pdf', 0x89504E470D0A1A0A0000000D494844520000005000000026080300000064B4EC430000009C504C5445000000E1E1E1E1E1E1E1E1E1E1E1E1E1E1E1E1E1E1E1E1E1E1E1E1E1E1E1E1E1E1E1E1E1E1E1E1E1E1E1E1E1E1E1E1E1E1E1E1E1E1E1E1E1E1E1E1E1E1E1E1E1E1E1E1E1E1E1E1E1E1E1E1E1E1E1E1E1E1E1E1E1E1E1E1E1E1E1E1E1E1E1E1E1E1E1E1E1E1E1E1E1E1E1E1E1E1E1E1E1E1E1E1E1E1E1E1E1E1E1E1E1E1E1E1E1E1E1E1E1E1E1E1E1E1E1E1E1E1E1E1E1E1E1E1E1E1E1E1E1E1E1E1E1342F7B3E0000003374524E5300E7E3FAF5F2D805EBDCEEA909B8AE96D3C56DE0A212CDCAC173613B342C22540D908BB37F195A4D2F9E7A6740BD452684481E24B6536A000004514944415448C7BD96C7D69B301085D591442FA6638A29C6155BEFFF6E1126D9C5BF374E66011C95EFDC91EE0801B08FA0FA52C0680F4005FB27F8523C7B58816B0EBE18F91560EB9B400B0305BE1AEABF018D9367E2ECB51C8F2B0EC35008817470782B6DBE08956DE3EE118E7DE17C06D61E9AD5A9794D518A23E6FB8860AC48D40444CE42B96B1F6802A95848EC8FC047AAD8FC52685C1CEFE0F330F1A477B513A71C0E4AB0045F4BA0E3162BEA41F951616913C54C12ACC0FD344D33961C7BC1F4A82FE08CA850094167B01685E25240F8016854A6240A99E46C6C0D7B938704069B316C0A398E39E9F4F749628611FA04DCBB94620DA4BF81BB130E3971EE2FDE43C050A95010D35A13465C859F80C3C2A9F2E3D0A4F906BC258A29361A2F782443A4148D797A37224C9186873F03AD4C2815D72DD4C04D6087B50E77F75A8D9B4E90A29478506439229048FE610DADDC5334B9814CFE01E6027B2A7E6CE5EF2A41509753C879EA5129599B0AF913B0A93DACE0F2DCCFD4D9804F5BA190F4BBCD4E4C2779AD2A4E18E30A61D85726A23F008D474208A6B67980DCA1E3AAF81C6281EDE326BFA74CAA163C758BAD385487EA7980841FDE020B5BD807DF4F7D3F715CB902EFFEEA8B601378F175F66C04BB2B118C308572A3B27F021E4D3D5B524A30A1BE2B6B00868E2244CCFDA6BF8710297700CDC9C31411BCECC0F127E0DE25588396B6ED5C8666AE810F4443E96D3BA227E31087B5269789E248270C8C9F80FB4E2AEED716300CED371AC969AD2D44F902B6C89092CA5DD536A982D49B8C15C8897C7338681E4DA6DFD5314B533EC0995081D3F2B7E30F541252AF038C9663AE0FA39F814C88F44FF9EE5ACF65C79D2B532682ADCDAA6316874EB5554F4AA266AB7B4F30F3EFC05B79BC1B7FFCF32CABC2B28E977B590C2B4D77EC6F97A2187ED3CBE9BE19B72A8B4BF977E065CC733DCC2ACF5996058F66A883F3581F571941BB4CCD3AFD52E8D7308EBBD5F2F943BFEE97FDBB5F80C37CDB37CBA117717A4DDAFD394922D376EAA634FDD48BFB6135625200507A5EADF72D60F31D348BDF5B6F80507481AD4EE54CDA2C388DDA44667DEE887D0B9453678CDD74A52875DA818B52F3131C7D6557A0F05552BC0126DA1113EC8B367D25D174DEA89FD738C85E94BE0093E333A70405C2F10D4C44457B2BBB323F6BFE0E8CD9DCC6B0DE7728EABAB6B6FAD039670B73EF450CD3AE7E1AA04BA7919D41293C38820043F7FE74DAA9BD166F80307518CCAB4E26CEE19A5927E4D9889A05300A370DBD65D71CE429C3B375142DEBEF5D9276C702DAD995076F8087FC322651DEC6E3EDF6A8AC25747307478351944311F8B47EA4E4105176ABC479365DF3642E974025734CDFF8504465738CD32C4AAA9D8EC18535B8476150B47EB1DB2DB8379328085CEC4E301F7DE51CCD3933C5693C25FC4DA5785DEE4A7772E16B97CB169D8171417EDEAB43101CE2CCB32F001C591A84E7CA54EE103973EA0E60B7907F78B7F9FA75EEFB17CE0AF6C3B770430FABAF5FDA7F0101D79842EEBEC02C0000000049454E44AE426082, 'image/png', '2015-11-03 00:44:06', 'aa', '2015-10-30 12:37:11', 'lcu1');
INSERT INTO `user_detail` VALUES ('fc92bb41-7ec7-11e5-aa82-28d244bd1b19', 'fc73573d-7ec7-11e5-aa82-28d244bd1b19', '62c6108f-7d05-11e5-8cd3-28d244bd1b19', 'lcu2', 'LCU 2', '1234', '4321', 'lcu2@lcu2.com', 'Tangerang', '2015-10-01', 'F', 'Cikokol', 'Hobi LCU 2', '0812', '0857', '', '', 0x89504E470D0A1A0A0000000D49484452000000DC000000A0080600000067BA023B0000001974455874536F6674776172650041646F626520496D616765526561647971C9653C00002C024944415478DAEC9D099C1C577DE7FFAFAA8FE9999E53F7658D4E5B32B2E413E353C18135E132C9EE66F301823ECB7E36B004C26E966C0C0B982C04074270201BB22C1B6C3E0B641363EB40C63660641B5B3692AD9164D93A6746B7349A7B7AFAAE7AFBFEAFDEAB7A555D3D977AE4E99EF7D7E7A9AAABAAAB6BBADFB77EFFFFFF1D05A04D9B366DDAB469D3A64D9B366DDAB469D3A64D9B366DDAB469D3A64D9B366DDAB469D3A64D9B366DDAB469D3A64D9B366DDAB469D3A64D9B366DDAB469D3A64D9B366DDAB4F9EC995DCFDDFDCB6776DDADBF096DB56464A65ED8B6ED3BF745A3914D91481428FEB329D8B60D3665C5A61DD4B6076D2AB639659052DA81EB54D9CED677856CEBF8D87FFCE890FEF9B569E0843DFAD8B65FB1C5665C374D8303679A26430F383C9E3118D94BCBB29C57D4E6AFF118A7D890CDE67CC0A9002ADB39B094432DF639EBBBE43665D9C1968394BFDF669FCDCF33F8570F7E65BFAE52DAAA12B87FF9C9561738F76209610597865817AF816F04C310DB8078FB8DC06BE5FD08552E9775BE06A27C216C9F552C422A95E280138E35A7992F0BF9020C0D0DB970DB023CA6BCEC7C39E8EFEF57B7ED0AF9F33A58190C6C1B14DB7DF6ED6F7DF3595D4D3570D36EFFFCE8E33EE00CC3E0B08080C7504002E2016528EB0E87B8CD70618390E3E4394AB6B99F2B4156DE6F78C7382A4915550D2F232323901A1D75C0A5D45362F66F946D4F8FA6F93A504FC57199CE6420934EBBDF8D19313BD84D63104F303838088542A12CB0CC428167206B975A03E7D9FFFB97C75CE09C0A6EF860082FC0E192A079A008A5237E0574A11130A99FE329AA032294F93C0913022741B2CB006753E5181FA0B60BA0EDAE3B71AB04321C68CF7D46459580CAD7087191C1488532ABEF45808BE8868B7DA661749B914837BEE6EF630A8FDBE3B1D82EF97EB401A6DE0185EE66F09ED4284DCC22D57199B4A4B28F14CEC3F1D413585140481FC4E83C881AF59E9281544480D6C4528899F50A70E0C236A77E19C4230D2E682A6C2414365060E375D6ADB8C18AAD16086E93FFC439BCE39C13A9FB950F52CEA1BC27F0B968F5F5F5A5D08BB835994CBAEBA2B48B02C9C64675FB66F5FD2D2D2DC1BFE901F6515FD228D514702410C3B138CACE42A4FE223424A27CBF53C77ADD4A2F6FC93206EBCEBEE86D10F5575AE66201A89F6FFE1A55654EFD6A9F2320D750ADE635AC712B3D807FB9A8F16AE75A64A5161F1A3512D052B74480540A1FF8123EE0733B3DEE2454E3BBB125D0CB3F31B0AD1CB8133D9FB62A072EF863BA6E9EE3FC4DF25CEC6E1F8FBA50110EA877FEFABA98784DDCE3A9FBDE0B02682AB556DCD909F4642F7A8007403D9D7AD6F7F932F552B46CB06CCB0FBD789F4162D0185DE8AA9B7A8C01516888CCF7F6294B93C4A131B2B01460B6AC23CD10234DE3C23711103D95F5D6357235081C094984F0753A39E8405127EFDC95BF768CF9EA6231576955E06291C035F1FDC4FD538AB49F1F4A1579A66243CEBAE4C2A92A78D12AC0B91C0DF93B11FE82076F40C523A41E629054CE47DDF747A00E11770E2502708342B3B5062234A978121AB99A5538B709408272D9BF35360DC0B4C277457E4423EA131E1538203145AD49C90D284F33CA7E0FC61C64D972D077D3B0491E12B0104CDAE08B49B5D51070081AAEABED6D8E7B59393AA8AC8C36784D7244578EB2AE829A00D2DF486D254DF047757A9104B385D3910B95F114E1297999A0D116B839C9D82EC413D156E5C079CE1F04609B7E12A84D1CD123D5ED724EC74DD0854D03579B311CB8311CB8ED6857CA782C44F133E9AC87CE17BBE918AEB6932600FEDE2257DA6C11E7495793CC4EE2FC8DF89AA1DA4B9A00803F6EAB6CCE64CAE019E4CDBF962B6D16C9EB18EE32CCA88A7841C952BAEA36037C3B9B0F0BC2586F76541642E39023FDFE9E351AB85A4D9A041ABF67D25D9F414750F18CD9A0763A869B35319CAFA7C90CABD978B9C5A2039D61D4306EB4B469405B0D0227633715BC9968D84D128B19A95DB5A36AC2442B5C6DC470C14EB4BEB16C30F314CE7FED04704CA8E8A35C630E252DE96DA2AD4680F3AD13D5B5AC06F520CCC524DCCDACBD104E0FD1A9399732089D3AED4135F5B9B2B1B70AFB3B2266ADF454A13A86AB45852BD10B7572A02A0B8F5C17D3AE05DCC03F164E2B5C6D285C499612887F22A02ACC4814988B699A144CA3BA89F34D19A119AA51E0DC5E1DDE3C23D5685691D166DA0CBC2A762995F95BB4C2D5884B591A8CFBFB51B62596423A5BA8CA2FBD68196059D579C370A79FD059CA9A8BE1BAD54C989B2F11E0C523F555FDC56306D3AAD666037F9672B3C6A8365CCAEEA04FA9CEDA456A20E5874A879577A6F44C71A769B0A174DA85A04BA9CC1CA6AD06800B9AD79DCB3F3372B55B81B99611B872D061A6D4999E5D6DBF269382D2038DEA10AE669326307D532BBCF94A47C0A4B4A28914040A5D566C07B4ECC9833556D2040293D76AAB21E0BCF1709E2B496A70B2118CE9A63AA29C8A614208AE55040ED874B654520ABAA749ADBA94257D29956701D49A61E37834EABF9778131BC9F420714726C8AE63A8625736CED35DBB6ADEA554658E4085932634E4B37DD32913A5E2079681F92085C3E54DFE4AC3C1715E13F146E2BA6912BAE07B10AC4281F0A236291032765398FC9A26CAC544BED6E074EBDA6A3669E29FBDAB72AE913237A50F28EA0204EE316A1DF3A64687C079A842A6D0681FACEA7BD4E403C65E081DF64841B8F279560A24000C0D05495D9F2C68A5E7206520F483A605AE569326214FB1B97C61F31E90A12A9B276EC4EBA86BD3900AA93E3D2700B07A1E0E1BF5C14CED1075A48E8B58283A230D5417CE9F4072C4D19B2EB0345BC8075828FBCBC1110433F8B53A0A4A7C6A1AF6E41E6D35045C306EAB94BAF1CA6F7B80C8CEC53ED500A93CD4E742962AA50391AD3EC24A3D0B21FE63958270A19A15D5DE2794FA9450A58D005196D477BC1F4C757F105C12F0A603CF1F08E4A53CF0F413746ADEA5E43D4D02AE64A5A08B479330BF6995DB2E35903A0F83A98BA23E523E0BF3F279D741FBFC8D62FF05D877E269C741140F1459D0BA0AD62E791BDF7FBEEF047BBD526C5FC9CFF5B3BDDFF5250DAF5E722BDC7AF57B1DD82C80BFDBFA790E06CF52B27F8BE6B4C3FB6EDDC2CF71A6AF8B2F17B36D68995C0A1EF9F9D7C50326D9F10C8285AD57C1EFDCFC872E303FF9F577D8E7F68AAC273E58A41E7EFFAE4FBB503EF28BBF8404B16199E17575396D9B90A6AA1B493D371EFF33C293263A86AB5197121FAB1B8FC72B1FBF31E5FAF06F3DE46E7FFDD4F3F0A35F7DCE851AABE85BD7FE2EAC5B76077F4F263F027B8F3C29DC5B27E1B176F1DB60F3860FF1FDBFDCF70306E80658B968A3FB37EC78E91FDCEBCEB1986C71EB5BA07DC106F71A16B62E8773BD5D1C22ACC02B175E0BAB165DCBABF2E94B9DD037DC03776E78B7AB76EB96DD04874EEE11E7A4EC5CEB61C5C2F5EEF776F5921BE1C5D77FE6EEBF6AEE35EC86718DF8FBF6826551FE249CCDD12C6C8A78FD5111B8A356043A0A51D85D8C39D019844F07887F2A31FC8F57D60DDF93B7AA9862014B3E5FA898C2F91EC6C814A3FBE23EF7F5FAABEE8462C106AB88994167D9D2B0D0DD9F8831456C5EC9B63BFBB0F22E9F7F9DBBFFF8D90E78ADFB05DFE7AD5D7C2BA44629F4F503A4460016B5AEF0ED7FCBF25B9CE7C6E139D9F95632D8A41D3D7D10F61FDBED3BFEDAE537B3E36CB7AC58B8CEE7FBDDB8FA6E762E4B9CCF866B96DEE8BA909DE75FE7C0A498B87D27D3C08B54B67A46D526B3005BEAD2F095FA61D840F2EE393864360D3C0C52377CD70C70E5827B98862C65D745FFB3E8AF9ABF89C35614D02D6A5BEDDB8F2E66A1603BC714B0C26F742BF4B1D3FBE0E0F1E77DC7AF59741B8C8E507E6C9181B066E906DFFEEB56BD15AC820084ED5FBD5801EEE401E81DBC08677A3A3D4057DCE21E6BB173AE5200455B3CB71D9AEAE6BAFB55200F75EFF19ECACA4A47310A9F4D35C291A2E90BE0E632F83E91C8C047626976DD9673F3B1E4238B6DDF33C7BFFD3FFF4193544B0AE7A6002A9CA594D0BD71F239DFB6950B1970AC7261A5C6D82D682B166D1215DE86052D2BDDED677B8FF38AD83370014E5D3CEE29DC55D7818D959529C592392B4ACEB774FE2A3EFA01CFB7B8AD1D12F124DF8E90A5B3A3FC3B78E6D5ED9ECAC61BE02DED3783CD6E08CD0D73F9EBA0AD6FBF899FAFA97E0EB436CEE7DBFA477AA09FB9A75E4692B8AEE4D7530DF042CE797CB31A96DD1E2B32C5CB3AF0A2D259547936B8EDFE3E1ABA1A00AE5C3C5749E0F034E7FB8F33D772445190BB381C784757DD4969AB975CEFBA948EBA8150B70E48A5080C0E99F0CAE117DDED739B1730A856F0CABA74DE8AD0EBB86EF5AD60B18ABC7AC95B94F31D74B38D074FBCE43B7EC3CAB7F28ABF6AD17A77DBFEE3DE3137AF7B3B0704DD4F57DDBAF6B830C907A2F0188DC76904FE291387DE92717A04EE885BF0DE98EA5EDA2E6C94DAB36CB2F71A76297D2A47D4A9F22AE39E12E5F51BA73C3770C9DC354C711A3874AA3B99165026E28DB068CE6A0EC8E239ABBC0A7FEC00E4F2063FDFBEA3FE38EEF60DEFE4EA876A26EDA9971FF332974C0531465AB36C832F7E93179AC9A7E180021DBAA178BED54B3D401F7DE67B9E6A32B0EBA2F5B052714F3970E0EF976A08E8B06488013F1E8DF960934D17EF4F14A1D52E42DE1CE2C0B9711DF57D95DA6A2569E26B16A894C2116FDABDCE0BFB7CBB562DBE815728840FED74CF513876EA559FCAA1622D9EEB0179EAC2717754C369E60EF60E5EF001851575D97CC7053DC98E7DF5B007E5F56B6FE39F87C7F98023E028102B073B5F76F7D5D72539746B0470786CDFB03FD6DBB0EA167E0C4F0EE547E1F8B943DE34151C32A17084B89FB1AF18F1C1E6FD200E74A8FA089BA3705CE564A301D16E650D254D7CBD4C2A988491777A55E11C05B9CB016EDE5AFEBA6FE83C1C39ED01B772F1F5904D3731257180BCC4E0C2E4860AC83E25BBB87CE16A98D3B400D6B56F14709E80C3DDFB598C967201BA6DC36FF3A5037827737347390C4400F25AD76FF836696FBFE1FDD0C6DC5519EFA1BDF4DA2FDDFDBFBBF9A34AF6F490E24A068AE10187E554D128810D0D5DCB36705C4A59289DE6A1091AB83751E1E42F5B2185739F55C02A59AE300AE7FA8E7999C5A537406B7211D4C793AEC21D3DF58AA2583730F7D0AF6E1C36573D08741C7BD1F7791FBCF73FB9EB271970783C4227EDFD777DD853B7538EBAE12F64980C04D3806C310D07BB5E5692311B9478EF35FEF7F854505C3BDA6B9DBFF1E0F20D750A0C7D3202DF6B00BCEBD9B5D8B62580A352E14C0D5D8D0017F0FF7C4A57499712DDAB2EC5AD9CD3BC18AE5B7D9757A1993BD979F6388C669C38AE8129D1EFDCF66FDCFDAF77753835CEF01211C7CE1E74150C6D5DFB26B75EA2C2A1DABC7A5449AEB478099A23A70E786EB4AB3E0657B9B0BFFCD899D738EC032397E0CCA5AE92FDFC7DC44B9490925117DE599799341436B46B4C5351371EC3B92EA5762B6BC0A52C5138E5AE7CB92E2501FFA0D6D74FFADDCA7B6EFC0377BDF34C0F0C8F9870A8D36BB3BBF9DA3B030A474422C28183B0D2717CB72FEE72813AB99F43EE264602E6C46F0E684489B15E3BB9C7E7564AF733974F3B603205DAF3C6AF7CFBCF32007385B41BB311EFD9CD25446D8A586561E33785881D6C1698858FA5AC45E0823D7C8917785552E1247C38A708264ED4E60154393454B5F3BD171C28BBF6859EEA0DE61AAA8A2493112A70D2D08D94151FDBC64E5F3CE1DB7FA6E70464F3A33ED854A5DB73A41428C7ED74403FD4FD9B1275930AE99C2BD0534719E9803D4DCAC1C6B39F75D980BB6F57572EE04DB699DB97B24CCC55E9C983D467CE6165EC3CBF0FD62FBFD3774CF7B9E3EEFE37BA3B4260EBF04D52ABC642FB4FBCC4152911F31AA74F3145E215DF709A1050CD962DF09A0B3A8EED16FB89E7FE19A2E33F7BBDF7E8B370E775EF718F3F71F6108FF1F0B84F3567E1FF30B772DBAFBFCF41C42FF25C7F37DF8F4006BF43090E8E7258438A705BA438C68F40DCF7A0CAF1BEA64A9652E354CDC09569EC9677E74AF4E19323C5D404422870E78FB9D9C2534C8D302EAB577A779C3C7FDC4DAD733088F3FC6F6A38435A8E9E3E001B57BD4D51B04E476D0400C759AC77CF4DF77919458CC71010A94886F7C420ACD9E7074EC277B67F91832ABF0713E74FC7F63AF6DF7F6BC9C25FBDF6531815532FE03599A6E12A25A863E0046C750CA03F8C67C6850DC2E73351DD4ADDB9B2369226A0C026BDCCBA0A644DC04D9A6085DC7FE2D72547619B19912E1BABB841953B7C6ABF038FCF6DF35CC0FD9DFE5E22677BBBC08C186E79AD7B0F7C77C757E06F1FFD2C3CF8C34FC1890B87C43ED90BC4C97E4AA84DF659DD3D6F40246ABAC58C3AE7EAA3265CC5E2AC3F48E64B275E92CF6A56464A58ACC42D1BFE736C94F79F1C0FB6D399B8A78AB61BC34574E2A4CA15AE44E9889A49737EF0E6F852B67EAE022AE764EC7062D653E7FAE0D2D00598D7EC650C7B872EBA0AC153F90CB01BAFBEDDAF58D2653394F43A7562434CE57FF3D13F87C3270FB8B3489B11D355443CE9A193BF71DBBE226C9F4C80A82EA5F3A713E72EC9B751FF3C29387ECE763A21DF112FF263FF7134EE32E44006601BEE06580C167C24968165863D2E6C6809D3F6DC49275B8967C34E98D83460C9231974F4939FF89826AC6A800BCCBC2CFBFEF902F6CB8EDFBCA90846D306F4F619EC9C36BC7AE405F857B7FC5E89821922E6DA7F7C3724138D5CF9D0BDEC4FF5782EA0DAB685BD355875C40CE189F38E6A819833C84DAE48D109CC19E9F673241EC4AA5F62C811EB024209D47E2B06699A817AE240379781F477A938646CE7C6C2F3BDECF8045B7B7B240FEF89E627E446CAE5DC68013EB2F41CFCE0EC127E373128FE85DCD5C8B2628BA32DA1741ABA2A4A9A748F95B82C9B599982C4A552CC151B30788545D579E1E0D3DC6D4C6546E0D2C0050E8ACCF261BD1F6080EDD8FD7FDD395042158988519B3671665556140988D7C40144D56D7F55273ED8648696BA6EB53FCBE8A817C2B8BB10837B0448D7446DF85A7306F61522CCDD7464720EBB8EDBA2C531B39161B0C9EDB7B70DF1BD8F30E88AC522F68EC6F68E9C021C08E8F828020D5D15264D5457B2927369206CBD7D11C7B114CA71A6B7134EF59C10F398509FFBE72A0D0DCE9909FE8CA274810D679A3D23381B81ECA2464AAAB8A7704A8CE9CDFDA5D67FAF17B6376318859D8538BC8DA957BDD85DCFAEEBF6B8C5F659E18085C116BADFBBC2DB1874680F9FE14D274D02B8E09910405B4357054993A09CF940A3B422F3B38DA488804DE9DE247B7530B5C2A405AA5B24E2242A4C911031E57EE6469A227633DC4EC0FEA49D543BC3F07AE53BC783AFFFA21928F25C226C148913F53A65A2C76B47940DDB59B6E19F73758154BE02CF65C226B7DFD63A041F5972165FB5B1D2C24A23F2CD4A5CC4753A915235C005E09353B381FA30C0CBF0294798B25DEAF56093804810B0D2474C842D0095417C50BADB83EEA4FA258B2CA30F2605281F480A4C6A06D59778578E0579BCDB96E85CFFCB76145E2C444B618332E095858D84C226EDF6D661F840FAF1FFCA56B117F55C05BC042B31E145B9D0CD76F0AAA6F3B23BE98FBA6F8AE7C6C955FBFACDD02607379D6F2A0DCF41D0C28A54310E10558A5420E282A42A930A985B8240C118C5754D15D51437821FE4E3F08B5C64022EE458B04159D8E47A9B3D70D707533FFA56ABD5BF1C4344569A455C975032986EE3F86C866EE602575242E6439C0271B91C8173172263CCC7AFBA81E5802A2D8494512B57A16809483041A0C63A8080FFBC3E179529F3A3C538FC7D1A3397632547A60E9B5C8D43AEFD5D9927FF92417795703111BA0691C18C69E8AA4CE1D447DC4E3569824F98E9E9354360739026C42B9302AA8CDB3721A0BC0C4979A0C67CAFF71940BC78CE8B41091C642273FF681D6CCF9AD06B8F91899C126C9ECB594773EDEF49EF7C685DFE8D1B95B82EA9401799EDD0CDE476389FBFA766E1A60ADC25061BBA93B29AF85DCA717A259129EDF2FCD532E726E3C5A213EDA128B39A3239EAB6051AFC065260EB3B2D023BF2362C011BAE366D4810509E6F0070380FD05D00F81043E4CEBA89C2E6DF1E85E2BC5BB27BBECC5E7EE1706CDD3E701B427CFD2D2D51E86CCB6056C7C33CDC7910E918B7DDB16D78D8844CC6E471557885A5E3D5E72901E5BCB7024095FBD8C0B7E134FF898670190FDAB834B8F2D94CF92ED8069CC3C1A316559EA7E08CC8A04C87BE9FC526121BEE884D0E36679DA92AD80DB7655FFEC6C2E2C56FEDAADFFCB8804DF501F2E25DF66C83AE6ADAE14A9328134F9AE47892C41813AACB53290A53A7753CD59AF8F94ADAF104784E3C4A396CFE095D4BFBAC52F1BC851F146DC8120B7E3B4227059BBA6365B1EB53F5A399054F34BCEBFBC2A5C4040A8EC84D87281D3F53AD835735C373D2E90C3437374F3A698271DBC51E73FC01AB57C2EDBB4CA026F25184288DE2E2D903D47440C2640A6FCC07EA7BCA8FEF26479D0792D8CCFD7CD432E04CC1822D116BD2B049632AF7FB1F18D9BAE0F1C6FBFE5AD43753C91DE415F026E7B268E0A657E132994C89DA4DC406074DB08AE4CD71FBA600D478BB27321CD0778CF8B38920918821435E87029F43EAAA1EAAA161D9F01BF6DD658A001F312D16F38D075BF09959CEF6566B70F307877ED4FE44F2DEFB07CC36E95E52E54F25023ABBD695AE6A467C97340B4CC89564B1DB8831A96C5FF8CE71A02A93B52453CC5A1252BE4C043675580E00F15D9333BC07DCB63A99C9344503BFDABB26CA96D12881438609DF2C46C29B16C260A3CA76B1394EF3EDEF4A3DFDD5ABF2A7D681D76C30EBDAEAAA673C5C10B6093C2AA9B7373231A0C814812A03152153076A3CA826FBDEF0E3826D8CA2C9C3ED6503BCA3B6031E2B51032EB0E5E78B269CB2E8F8B0853537E0E8459A6BFFADF4B30FADCBB9CD062A74B3A2D9A06A26110AB6C98DA772D84F121FD53B1D40C10C02CA97CA20E54AE03C10D25BC59D114DF427152A689A123A138AAC7C2D45E195C1FA49C326CDA476C32DE9BD5FBE31B30FA7449B13025D4D2B5DF5F434A130E19E26F870459CDFBF3ADCBE8903351E54130E2DCB7C76C9C872C3713723DCB564256640B1C1866F772E80E7FB1A02B091716193DBB1D96063E6E057EE4E3DF7AFC1DF07533692FB5CCC5A82AEBA6238E5B71C2B67323C6C806591AA71FB260AD444A11ABF670B947482264A2F1522C153FA66E26809042F56E700F9BFBBE7C077BBDA4A3394E3C0A61EBF2ADFFDC7EF1DDAF9276C759EA2760D01E86A6AB441F58C87F3646ECC2C25AA1BCE1F59364338896C5FE5DF4BA152938E9109EE2453B8FEE07E3EE05500698AD9C130C67BBE2F093D5903EEBF6620CD54AB7E32B0C9EDF38A7DEFFEC0D0F6E4AE863BBE33106993D94BE952E6C4B228DCCBAACF60564DD2A4B4D13B1CB89111675E7C63C6C5519374FBC651DF720A4542FA804EFD6F2760B3BA5EB03390B74761742407F981B80B2196C32375F052DD5BFF220FD1DEB16123E14AC8CED1521CBAFBDEE19F3FD85A1C901D9F9B024A175105BA9AD5AE0A93264A3C17025D6AD4A88E38EA72DCBE8A01E5150A1658340FD9620A52A9340CF7E5A1BFCB84A1A34D307C60190CBF740DA40FAE82FCF176DF639FB11C895FFDEA8EE4BBEFCF90BA53E5618350D8E43DB58EE6DB997BF9BDF599376E12EE6530A6AB890C66154D041BE88A44C360233C769B0D6EDF545D5E9C29D9A245B0EC02D89441966A002BCDEA733E0134D30034CD3CC3A21172A3B3DDE0594E3D2FA1039CD8CC6C214F24EF7D6073FAB98FCEB1066E9F0C6C72BB09B4E1A6D157BFCACEFEB93712D7EC83F20D3755DB07B33A460B805FD528D0D066389C796BFC8A5ADB40A98650215C1CAC4C0C683ECAA0AA079265C291651E5BDE996392A8CD2DCAF3BFC7EABF2AFB688AD77DF8710CBADCB6C6F77DE33D233B47E6177BEF9D0C6CD2308379EBE89E87E6172E7DFBD9A63BB7079227D8DDA820623A1BAAB02B5875755E1E631221EC3399CB19EE6F50C1470F4C09AA2B999441A0B014ED3C50A6F0349B0048370229D43925DD0AA6FBF00DF03D9FBB5C3B278CB31DFCBF817C441076CF2AFEB4F1DD7F7FE7E80B27D7E44EFCD16460536D65BEFB93748418CF35DEB11DFC333ACB6F8743576D53F1550570CE9D34F0A3077E299CA384105A59A866804A050DA1B268813FA3CDC836835D8882914B82996F8258BE9155F9880F26D95939E892076F5CBE4E051032F6D05BEF66BB3AD896FDEC77D91F4F24F0F13F59C5D5C3623DDF70FB76A69C7475BEF363E00E38201398EAC1B355B9AE4FE057C5A0DB065E07672F98169F594DD055C57838B5915B4D9A442936DFF4F0ED990CA909A0E47B8B32C6B28B3CBE22C538180CA84801C16A02C34AB840959DFF256CC6B390D983822EA3F2DE5DAC74B3759CDBBDE3C73FFEE1B3F23D226921E32B53014142673F97BC633B4D11824A47C79888681CE8F029969441F71884CDBC214AB5C4733318381A4C9994DC95A346822FF379701ABA67B0DB57EEBD967407AD3C9F83DC28242192672EA0550F31AB81C135373481A1DE783C050BAA19945532B5343636A217D13DD0DFFF30828590FDE091EFEF1FEB6FC0CA2DDBC5C03FBCC65697CF276FDF81CBD5B9CE8F4D06B4A0D2E54974E4A5E45B9F0A421D004F0377193993C190AC899234F1BEDF74DA28DBD03D13A092564077502857B43087AB56D46A66A515A2C566207674EC8445A882A9E3DA68A89AA9F0CD9D3B17E6CD9B0B4D4D4DB074E952B63E0FEAEAF87C0AEDAC6C0667C6EBEE471EFEC771FFC610E87CAE9E581A0CBAED78190CBA8F4FF5FB5C9B3DFEC941B3B9E770E29ABD227EB394620BD59DF1AEE58C7EA6D7673FF70597AA152B56407B7B3BABAC5E7CF27AEF53409AF7424F4F040A45F2A603E5C65922C6C20C2129C6206A374384811567609976126276AB930D948A33C6BA8428DC750C533E673D1A8D31B8E6C0E2C58BB982216408D7040D6F765B5979E09AABD79E1CEF60A54D4CCE5D1211D9457441B0111BDBD4DAEE1A79FE7DAB72DD7F3CD5EF3C4BE2277FD6FC8ECF0D465ABB44667450246CF202420DDCE5D8FD9FFD7C2870729AF1D7FB9E04ABE115B8D813BDA240C96F0EAF05632C4C6410DB146035411D9D03119A8484BD70828AE525256C5F82C2CB2ADA63C0D7D6D6C6A04AC29C396DB068910358535363A57E068CE3B68C075E087418D761EF7F9C89191BB09B0574F75D0E74E7A20B1F7BAAF91DDF13C17BAF800E933605A9B03319BAEA984448C670EE6399BC001F67E19A0A581301CAE70EB218CB4962142041178061D731B092D0008B214EDBC0A0B15070265A42B281A1AEA365D910894420CEDCC0782C06C96412E632F55AB870012C5EB4683ABE7AEE661E3E72F421A1784363B8976A1C0742797CDFE4738D776E75E2B2A941B7A0D0732F5BFC1326A6C199525DED8132E3E3B8190DDC987D2945E6722C579290C96B3B6F2C16EE60842620465BA10EDAA08DCC653E5223F391E63A2A4B9C9B80A33CF2196DCA8886607ABDDC7AC86CD2B82C160B5CC91209760DF13898A6090DF5F5509748F8BE0FFCFCC1C12118181884CE135DB0FEDA75D0D6DA3A1D3FC7A759B98F81771F836EFF24A1830074DB28107375AE6BD2311D7692BE2E7D70E381FA0D031032525C0357A94C65A0E3B2FC97CF8FD1BB64BC2E4E769127320C1A810499C3FC9F16A837E6418C3441A3B9B4BCFB0765D2EE5358E7B14926C3FF86BABA0453AE38C4E3751C342CF2F1CACA13477D9F2DFB35E2EB6C2E07AFBCB20FD6AF5F074B164F8BDA6162A58341872EE6231384AE18F6CB3CDF78C7F63C89A7AFCE1EFD381F693009EB8E2F3F2F405361D3C0552053E9478F82DBAD4B26E18A1619F7AB2E0A7710DBB61ACD25EC8FAE873883AA397A15070CDD415969EDF1BA364DA2047B6658C522E40B79B6B4789C85CA158B46E1AAE5CBA1A1A1C1F75EF53A3CC526A1EBCE53553DF08E1E390AF3999B198D46A7EBA7799841D7CDA07B768AD0F1B6BB979337FF7C20D2DC7B6B6ACFE7270ADDA5C89C3DC36653BAF48E5C1D56352EA5FB3CB6405CA30A196F2C16EE609434B09284A6C85248C617409DD10C0DE68232FD03C3BB8C8DE7D296030B0BAA568E290EC65BB1B8136B251B5861A02558FC256F1C6160850125B7955B57C12B5A168C8CA4A0ADAD753A7F9EAD0CBAF649C47445F0B7A1E17AF168DDDA3D06A55FB83EBDFF937534B77CCC1B2718993D0D373E29922439A579A06AFA55CE78E0D4CAE46B83934993420E1A22F32161CE8144B4051A230BA135D65EA2164137B06C5C0863F5D22805D1B28A904933B8F279A8638A55C75DC2182C5BB694A958138FBDFC508348F73B75110772DAB61D0A57F03B9888CAE1D262C08D8E4E3B702D22AEFB52B903CAC474AACA71F80E27AEDE7B213AFF73F70CEFFA74939DBAA91C6CCF37DEFEBF2E46179C046F3259095DD50037A3FDDECFFCD9FDEE97884D02CBDBDB95B6AAC9B44F851715C489B892A85805065684B96AE80AD6D727A0B5B5558065B82EB0DA30EFBEDFA68A3B4C7D7F87FA3704AF437D2DD7C3B6A9EBDD5D9DF0CE77BE8341BF6CBA7F22742B578C77D0184D06D8E28E034D1B05C0AD37A7F6BE7D6DEED88762B43857BE69C06C39B43B79CBE302B63ED11CD08FBB44B65282874D02542B5C25B294107401C3BB364D2AC61A43C18A85020C8F8C401453F04CB9EAEBEB61D1C285D0D8D40811D32C4D8352EACE7AEC4C31EEEF608D3361C96BB7D5342A554F434B1EE618A674612AE764368B70E6F469181E1EE6D77C05AC7D22078D93BD94DBD0352CEC49DEF4142B2FAEC91E5F1BB773CD7D91B6C1F3B1459784A2215CD8EE3624542EA870BA59A05259CA42A1386ED7A689C65C6A41F72F1E8B437373138FB3B09B13361AFFF4A73BD9F628AC5F7F2DC4D81294071FBACFDE561C044AA897D9716619E7331CBB6E306EB0E56D5E4C3ACCDC49543977C239EAB5290663B52078EA7E742107FAFBA1B7F71257E11B6EB81EE6CF9F3FA37EC931A05363BC8228A96375AB07850A1A627F46409712E0055D4A9D34A9649632C5D4267C9CD6C463AE7A4CB5333710979815C4128D4614C5F02AFCA64D9B60DBB66D5C2DD6AC590B8B972C164F1B25EE238AFD02E750E641A680254D541D83FDB3451D511F9355BA0E651324B8C4E9DF53A9140C0D0EF01B12BA94B7DC720B2B375F91DFA7B7B7B712D0A90A6709E046C1DFA86D0B38B3A264046C0555DDF468810AB9946E5B14D0D027A1060B4EED96483440B2A19EA9538CB767A14B28CF25EB3219A3657CE9D22570CF3DF7C0EEDD2FC1EBAFBF0E9D9D9DB060C102A61CF37807E092605840E85C03F1544D6456B9C051A184C2ED74DFA7AC53DFBABF4900950C152C9BCD423A9D863C8B27D1F5455BB366355C7FFD26DEDC70A5ACBBBBBB124A275D414BA8555E00271FFC21EF42C5800A5AD596A19CF14993FFF2A77FD625E384E69666D8B8715349BF42042A623A7116AA17660A3115EF298137C77E1870EEACC38AC2A92A820AF2EAABFB18705DFCBC262BB8C4DE1CC9C62457C938CF4ED681892EA29066AA74F1F2254EF8365B5957131FB69B40C16D0818C665050615C2C50163AF7961DBB0B901E3CAB56BD77077F84A1A82FFC31FFE982DB39BFEF6A1BFD93F95730492296A42C500FF33E5D4E6042BD0B4505523BE677CEB3C836E23AB805B5A5B5BB76CB8EEBA0EE60EB6D437D46FC264464274732A551B5231E0E47B11BC3367CE4057F7491861EE6D4480172C98B9C406676C0E70B645F9C4A984CF64ECCCE948D8D2906E22B69B09886CCB76012B140BDC4D745F8BD2DCD4042DAD2DB090A92DC69DC1E4D295B21D3B76C2D9B367F0B33733E09E9DEA7902D0A9994CF575D8A053A836D8AA02B8A03DFD8B67BEB860FEFC07C6FCA3A60138F55C58F1317E191E1E81FE8141DE549067DB54F0103ABE94DBA2DE7A54BCC68EC8782E0F2A0F2E0E288316D513CFD5DCD4C8554C8E7B5341BBD2C03DFBEC7370E4C851DEC9E072811B03BC71B369D538216CA4DA2E187B5034616F8D32EA76250CDD581C67B6640929713FD10D348801236CDD104A864B621A7C3BDF6610D1E0ED345263FD31995B8C6EA4841520BC21FECD3474695F7AE9653876ECD8B46431057874A2C756A345AAF1A22FF5F6F1CEB9A669CEA8EBC23169B2A9A0A5A5D98305BC871F0655A934C33A33BFF3FEFE7EF8F5AF5F60CADE37AD9FA31F393C030DEFB47D7DFD3C63A86DFAEDC0810370E8D01B9820D15FC62C048ECF75822E1B76D265F11CEF56A5ADF28649A2BD7B5F65AEF2088F37B5CD4EE03AE40AB6479D3D778ECFD7917026C2D15601C3F6B523478E713752ED58AD6D96BA94AA6186EFC2858BD0984CF2B809930EDAA6E0A6170A70EAE429387AEC1853B4516544C3D8DE462532941AB82AB4D4680A46474779EA1CC19BC6C1973565172E5C8053A7CEC039E629A09A4D4ED1C843FA1B9CA5C079E08DC2683ACDE7FFC046E864B241FFCA8A611B5F7FFF005CBCD803E7196C98809AA2DBD84D88066E3600D73D9183D2990C64B2193EC10E8297483800CE46C30453EFA55EE863A0C9B88C77279B7A7C36C860BBEF6FBEF1B5218DD0E48C54E345FFE4F1EDBF623FF8667F8F10315C46E93D22B7B93D4688336200FB3DE2C86C6CC09E4A4F93D2FD816B002819A9EEAC4FA61DAEDC0874675FF01C6A4C8B0A3F34342C66F31A70FB6A6223BBECA7298173FB728A6DB6D8A6BEE6132E59B6ECEB39C8B66DFEEBAF3FB85FE3337B5CCA07C099A074D296C9667991436D24784E89F265B5582693855C3E07E97486C5AF691EC362E6D65660A9B06186788B866D96291CDA635B77FC898C2126A3703E4502EF38F77DEC1F82875DAF5009711F4E5B8786DBB177CB955238EC918F6D8D857CC11D29C021C3213AAC84A956B972B90AC794ED21B6FEC0835FFDB27623672370688F6FFBE91751ED2A0D9CFB5E754A0331E25B9E0B3B15CBFD0821C228DF2FDD4FF7EB0D3EA949998B0541421024141CB2A2C53B06F3BE96D841982F3D48AC31209A06E07631E01EF8F2FFF8924EFFCF76E0D0B66EDFF97EB6789855F0962B095C582CE7DB06507A2D621FAFC89657D94B0B9D09C075A3A27DE981CF3FA231D1C0F96CDB8E9D389FE143AC5ADFA781BB6CE076B16D0F7DE1BFDFBF4DE3A1811BD3B6EF78E26E56AB1F90194C0DDC84811B64EB0F23689FFDF3CF9CD45868E026653B763E7937ABDC5B58FDDEA2812B7B2C42B6955DC3D6CFFCE9A7B59A69E02EDF9EF8D9D338286D8B031FD9A481B33AD872177BBDF5D39FFA844E8268E0A6CF9E7CEA17CBD95F8BAEE67DEC252E5B6601701D5810322C1FFFA3FFA0DD450DDC9B634FFFE299BB19069B9C780F98FA91F62A07AE5B02E6A4F269C7BFDFF261DD66A6819B99F6CCAEE7D0FDDCC4D040F563F0413B7743015A661870BBD8FAA050AE6E065CF7BFFBB7BFA7DD430D5CEDD8F32FECDEC8C1030E61BB8008D5B145018EBF9E0270DDA248E0D83AED16C07533E0BA197083EFBAF71DBA3B95366DDAB469D3A64D9B366DDAB469D3A64D9B366DDAB469D3A64D9B366DDAB469D3A64D9B366DDAB469D3A64D9B366DDAB469D3A64D9B366DDAB469D3A64D9B366DDAB469D3A64D9B366DDAB469D3A64DDB9B65FF5F800100EE63DDCAC18541A50000000049454E44AE426082, 'application/pdf', 0xFFD8FFE000104A46494600010100000100010000FFDB0084000906070F100F0F101010100F0F0F0F100D100F0F0E0F0D100F101411161714111514181D2820181A261C141421312125292B2E2E2E171F3338332D37282D2E2B010A0A0A0E0D0E1B10101A2E241D242C2F2C2C2C2C2C372C2C2C2C2C2C2F2C2F2C2C2C2C2C2C2C2C2C2C2C2C2C2F2C2C2C2C2C2C2C2C2C2C2C2C2C2C2D2C2C2C2CFFC000110800CC00CC03011100021101031101FFC4001C0000010501010100000000000000000000000102030607040508FFC4004510000103020203090E040601050000000001000203041105061221410713315161717281B1172224323452535462A1A2B2C1D1142374911542738292B3F016253344C2FFC4001A010100030101010000000000000000000000010405020603FFC400331100020201010604050402030101000000000102030411051214313351214171A115223281B1136191D152F03442C1E123FFDA000C03010002110311003F00DC50020040080100200400801002004008010020040080100200400801002004008010020040080094053F1DCFF4D012C81A6AA41ABBC768C40F4F5DFA82949B7A221B496ACABD4676C4E4F177A841D8D65C8EB75D588E2D8FC8AB2CEA63E7A900CC98A1FF00D9F859F65D7073EE8F97C4AAECC70CC38A7ACFC2CFB27073EE87C4AAECC70C7F14F59F859F64E0E7DD0F8955D98E18F629EB3F0B3EC9C1CFBA23E2557663863B89FACFC2DFB27073EE87C4AAECC70C6F13F59F85BF651C24FBA1F12ABB31DFC6B13F59F85BF64E127DD0F8955D98A319C4FD67E16FD938498F8955D992C38C6224F7D5561D16FD938498F8955D988EC6711F59F85BF64E1264FC4AAECCE69B1FC4F81B53D7A2DFB29E0E7DD1C7C569ECC87F8F62DEB43FC59F653C14FBA1F15A7B313F8FE2BEB5F0B3EC9C14FBA1F15A7B310E60C5BD6BE167D93829F743E2B4F6634E62C57D6BE167D93829F744FC529ECC56669C59BAF7F6BB91CC611D88F0ACFD895B4E97DCF4F0FDD1EA23205553B5EDE03242741C396C6E0FB97C274CE1F522D559355BF4B2F982E374F58CD38240FB5B49BC0F65FCE6F085F23EE7A28010020040080CBB3AE697D4BDD4D4EED1A76F7AF7B4EB98EDD7E676AFAD353B1E88F85F7C6A8EACAD431068D416AD7546B5A230EEBA76BD64C9DA17D0F812B42839240840F0807B5402408078402850070402A12412497E6ED5D247CA53D7904336813A81B8235A968F9496A42549D0D2A00D2A4113949246E524913949D222A6964A795B353B8C72378B808DA08DA39151C8C44D6F439F635B133DA7B9672EFF00D9AEE53CC2CAE834EC1B2B2CD963BF8AEF387B26C6CB2CDA3DC4008010157DD03153052EF6C3692A098C5B8432DDF9F781D680CBE26D8596D535AAE3A1E7B22E76CDCBF8266AFA15C95A872C90282091A840F0807B5401E1081E1401C02123906A4323EFCCBA48F8CA5A91A9391100D2A40D280694044E524A237293A227292489C549D1DF96B14349571CB7B46E3BDCA361613ACF570F52C9CDAB765BCB93FC9BDB3AFDF86E3E6BF06D415234410020332DD167D3AB0DD914600E771B93D9FB2FB63C75B115F2A5BB548AB05B0603246A1CB26621CB240A0E490201E100F6A8207A01E1401C8089EEBF32E92D0F94A5A8C5270214034A9034A01A4A01A50923729044E2A4E889E57474889C84A2322FA956CC8EB53FD8BFB3E5BB72FDCDAB2C549968E9DE7877B6B4F3B45AFEE58A7A13D440080CAF3C0F0B98F43B02B18BD5455CDE8B2BA16B1824AD439256A1C923541048100F6A10481401C100F0A011BDF7E65D247CA52D46852722A1025949034A01850918500D2A41138A92489C549D11B8A925113949D21B16B705F0CAE8C8B985D789AFE49F2187FBBE62B08F487BC8010197E766F84CE7959D8158C5EAA2AE6F459596AD730592B50E495AA0E592050412C645C5C5C5F58E350432471049B0B0BEA1C3640B90A100F0806C8FD8A523E727E432EBA3814150070439140423518E0A411B909232A40C7142489CA49232E52490B8A93A22715D1D21D49AE46F3FD157CAE8C8B785D789B064D1E071F3BBE62B08F4A7B88010194E7E98B2A273C22ECD5D415AC35ADA915339E94B2B3054B5DC06C788EA2B5DC5A3054933A9AB82192B50E59285040F6A0240A081E1003DF6447327A115D767C85BA01414207028727453B9B7EF9433E72D7C88A622FA90E91CEE2A4E889C549246E2A4923715249138A92489C549D2227152744B876B998394F62F86574645BC1EBC4D87280F048F9DDF315827A53DA40080CA37446FE6541E5676056F07AC8A79FD065158B74F3875C352F6EDBF21D6B8714C6F3476C55C368B736B5C3AC9DF3AE3A861FE61D7A970E2D0DE47430DF835DF8B5AE492E18464E2E687D439CCBEBDED96D203DA2780F22A3665E8F481A946CDDE5AD8F4FD8F63FE91A3B5B45F7E3DF1D7FB2F8F15616FE1D4767FC9E2E3593DCC6992073A4B0B98DF6D2B7B2470F32B1565A6F49947276634B7AB7AFEC54AEAF18C7B38060125512EBE844D362F22F73C4D1B57C2EC855F879973130A791E3CA3DFFA2D70E4EA403BEDF1E78CC9A3F2D95179963E46BC76550B9EAFEFFD105664B8483BD3DEC76C0E21EDFBFBD770CD92FA91F2B76456D7C8DA7FC94DAEA692091D1C8345CDFD88D841DA168426A6B791837532AA6E135E22E1F4525448238C5C9D649E06B76B89E25164E35C77A4754513BA7B902E1499269C01BEBE491DB6C446DF76BF7AA12CD9BFA5686ED7B22A4BE76DBFE092A324D23877BBEC678C3F4BDCEBAE566D8B9E8CEE5B2686BC355F7FECA6662C065A370D23A7138D992016D7E6B86C2AFD17C6D5E1CCC8CAC39E3BF1F14F933C371564A844E2A4E889C549D1138A924E8C275CF18E53D8557CBE8C8B983D789B1E541E0ACE93BB5609E90F61002032DDD1077D53D267D15BC2EB229E7F4199FB56E9E7499AA0E495A8413B4AE4E742CD906884D5AC2E176C2D335B6170D4DF79BF52A9993DDA9E9E7E05DD9D529DEB5E4BC7FA3589640D6B9CE366B4171276002E4AC64B5F03D2B7A2D594397747B49AA94986FE36FA049A3E7685ADD575A0B67B6B9F8990F6BC14B4DDF0EE5EA9E76C8C6BD86ED7B43DA78C1170B3DA69E8CD78C9496A8CBF394061AE918C034640D95A2DE7EA3F102B6715EF549BF23CAED183AF21A8F9F8AFBFFF004D270AA510C1146D160D600794F093FBDD6459272936CF4D456ABAD41791E0E66CDE2925DE5916FD206873EEFDEDACBF00BD8926DAFAC2B34623B63BCDE88A599B4638F2DCD3567A596F1C656C45E1A58F63B41EC274B44DAE083B415F1BE9754B4658C4CA8E443797DCF27741A50628E6B77CC7EF64FB2E04F68F7AB1853F99C4A3B5EA4E0A7E69E9FC92E41A40DA774B6EFA57917F65BA80FDEEB9CD9EB3DDEC77B26A51A9CFCDBFC1E9E63C6DB471090B4C8E73B4191820691B5C927600070AF8D34BB65A22E6564C6886F33CBCB39BFF00172EF3245BCBC82E616C9BE35F6D65B7B0B1B5CF515F5BF11D71DE4F5457C4DA11BE7B8D68CF6330D1367A59A323F90B9A789CDD6D23AC2F8D13709A659CAA95B54A2CC6095BE793446E7292485C549D119284A3AB043E131739EC2ABE5F4645CC2EBC4D9B2BF9337A4EED5827A43D640080CBF7431E53D267D15BC2EB229E7F4199EB56E9E7895AA0E495AA082662820BBEE5FE5337F447CCA867FD0BD4D3D95D497A17DC73C92A7F4F37FACACDABA91F546C6474A5E8FF0006232BEE7DCBD0A5E078D91B4656F21A4FD3C5F2858191D597AB3D7E1F421E8BF052B7457015F013B218C9E612BD6860F8D2FD5FE0C6DABE19307FB2FCB34763AE011C0402164B3D1232CDD029DCCAF91C46A9991C8D3CCC0C23E1F7ADAC2927525D8F2BB56B71C96DF9A4FDB4FF00C132AE676508943A2925DF0B48D02D16B0DB729938CED6B47C8EB6766C31E32525CCE9CC79CE3ABA730B21963717B5FA4F2CB77A783515F3C7C39573DE6D1F6CDDA15DF56E453D7545B3214A1D41171B5D234F3EF84F610A9E62D2E6696CB7AE347EFF009383749809821907047216BB934C6A3FB8B75AFA6035BED7EC7C76BC5BAE32ECCA4E09890A6A88E7735CF0CD2EF5B60E37691AAFCEB42EADD9071464625AAAB54DF916B9B74684B5C3F0B3EB0478D16AB8E7545604F5E68D87B52A6B9333F7B96A18242E729248DC549246E2A4E8ECC08F84C5CE7E52ABE5F4645BC2EBC4D9F2CF9337A4EED5807A43D640080CC7743E0A9E933E8ADE175914F3BA0CCE9AB74F3C4AD50412B54104CD2A082EFB97794CDFD11F32A1B43E85EA69ECAEA4BD0BF63C6D4955FA69BFD6E59B4F523EA8D7C8E94BD1FE0C28397A33C71D9162954D01ADA9A86B5A2CD6B65706B40E000712F93A6B6F5714588E5DD14A2A5E0864F532486F2C8F95D6D1D291C5E40E2BF16B2BA8C2315A45687C6DB676BD66F5359C918C0A9A46027F3A1022946DD5E2BF988B1E7BF12C4CAABF4EC7D9F23D4E05FF00AD4A7E6BC19D19A301656C3A3E2CACEFA27F11DA0F21518F7BAA5AF9798CCC48E4434F35C9991D752C9048E8A56963D86C41ED0768E55B909C66B7A3C8F2B6572AE4E325A339F49747CCBCEE698C86B9F48F36D326586FB5C077ECE7B0BF51E259B9F537A58BEE6EEC7BD2D6A7EABFF4BED6D2B268DF1483498F696B8722CD849C5A92E66D595C6C8B8CB93320CCB81CD432E8BAEF85C4EF52DB53879A789C3896ED1746E8EAB9F9A3CB6562CB1E5A3F15E4FF00DF33C8D35F6D0AE46E729248DC50E88DCE52491B8A1D1DB97CF8543D23F2955F2FA322DE175E26D796BC9DBD2776AC03D19EAA0040665BA27054F499F456F0BAC8A99DD06670D5BA79F256A839256A804AD2A0E742EFB96F94CDFD11F32A1B43E85EA69ECBEA4BD0BF660F23ABFD34FF00EB72CDA7A91F55F935B23A53F47F83086B97A43C78F05401C0A11A1DF82E2F2D24CD9A23AC77AF613DECACDAC3F43B0AF95D4C6D8EEB2C62E44A89EF2E5E66C380E350D6C22584FB2F63B53E376D6B87D76AC2B6A9552DD91EAA9BA16C77A273E67CBD1D6C763664CD1F972F17B278DA5778F912AA5FB79A3E199871C88E8F9AE4CC7EB69A48647C523745F1BB45C3978F9B6ADD8494A2A4B91E5A75CAB938CB9A21648E690E6B8B5CD21CD737516B86B04296935A310938494A3CD1AAE4CCDCCAC6886521956D6EB1C0D980FE767D5BB3996264E2BA9EABE93D3E1E646F8E8FEA2C58850C55113A295A1EC78B107DC41D87955784E5096F47996ECAE3645C64B546359AB0092826D13DF44FBBA293CE6F9A7DA0B7B1EF57475F3F33CC6562CB1E7A793E4CF1F4EEBEDA15D0C7143A18E287446E2A493BB2E9F0B87A47E52AB65F4645BC2EBC4DB72D793B7A4EED5807A23D540080CC7744F16A7A4CFA2B785D6454CEE8B3386ADC30095A8412B54104AD2A08D0BBEE59E5537F447CC150CFFA17A9A5B2FA92F42FF987C8AAFF004B3FFA9CB3A9EA47D57E4D5C8E94BD1FE0C11A57A43C89A1E0DB9FC53D34131A891A6589921686B0805C2F60B2EDCF9426E3A2F066CD3B2E13AE32727E2B52BB9BF046D0CEC89923A40E884B77000825CE16D5D156B1AE7741C9AF32866E32A26A29EBE1A9E29040078D59291D783E2B3524CD9A13670D4F61F16566D6387D762F95B4C6D8EEC8B38D912A27BCBEE6D9836251D5411CF1F8B20BD8F0B5C0D9CD3CA082179FB2B75C9C59EAAAB236414A3C994BDD530C1A31553459DA5BC4878C104B49FD88EB5A1B3ACF1707EA64ED7A568AC5E8CCEAE7FE05AA6188D7B9A5AE69731ED21CD7025AE6B8701051A4D68CEE12941EF4799AFE43CCDF8D84B2523F1308024B00048D3E2CA072DB58E3EA585978FF00A52F0E4CF4F8595FAF0F1E6B99D99D30A155452B2DDFB1A668CED0F68BFBC5C75AE316DFD3B13F2E4CEB32956D4D79F346181CBD09E5D0E2E50768612874464A127A1974F85C3D23F2955F2FA322D61F5E26DF967C9DBD2776AF3E7A23D540080CC37453AAA7A4CFA2B785D6454CDE8B3386ADC30495A841235411A12B4A805E372B77854C36987FFA0A867FD0BD4D1D99D497A1A066004D1D581AC9A69C01C677B72CDA7A91F55F9356FF001AA5E8FF0006000AF4A792D0DEB2A348A0A3075114F15FFC02F3991D597AB3D5E37461E88A26E8CF1FC5297922809EB9DFF65A385D097DFF00064ED1FF00930FB7E4D3379679ADFF0010B27566E6EAEC61F9B068D7D58B5BF3DE6DC84DC2F438DD28FA1E57317FFBCFD4BE6E4EF71A59C1F144FDEF3960BFD166ED14BF517A1AFB25BFD269F73BB74BB7F0D92FC3BE456E7D31F4BAF9E0F597DCFAED2FF8EFEDF927C84C63B0DA53A20F7AF172D1B2578FA2E731B574BFDF23AC049E3C7FDF32A7BADC604B4A400018E41A801AF482BBB35FCB2286D65F347EE797B98BDC31265B81D0CAD7746C0F686AFAE7A5FA3F73E3B31B57FD8D7E7B683AFC1A26FCD6588B99E85F23E7394F7CEE91ED5EA1723C8B5E2C8F4909404A83A185CA493D3CBAD1F8885DA5AF4C8B7F695F0CC4B87932C61B7C445686DD963C99BD2776AF3A7A33D640080CBB7453E53D267D15BC2EB22A66F4599CB56E1844AD50091A541048D420F5F26E36DA5AF8A479B44EBC121D8D6BF81E7903836FC975F1CAA5CEA6973E658C2B772E5AF27E06E5A88E30473821601E88AA3B73DC3CCBBE68C8069696F4243BDF0F05B86DC975738EBB774D4A3F0EA37B5D3EC5A806B5BB1AD68E60D007B82A9CCBBC8C333762E2AABA69987BC0E0C88FB2C160E1CE6E7AD7A0C5AB72A51679ACDB7F52F725E5CBEC6C196316655D245334EB2D0D91BB59237539A7AFF7041587756EB9B8B3D0D16AB20A48E3C732751D5CBBF481ED90801CE8DDA3A600B0D216E1B6ABF22FA55976571DD5C8F85D8355D2DE92F13D5C270C869626C30B7458D24EB25C4B8F0B893C257CACB2564B7A5CCB15550AA3BB05E051B759C5DBA315234DDFA4279003E28008603CF727A95FD9D53D5CFEC66ED5B56E2AD79F89D1B94E2ED740FA42409227191809D6E8DC75DB99D7FDC2E76854D4F7FC99DECBB53AF73CD16AC7B02A7AD8C473B490D3A4D734E8B9876D8FD153A6E9D4F58976FA21747499CF97B2B52D0973A16B8C8F1A2647BB49DA37BE88E21A87ECBBBB2676F84B91C51895D2F58AF1199D7186D2514AF2469C8D30C4DDAE91C2DAB985C9E40A31AA765891D64DAABADC9983DD7A33CB8D250EB4134941D21A4A1D1DF974F85C3D23F2955B33A322CE1F5A26EB958F8337A4EED5E7CF407AE80101966E8C75D48F699F456F0BAC8AB9BD1667616E18448D50091AA00D9A5B0B0E13D8BA8A39673DD767CCB565DCFB5B46C111D1A985BA9AC95C44918F35B26D1C8551BB06163D57833468DA1282D25E258FBAC8B790BF4BF50CD1BFED755BE1B2FF0022D7C4ABD3915BCC59E6B2B5A623A34F03B53A38892E907139E76720B75AB54E142B7ABF1653BF684AC5BB1F045701570CED0F4704C7AA68A43253C9A3A56D38DE34A2900F386C3CA35AF8DD442D5A48B38F933A5F872EC5D29F757701F99444BB8E29DBA3F10BACF96CD7E5234E3B4E1E68E4C4F750AA91A5B4F0329EFAB7C91FBF3DBCCD000BF3AFA57B3A29EB27A9F3B369F87C88A44D3BDEE73E47BA491E749EF79BB9CEE32568C62A2B45C8C99C9CE5BD2E62D3554913DB244F7472B0DD8F69B169FA8E43A8A89C2335A49781D5764AB96F44BC61DBA9D431A054533262078F149BD1772969040EA2B3A7B353FA59AB5ED35FF744D55BAC3C8FCAA2D1771CB382075342E63B35FF00DA4772DA70F2451F1AC6AA6B24DF6A24D370B86B1A34638C1FE56376739D678D68554C2A5A451997E44EE7F31E792BEC7C741A4A13A0D25091095049DB803BC2A1E91F94AAD99D1916B0FAD1378CA47C119CEEED5E7CDF3D940080CA37473DFD48F6A3FA2B785D6455CCE8B33E6ADC3109185411A1255540BDEC01B7005D3F999C25BA8E3D2BAE8816E840A0A11A0A1C834174908D05D2423416E8340BA00BA012E8340D241A09742741B742740BA1236E848D2500D25091A4A1D1DB821F088B9CFCA556CCE8C8B389D689BD64E3E071F3BBE62BCF1BC7B68010191EE90EFCEA81CB1F6056F0BAC8AB99D1650C2DC31447CA073A25A9073975D7670282840F691B5490C2EA00B741A0A10816E8405D005D005D005D005D0912E804BA1221280692848D2509109424692A093AF0975A78F9CF6155B2FA322CE275A26F9924F80C5FDDDA579F374F75002031DDD2E402A2707D8EC0ADE175915733A2CA03E63B3576ADDD0C4D4602A4815490381163C37D9C4A7C3423C750BA802DD08D05BA0248E62DBDB68B2E9368E6514F98DBAE490BA00BA00BA00BA00BA01349091592917E0D62DAD74A5A1CB8EA464AE4EC4BA1225D0084A8246DD41274E1A6D2B39CF6155B2FA322CE2F5A26FD914F8043FDDF315806E1EFA004062BBA883F8C9B95AC72B584F4B915B2D6B4B288B7CC3040174205BA0154902DD005D0816E8340BA016E8405D005D005D09D04BA0D02E83412E848974025D412214025D41222124F45FF0091BC973EE55B31E94C8B388B5B51BFE421FF006FA7BF9A4FEE5601B6585002032ADD728089629ADDEBD86371E51C1F55D426E12525E47338A945C5F9997916D4BD2C64A4935E679E945C5E8C174720801005D0816E802E805BA9202E802E802E802E802E802EA009740174244BA012EA09D04424100880EBC3A22E7003C6710C6F392B33685BE0A0BD4D1C0AFC5CFEC7D1F81D26F34D0C7E646D1EE594699DC80101E2E6DC185652BE3FE600B98789C80F9FABE95F1C8E63C68BD86C42D0C3CADCF925CBF050CBC6DFF9E3CCE55B0648290080100200400802E802E8405D005D005D090BA012E802EA0088482004022824568BAF8DF7C6A8EACFAD34CAD9688D07730CBA67984EF6FE545ADB71E33960CE6E727266E420A115146CCB83A0400801014ACF39259580CB1599381C5E37214063789E19353BCB2661611B6DA8AB54E5D957873456BB161678F26715D5F8ED0ADF34D14658162E4D305DF1D4F7F638E0AEEDEE0A78FA7BFB0E0AEEDEE174E3E9EFEC382BBB7B85D38FA7BFB0E0AEEDEE09C7D3DFD8705776F704E3E9EFEC382BBB7B8271F4F7F61C15DDBDC138FA7BFB0E0AEEDEE174E3E9EFEC381BBB7B889C7D3DFD8705776F704E3E9EFEC382BBB7B8271D4F7F61C15DDBDC1471D4F7F62782B7B7B8271D4F7F61C15BDBDC44E3A9EFEC382B7B7B82879D4F7F62782B7F6FE41A2E6C359E20ABD9B43FC17F27DEBC0FF37FC173CA19167AB735F2831C2359B8D6E59D39CA6F593F12FC6118AD228DAF0DA08E9E36C51B435AD16D4B93A3A90020040080101C588617054374658DAF1CA05D0154AEDCC686424B74A3BF12038BB93D2FA57A00EE4F4BE95E803B93D2FA57A00EE4F4BE95E803B93D2FA57A00EE4F4BE95E803B93D2FA57A00EE4F4BE95E803B93D2FA57A00EE4F4BE95E803B93D2FA57A00EE4F4BE95E803B93D2FA57A00EE4F4BE95E803B93D2FA57A01D1EE51480EB91E471203DFC2724D0D3D8B630E70DAE17405898D00580000D835201C8010020040080100200400801002004008010020040080100200400801002004008010020040080FFD9, 'image/png', '2015-11-03 00:44:06', 'aa', '2015-10-30 12:39:08', 'lcu2');

-- ----------------------------
-- Table structure for `user_education`
-- ----------------------------
DROP TABLE IF EXISTS `user_education`;
CREATE TABLE `user_education` (
  `GUID` varchar(36) NOT NULL,
  `USER_DETAIL_ID` varchar(36) NOT NULL,
  `EDUCATION_LEVEL_ID` varchar(36) NOT NULL,
  `INSTITUTE_ID` varchar(36) NOT NULL,
  `MAJOR_ID` varchar(36) NOT NULL,
  `NAME_TRAINING` varchar(255) NOT NULL,
  `CERTIFICATE` blob NOT NULL,
  `TYPE_EDUCATION` char(1) NOT NULL,
  `START_YEAR` date NOT NULL,
  `END_YEAR` date NOT NULL,
  `DTMCRT` datetime NOT NULL,
  `USRCRT` varchar(30) NOT NULL,
  `DTMUPD` datetime NOT NULL,
  `USRUPD` varchar(30) NOT NULL,
  PRIMARY KEY (`GUID`)
) ENGINE=InnoDB DEFAULT CHARSET=utf8;

-- ----------------------------
-- Records of user_education
-- ----------------------------
INSERT INTO `user_education` VALUES ('b35a0c6c-7ee6-11e5-bc1f-28d244bd1b19', 'b3446847-7ee6-11e5-bc1f-28d244bd1b19', '0cb8faf3-3ff8-11e5-a15a-00ff7f4e65c4', 'f197a48b-741d-11e5-8c47-28d244bd1b19', '', '', '', '', '0000-00-00', '0000-00-00', '2015-10-30 16:15:02', 'azizah', '0000-00-00 00:00:00', '');
INSERT INTO `user_education` VALUES ('cdb3b5f9-7ec7-11e5-aa82-28d244bd1b19', 'cd9b386f-7ec7-11e5-aa82-28d244bd1b19', '0cb8faf3-3ff8-11e5-a15a-00ff7f4e65c4', 'f197a48b-741d-11e5-8c47-28d244bd1b19', '9c8c9ca3-7e61-11e5-aa82-28d244bd1b19', '', '', '', '0000-00-00', '0000-00-00', '2015-10-30 12:33:51', 'user1', '0000-00-00 00:00:00', '');
