-- phpMyAdmin SQL Dump
-- version 4.3.11
-- http://www.phpmyadmin.net
--
-- Host: 127.0.0.1
-- Generation Time: Nov 03, 2015 at 01:49 AM
-- Server version: 5.6.24
-- PHP Version: 5.6.8

SET SQL_MODE = "NO_AUTO_VALUE_ON_ZERO";
SET time_zone = "+00:00";


/*!40101 SET @OLD_CHARACTER_SET_CLIENT=@@CHARACTER_SET_CLIENT */;
/*!40101 SET @OLD_CHARACTER_SET_RESULTS=@@CHARACTER_SET_RESULTS */;
/*!40101 SET @OLD_COLLATION_CONNECTION=@@COLLATION_CONNECTION */;
/*!40101 SET NAMES utf8 */;

--
-- Database: `internship`
--

-- --------------------------------------------------------

--
-- Table structure for table `assessment`
--

CREATE TABLE IF NOT EXISTS `assessment` (
  `GUID` varchar(36) NOT NULL,
  `USER_DETAIL_ID` varchar(36) NOT NULL,
  `ASSESSMENT_ELEMENT_ID` varchar(36) NOT NULL,
  `VALUE` int(11) NOT NULL,
  `GRADE` int(11) NOT NULL,
  `TOTAL_VALUE` int(11) NOT NULL,
  `AVERAGE_VALUE` int(11) NOT NULL,
  `FINAL_GRADE` char(1) NOT NULL,
  `DTMCRT` date NOT NULL,
  `USRCRT` varchar(30) NOT NULL,
  `DTMUPD` date NOT NULL,
  `USRUPD` varchar(30) NOT NULL
) ENGINE=InnoDB DEFAULT CHARSET=utf8;

-- --------------------------------------------------------

--
-- Table structure for table `assessment_aspect`
--

CREATE TABLE IF NOT EXISTS `assessment_aspect` (
  `GUID` varchar(36) NOT NULL,
  `ASSESSMENT_ELEMENT_ID` varchar(36) NOT NULL,
  `ASSESSMENT_ASPECT_NAME` varchar(255) NOT NULL,
  `SEQUENCE` smallint(6) NOT NULL,
  `DTMCRT` datetime NOT NULL,
  `USRCRT` varchar(30) NOT NULL,
  `DTMUPD` datetime NOT NULL,
  `USRUPD` varchar(30) NOT NULL
) ENGINE=InnoDB DEFAULT CHARSET=utf8;

--
-- Dumping data for table `assessment_aspect`
--

INSERT INTO `assessment_aspect` (`GUID`, `ASSESSMENT_ELEMENT_ID`, `ASSESSMENT_ASPECT_NAME`, `SEQUENCE`, `DTMCRT`, `USRCRT`, `DTMUPD`, `USRUPD`) VALUES
('00c105fe-7494-11e5-adc2-28d244bd1b19', 'f57a26c8-7493-11e5-adc2-28d244bd1b19', 'Hubungan Kerja dengan Karyawan', 2, '2015-10-17 12:57:52', 'lcu', '2015-10-17 12:57:52', ''),
('07467e42-7494-11e5-adc2-28d244bd1b19', 'f57a26c8-7493-11e5-adc2-28d244bd1b19', 'Tanggung Jawab dalam Waktu', 3, '2015-10-17 12:58:03', 'lcu', '2015-10-17 12:58:03', ''),
('14741155-7494-11e5-adc2-28d244bd1b19', '0cfc45dc-7494-11e5-adc2-28d244bd1b19', 'Kebersihan dan Kesopanan Kerja', 1, '2015-10-17 12:58:25', 'lcu', '2015-10-17 12:58:25', ''),
('1972ed5c-7494-11e5-adc2-28d244bd1b19', '0cfc45dc-7494-11e5-adc2-28d244bd1b19', 'Perhatian terhadap Intruksi/Petunjuk', 2, '2015-10-17 12:58:33', 'lcu', '2015-10-17 12:58:33', ''),
('1ec1f9a5-7494-11e5-adc2-28d244bd1b19', '0cfc45dc-7494-11e5-adc2-28d244bd1b19', 'Ketentuan Bekerja', 3, '2015-10-17 12:58:42', 'lcu', '2015-10-17 12:58:42', ''),
('2cf27faa-7494-11e5-adc2-28d244bd1b19', '274103a5-7494-11e5-adc2-28d244bd1b19', 'Sakit', 1, '2015-10-17 12:59:06', 'lcu', '2015-10-17 12:59:06', ''),
('32010e6b-7494-11e5-adc2-28d244bd1b19', '274103a5-7494-11e5-adc2-28d244bd1b19', 'Ijin', 2, '2015-10-17 12:59:14', 'lcu', '2015-10-17 12:59:14', ''),
('3617faff-7494-11e5-adc2-28d244bd1b19', '274103a5-7494-11e5-adc2-28d244bd1b19', 'Alpa', 3, '2015-10-17 12:59:21', 'lcu', '2015-10-17 12:59:21', ''),
('3abc909d-7494-11e5-adc2-28d244bd1b19', '274103a5-7494-11e5-adc2-28d244bd1b19', 'Lain-lain', 4, '2015-10-17 12:59:29', 'lcu', '2015-10-17 12:59:29', ''),
('c9fa4e13-7493-11e5-adc2-28d244bd1b19', 'a43defba-748d-11e5-adc2-28d244bd1b19', 'Keterampilan / Setting Up', 1, '2015-10-17 12:56:20', 'lcu', '2015-10-17 12:56:20', ''),
('d002fbcb-7493-11e5-adc2-28d244bd1b19', 'a43defba-748d-11e5-adc2-28d244bd1b19', 'Pemahaman Teori Tambahan', 2, '2015-10-17 12:56:30', 'lcu', '2015-10-17 12:56:30', ''),
('d5b5ac02-7493-11e5-adc2-28d244bd1b19', 'a43defba-748d-11e5-adc2-28d244bd1b19', 'Pemahaman Work Order (Proses Kerja)', 3, '2015-10-17 12:56:39', 'lcu', '2015-10-17 12:56:39', ''),
('dc5e6b11-7493-11e5-adc2-28d244bd1b19', 'a43defba-748d-11e5-adc2-28d244bd1b19', 'Efektifitas Penggunaan Waktu Kerja (Kesesuaian dengan Waktu yang diberikan)', 4, '2015-10-17 12:56:51', 'lcu', '2015-10-17 12:56:51', ''),
('fb7660a1-7493-11e5-adc2-28d244bd1b19', 'f57a26c8-7493-11e5-adc2-28d244bd1b19', 'Kedisiplinan', 1, '2015-10-17 12:57:43', 'lcu', '2015-10-17 12:57:43', '');

-- --------------------------------------------------------

--
-- Table structure for table `assessment_element`
--

CREATE TABLE IF NOT EXISTS `assessment_element` (
  `GUID` varchar(36) NOT NULL,
  `ASSESSMENT_ELEMENT_NAME` varchar(255) NOT NULL,
  `SEQUENCE` smallint(6) NOT NULL,
  `DTMCRT` datetime NOT NULL,
  `USRCRT` varchar(30) NOT NULL,
  `DTMUPD` datetime NOT NULL,
  `USRUPD` varchar(30) NOT NULL
) ENGINE=InnoDB DEFAULT CHARSET=utf8;

--
-- Dumping data for table `assessment_element`
--

INSERT INTO `assessment_element` (`GUID`, `ASSESSMENT_ELEMENT_NAME`, `SEQUENCE`, `DTMCRT`, `USRCRT`, `DTMUPD`, `USRUPD`) VALUES
('0cfc45dc-7494-11e5-adc2-28d244bd1b19', 'Kreativitas', 3, '2015-10-17 12:58:12', 'lcu', '2015-10-17 12:58:12', ''),
('274103a5-7494-11e5-adc2-28d244bd1b19', 'Ketidakhadiran', 4, '2015-10-17 12:58:56', 'lcu', '2015-10-17 12:58:56', ''),
('a43defba-748d-11e5-adc2-28d244bd1b19', 'Kualifikasi (Keterampilan & Pengetahuan)', 1, '2015-10-17 12:12:19', '', '2015-10-17 12:12:19', ''),
('f57a26c8-7493-11e5-adc2-28d244bd1b19', 'Kedisiplinan', 2, '2015-10-17 12:57:33', 'lcu', '2015-10-17 12:57:33', '');

-- --------------------------------------------------------

--
-- Table structure for table `education_level`
--

CREATE TABLE IF NOT EXISTS `education_level` (
  `GUID` varchar(36) NOT NULL,
  `EDUCATION_LEVEL_NAME` varchar(5) NOT NULL,
  `LANG_CODE` char(3) NOT NULL,
  `SEQUENCE` smallint(6) NOT NULL,
  `DTMCRT` date NOT NULL,
  `USRCRT` varchar(30) NOT NULL,
  `DTMUPD` date NOT NULL,
  `USRUPD` varchar(30) NOT NULL
) ENGINE=InnoDB DEFAULT CHARSET=utf8;

--
-- Dumping data for table `education_level`
--

INSERT INTO `education_level` (`GUID`, `EDUCATION_LEVEL_NAME`, `LANG_CODE`, `SEQUENCE`, `DTMCRT`, `USRCRT`, `DTMUPD`, `USRUPD`) VALUES
('0cb8faf3-3ff8-11e5-a15a-00ff7f4e65c4', 'S1', 'IDN', 6, '2015-08-11', 'admin', '2015-08-11', 'admin'),
('20976dda-3d97-11e5-901c-00ff7f4e65c4', 'D1', 'IDN', 2, '2015-08-08', 'admin', '2015-08-08', 'admin'),
('2558909f-3d97-11e5-901c-00ff7f4e65c4', 'D2', 'IDN', 3, '2015-08-08', 'admin', '2015-08-08', 'admin'),
('2669d853-3f0b-11e5-a15a-00ff7f4e65c4', 'SMK', 'IDN', 1, '2015-08-10', 'admin', '2015-08-19', 'admin'),
('3f85950b-3dca-11e5-901c-00ff7f4e65c4', 'D4', 'IDN', 5, '2015-08-08', 'admin', '2015-08-08', 'admin'),
('7d390b2e-3d9a-11e5-901c-00ff7f4e65c4', 'D3', 'IDN', 4, '2015-08-08', 'admin', '2015-08-08', 'admin'),
('caea31b7-44fa-11e5-aa2f-00ff7f4e65c4', 'S2', 'IDN', 7, '2015-08-17', 'admin', '2015-08-17', 'admin');

-- --------------------------------------------------------

--
-- Table structure for table `guestbook`
--

CREATE TABLE IF NOT EXISTS `guestbook` (
  `GUID` varchar(32) NOT NULL,
  `FIRSTNAME` varchar(30) NOT NULL,
  `EMAIL` varchar(128) NOT NULL,
  `COMMENT` text NOT NULL,
  `DTMCRT` datetime DEFAULT NULL
) ENGINE=InnoDB DEFAULT CHARSET=utf8;

-- --------------------------------------------------------

--
-- Table structure for table `institute`
--

CREATE TABLE IF NOT EXISTS `institute` (
  `GUID` varchar(36) NOT NULL,
  `INSTITUTE_NAME` varchar(255) NOT NULL,
  `INSTITUTE_TYPE` char(1) NOT NULL,
  `DTMCRT` datetime NOT NULL,
  `USRCRT` varchar(30) NOT NULL,
  `DTMUPD` datetime NOT NULL,
  `USRUPD` varchar(30) NOT NULL
) ENGINE=InnoDB DEFAULT CHARSET=utf8;

--
-- Dumping data for table `institute`
--

INSERT INTO `institute` (`GUID`, `INSTITUTE_NAME`, `INSTITUTE_TYPE`, `DTMCRT`, `USRCRT`, `DTMUPD`, `USRUPD`) VALUES
('f197566a-741d-11e5-8c47-28d244bd1b19', 'SMK La Tansa', '', '0000-00-00 00:00:00', '', '0000-00-00 00:00:00', ''),
('f197854a-741d-11e5-8c47-28d244bd1b19', 'SMA Daar El-Qolam', '', '0000-00-00 00:00:00', '', '0000-00-00 00:00:00', ''),
('f197a48b-741d-11e5-8c47-28d244bd1b19', 'STMIK Raharja', '', '0000-00-00 00:00:00', '', '0000-00-00 00:00:00', ''),
('f197c1dc-741d-11e5-8c47-28d244bd1b19', 'STMIK Palcomtech', '', '0000-00-00 00:00:00', '', '0000-00-00 00:00:00', '');

-- --------------------------------------------------------

--
-- Table structure for table `internship_program`
--

CREATE TABLE IF NOT EXISTS `internship_program` (
  `GUID` varchar(36) NOT NULL,
  `PROGRAM` varchar(50) NOT NULL,
  `DTMCRT` date DEFAULT NULL,
  `USRCRT` varchar(30) DEFAULT NULL,
  `DTMUPD` date DEFAULT NULL,
  `USRUPD` varchar(30) DEFAULT NULL
) ENGINE=InnoDB DEFAULT CHARSET=latin1;

--
-- Dumping data for table `internship_program`
--

INSERT INTO `internship_program` (`GUID`, `PROGRAM`, `DTMCRT`, `USRCRT`, `DTMUPD`, `USRUPD`) VALUES
('5b735728-7db6-11e5-8cd3-28d244bd1b19', 'Magang Industri', '2015-10-29', 'aa', NULL, NULL),
('6459eadb-7db6-11e5-8cd3-28d244bd1b19', 'PKL/KP', '2015-10-29', 'aa', '2015-10-29', 'aa'),
('6a182eca-7db6-11e5-8cd3-28d244bd1b19', 'Penelitian/Skripsi', '2015-10-29', 'aa', '2015-10-29', 'aa');

-- --------------------------------------------------------

--
-- Table structure for table `internship_project`
--

CREATE TABLE IF NOT EXISTS `internship_project` (
  `GUID` varchar(36) NOT NULL,
  `UNIT_ID` varchar(36) NOT NULL,
  `PROJECT_NAME` varchar(255) NOT NULL,
  `PROJECT_DETAIL` text NOT NULL,
  `PROJECT_SPEC` text NOT NULL,
  `QUOTA` smallint(6) NOT NULL,
  `START_DATE` date NOT NULL,
  `END_DATE` date NOT NULL,
  `DTMCRT` date NOT NULL,
  `USRCRT` varchar(30) NOT NULL,
  `DTMUPD` date NOT NULL,
  `USRUPD` varchar(30) NOT NULL
) ENGINE=InnoDB DEFAULT CHARSET=utf8;

-- --------------------------------------------------------

--
-- Table structure for table `internship_registration`
--

CREATE TABLE IF NOT EXISTS `internship_registration` (
  `GUID` varchar(36) NOT NULL,
  `USER_DETAIL_ID` varchar(36) NOT NULL,
  `EDUCATION_LEVEL_ID` varchar(36) NOT NULL,
  `UNIT_ID` varchar(36) NOT NULL,
  `MASTER_TOPIC_ID` varchar(36) NOT NULL,
  `INTERNSHIP_PROJECT_ID` varchar(36) NOT NULL,
  `PROGRAM_ID` varchar(36) NOT NULL,
  `START_DATE` date NOT NULL,
  `END_DATE` date NOT NULL,
  `PROPOSAL` mediumblob NOT NULL,
  `MIME_PROPOSAL` varchar(255) NOT NULL,
  `COVER_LETTER` mediumblob NOT NULL,
  `MIME_COVER_LETTER` varchar(255) NOT NULL,
  `STATUS` enum('PENDING','APPROVED','IN PROGRESS','FINISHED','DONE','REJECTED') NOT NULL DEFAULT 'PENDING',
  `DTMCRT` date NOT NULL,
  `USRCRT` varchar(30) NOT NULL,
  `DTMUPD` date NOT NULL,
  `USRUPD` varchar(30) NOT NULL
) ENGINE=InnoDB DEFAULT CHARSET=utf8;

--
-- Dumping data for table `internship_registration`
--

INSERT INTO `internship_registration` (`GUID`, `USER_DETAIL_ID`, `EDUCATION_LEVEL_ID`, `UNIT_ID`, `MASTER_TOPIC_ID`, `INTERNSHIP_PROJECT_ID`, `PROGRAM_ID`, `START_DATE`, `END_DATE`, `PROPOSAL`, `MIME_PROPOSAL`, `COVER_LETTER`, `MIME_COVER_LETTER`, `STATUS`, `DTMCRT`, `USRCRT`, `DTMUPD`, `USRUPD`) VALUES
('19563cbc-7ee7-11e5-bc1f-28d244bd1b19', 'b3446847-7ee6-11e5-bc1f-28d244bd1b19', '0cb8faf3-3ff8-11e5-a15a-00ff7f4e65c4', '62c6108f-7d05-11e5-8cd3-28d244bd1b19', 'eb0cb712-7db4-11e5-8cd3-28d244bd1b19', '0', '6a182eca-7db6-11e5-8cd3-28d244bd1b19', '2015-11-30', '2015-12-07', 0x89504e470d0a1a0a0000000d49484452000000dc000000a0080600000067ba023b0000001974455874536f6674776172650041646f626520496d616765526561647971c9653c00002c024944415478daec9d099c1c577de7ffafaa8fe9999e53f7658d4e5b32b2e413e353c18135e132c9ee66f301823ecb7e36b004c26e966c0c0b982c04074270201bb22c1b6c3e0b641363eb40c63660641b5b3692ad9164d93a6746b7349a7b7afaae7afbfeafdeab7a555d3d977ae4e99ef7d7e7a9aaabaaab6bbadfb77effffff1d05a04d9b366ddab469d3a64d9b366ddab469d3a64d9b366ddab469d3a64d9b366ddab469d3a64d9b366ddab469d3a64d9b366ddab469d3a64d9b366ddab469d3a64d9b366ddab4f9ec995dcfddfdcb6776ddadbf096db56464a65ed8b6ed3bf745a3914d91481428feb329d8b60d3665c5a61dd4b6076d2ab639659052da81eb54d9ced677856cebf8d87ffce890fef9b569e0843dfad8b65fb1c5665c374d8303679a26430f383c9e3118d94bcbb29c57d4e6aff118a7d890cde67cc0a9002adb39b094432df639ebbbe43665d9c1968394bfdf669fcdcf33f8570f7e65bfae52daaa12b87ff9c9561738f76209610597865817af816f04c310db8078fb8dc06be5fd08552e9775be06a27c216c9f552c422a95e280138e35a7992f0bf9020c0d0db970db023ca6bcec7c39e8efef57b7ed0af9f33a58190c6c1b14db7df6ed6f7df3595d4d3570d36efffce8e33ee00cc3e0b08080c7504002e2016528eb0e87b8cd70618390e3e4394ab6b99f2b4156de6f78c7382a4915550d2f232323901a1d75c0a5d45362f66f946d4f8fa6f93a504fc57199ce6420934ebbdf8d19313bd84d63104f303838088542a12cb0cc428167206b975a03e7d9fffb97c75ce09c0a6ef860082fc0e192a079a008a5237e0574a11130a99fe329aa032294f93c0913022741b2cb006753e5181fa0b60ba0edae3b71ab04321c68cf7d46459580cad7087191c1488532abef45808be8868b7da661749b914837bee6ef630a8fdbe3b1d82ef97eb401a6de0185ee66f09ed4284dcc22d57199b4a4b28f14cec3f1d413585140481fc4e83c881af59e9281544480d6c4528899f50a70e0c236a77e19c4230d2e682a6c2414365060e375d6adb8c18aad16086e93ffc439bce39c13a9fb950f52cea1bc27f0b968f5f5f5a5d08bb835994cbaeba2b48b02c9c64675fb66f5fd2d2d2dc1bfe901f6515fd228d514702410c3b138cace42a4fe223424a27cbf53c77add4a2f6fc93206ebcebee86d10f5575ae66201a89f6ffe1a55654efd6a9f2320d750ade635ac712b3d807fb9a8f16ae75a64a5161f1a3512d052b74480540a1ff8123ee0733b3dee2454e3bbb125d0cb3f31b0ad1cb8133d9fb62a072ef863ba6e9ee3fc4df25cec6e1f8fba50110ea877fefaba98784ddce3a9fbde0b02682ab556dcd909f4642f7a8007403d9d7ad6f7f932f552b46cb06ccb0fbd789f4162d0185de8aa9b7a8c01516888ccf7f6294b93c4a131b2b01460b6ac23cd10234de3c23711103d95f5d6357235081c094984f0753a39e8405127efdc95bf768cf9ea6231576955e06291c035f1fdc4fd538ab49f1f4a1579a66243cebae4c2a92a78d12ac0b91c0df93b11fe82076f40c523a41e629054ce47ddf747a00e11770e2502708342b3b5062234a978121ab99a5538b709408272d9bf35360dc0b4c277457e4423ea131e1538203145ad49c90d284f33ca7e0fc61c64d972d077d3b0491e12b0104cdae08b49b5d51070081aaeabed6d8e7b59393aa8ac8c36784d7244578eb2ae829a00d2df486d254df047757a9104b385d3910b95f114e1297999a0d116b839c9d82ec413d156e5c079ce1f04609b7e12a84d1cd123d5ed724ec74dd0854d03579b311cb8311cb8ed6857ca782c44f133e9ac87ce17bbe918aeb6932600fede2257da6c11e7495793cc4ee2fc8df89aa1da4b9a00803f6eab6cce64cae019e4cdbf962b6d16c9eb18ee32cca88a7841c952baea36037c3b9b0f0bc2586f76541642e39023fdfe9e351ab85a4d9a041abf67d25d9f414750f18cd9a0763a869b35319cafa7c90cabd978b9c5a2039d61d4306eb4b469405b0d0227633715bc9968d84d128b19a95db5a36ac2442b5c6dc470c14eb4beb16c30f314ce7fed04704ca8e8a35c630e252de96da2ad4680f3ad13d5b5ac06f520ccc524dccdacbd104e0fd1a9399732089d3aed4135f5b9b2b1b70afb3b2266adf454a13a86ab45852bd10b7572a02a0b8f5c17d3ae05dcc03f164e2b5c6d285c499612887f22a02acc4814988b699a144ca3ba89f34d19a119aa51e0dc5e1dde3c23d5685691d166da0cbc2a762995f95bb4c2d5884b591a8cfbfb51b62596423a5ba8ca2fbd68196059d579c370a79fd059ca9a8be1bad54c989b2f11e0c523f555fdc56306d3aad666037f9672b3c6a8365ccaeea04fa9ceda456a20e5874a879577a6f44c71a769b0a174da85a04ba9cc1ca6ad06800b9ad79dcb3f3372b55b81b99611b872d061a6d4999e5d6dbf269382d2038dea10ae669326307d532bbcf94a47c0a4b4a28914040a5d566c07b4ecc9833556d2040293d76aab21e0bcf1709e2b496a70b2118ce9a63aa29c8a614208ae55040ed874b654520abaa749adba94257d29956701d49a61e37834eabf9778131bc9f420714726c8ae63a8625736ced35dbb6adea554658e4085932634e4b37dd32913a5e2079681f92085c3e54dfe4ac3c1715e13f146e2ba6912bae07b10ac4281f0a236291032765398fc9a26cac544bed6e074ebda6a3669e29fbdab72ae913237a50f28ea0204ee316a1df3a64687c079a842a6d0681facea7bd4e403c65e081df64841b8f279560a24000c0d05495d9f2c68a5e7206520f483a605ae569326214fb1b97c61f31e90a12a9b276ec4eba86bd3900aa93e3d2700b07a1e0e1bf5c14ced1075a48e8b58283a230d5417ce9f4072c4d19b2eb0345bc8075828fbcbc1110433f8b53a0a4a7c6a1af6e41e6d35045c306eab94baf1ca6f7b80c8cec53ed500a93cd4e742962aa50391ad3ec24a3d0b21fe63958270a19a15d5de2794fa9450a58d005196d477bc1f4c757f105c12f0a603cf1f08e4a53cf0f413746adea5e43d4d02ae64a5a08b479330bf6995db2e35903a0f83a98ba23e523e0bf3f279d741fbfc8d62ff05d877e269c741140f1459d0ba0ad62e791bdf7fbeef047bbd526c5fc9cff5b3bddff5250daf5e722bdc7af57b1dd82c80bfdbfa790e06cf52b27f8be6b4c3fb6eddc2cf71a6af8b2f17b36d68995c0a1ef9f9d7c50326d9f10c8285ad57c1efdcfc872e303ff9f577d8e7f68aac273e58a41e7effae4fbb503ef28bbf8404b16199e17575396d9b90a6aa1b493d371eff33c293263a86ab5197121fab1b8fc72b1fbf31e5faf06f3de46e7ffdd4f3f0a35f7dce851aabe85bd7fe2eac5b76077f4f263f027b8f3c29dc5b27e1b176f1db60f3860ff1fdbfdcf70306e80658b968a3fb37ec78e91fdcebceb1986c71eb5ba07dc106f71a16b62e8773bd5d1c22acc02b175e0bab165dcbabf2e94b9dd037dc03776e78b7ab76eb96dd04874eee11e7a4ec5ceb61c5c2f5eef776f5921be1c5d77fe6eebf6aee35ec86718df8fbf6826551fe249ccdd12c6c8a78fd5111b8a356043a0a51d85d8c39d019844f07887f2a31fc8f57d60ddf93b7aa9862014b3e5fa898c2f91ec6c814a3fbe23ef7f5faabee8462c106ab88994167d9d2b0d0dd9f8831456c5ec9b63bfbb0f22e9f7f9dbbfff8d90e78adfb05dfe7ad5d7c2ba44629f4f503a4460016b5aef0ed7fcbf25b9ce7c6e139d9f95632d8a41d3d7d10f61fdbed3bfedae537b3e36cb7ac58b8cee7fbddb8fa6e762e4b9ccf866b96dee8ba909de75fe7c0a498b87d27d3c08b54b67a46d526b3005bead2f095fa61d840f2ee393864360d3c0c52377cd70c70e5827b98862c65d745ffb3e8af9abf89c35614d02d6a5beddb8f2e66a1603bc714b0c26f742bf4b1d3fbe0e0f1e77dc7af59741b8c8e507e6c9181b066e906dffeeb56bd15ac820084ed5fbd5801eee401e81dbc08677a3a3d4057dce21e6bb173ae5200455b3cb71d9aeae6bafb55200f75eff19ecaca4a47310a9f4d35c291a2e90be0e632f83e91c8c047626976dd9673f3b1e4238b6ddf33c7bffd3fff4193544b0ae7a6002a9ca594d0bd71f239dfb6950b1970ac7261a5c6d82d682b166d1215de86052d2bdded677b8ff38ad83370014e5d3cee29dc55d7818d959529c592392b4aceb774fe2a3efa01cfb7b8ad1d12f124df8e90a5b3a3fc3b78e6d5ed9ecac61be02ded3783cd6e08cd0d73f9eba0ad6fbf899fafa97e0eb436cee7dbfa477aa09fb9a75e4692b8aee4d7530df042ce797cb31a96dd1e2b32c5cb3af0a2d259547936b8edfe3e1aba1a00ae5c3c5749e0f034e7fb8f33d772445190bb381c784757dd4969ab975cefba948eba8150b70e48a5080c0e99f0cae117dded739b1730a856f0caba74de8ad0ebb86ef5ad60b18abc7ac95b94f31d74b38d074fbce43b7ec3cab7f28abf6ad17a77dbfee3de3137af7b3b0704dd4f57ddbaf6b830c907a2f0188dc76904fe291387de92717a04ee885bf0de98ea5eda2e6c94dab36cb2f71a76297d2a47d4a9f22ae39e12e5f51ba73c3770c9dc354c711a3874aa3b99165026e28db068ce6a0ec8e239abbc0a7fec00e4f2063fdfbea3fe38eef60defe4ea876a26eda9971ff332974c0531465ab36c832f7e93179ac9a7e180021dbaa178bed54b3d401f7de67b9e6a32b0eba2f5b052714f3970e0ef976a08e8b06488013f1e8df960934d17ef4f14a1d52e42de1ce2c0b9711df57d95da6a2569e26b16a894c2116fdabdce0bfb7cbb562dbe815728840fed74cf513876ea559fcaa1622d9eeb0179eac2717754c369e60ef60e5ef001851575d97cc7053dc98e7df5b007e5f56b6fe39f87c7f98023e028102b073b5f76f7d5d72539746b0470786cdfb03fd6dbb0ea167e0c4f0ee547e1f8b943de34151c32a17084b89fb1af18f1c1e6fd200e74a8fa089ba3705ce564a301d16e650d254d7cbd4c2a988491777a55e11c05b9cb016ede5afeba6fe83c1c39ed01b772f1f5904d3731257180bcc4e0c2e4860ac83e25bbb87ce16a98d3b400d6b56f14709e80c3ddfb598c967201ba6dc36ff3a5037827737347390c4400f25ad76ff836696fbfe1fdd0c6dc5519efa1bdf4da2fddfdbfbbf9a34af6f490e24a068ae10187e554d128810d0d5dcb36705c4a59289de6a1091ab83751e1e42f5b2185739f55c02a59ae300ae7fa8e7999c5a537406b7211d4c793aec21d3df58aa2583730f7d0af6e1c36573d08741c7bd1f7791fbcf73fb9eb271970783c4227edfd777dd853b7538ebae12f64980c04d3806c310d07bb5e5692311b9478ef35fef7f854505c3bda6b9dbff1e0f20d750a0c7d3202df6b00bcebd9b5d8b62580a352e14c0d5d8d0017f0ff7c4a57499712ddab2ec5ad9cd3bc18ae5b7d9757a1993bd979f6388c669c38ae8129d1efdcf66fdcfdaf77753835cef01211c7ce1e74150c6d5dfb26b75ea2c2a1dabc7a5449aeb478099a23a70e786eb4ab3e0657b9b0bffcd899d738ec032397e0cca5ae92fdfc7dc44b9490925117de599799341436b46b4c5351371ec3b92ea5762b6bc0a52c5138e5ae7cb92e2501ffa0d6d74ffaddca7b6efc0377bdf34c0f0c8f9870a8d36bb3bbf9da3b030a474422c28183b0d2717cb72fee72813ab99f43ee264602e6c46f0e684489b15e3bb9c7e7564af733974f3b603205daf3c6af7cfbcf32007385b41bb311efd9cd25446d8a586561e33785881d6c1698858fa5ac45e0823d7c8917785552e1247c38a708264ed4e60154393454b5f3bd171c28bbf6859eea0de61aaa8a2493112a70d2d08d94151fdbc64e5f3ce1db7fa6e70464f3a33ed854a5db73a41428c7ed74403fd4fd9b1275930ae99c2bd0534719e9803d4dcac1c6b39f75d980bb6f57572ee04db699db97b24ccc55e9c983d467ce6165ec3cbf0fd62fbfd3774cf7b9e3eefe37ba3b4260ebf04d52abc642fb4fbcc4152911f31aa74f3145e215df709a1050cd962df09a0b3a8eed16fb89e7fe19a2e33f7bbdf7e8b370e775ef718f3f71f6108ff1f0b84f3567e1ff30b772dbafbfcf41c42ff25c7f37df8f4006bf43090e8e7258438a705ba438c68f40dcf7a0caf1bea64a9652e354cdc09569ec9677e74af4e19323c5d404422870e78fb9d9c2534c8d302eab577a779c3c7fdc4dad733088f3fc6f6a38435a8e9e3e001b57bd4d51b04e476d0400c759ac77cf4df77919458cc71010a94886f7c420acd9e7074ec277b67f91832abf0713e74fc7f63af6df7f6bc9c25fbdf6531815532fe03599a6e12a25a863e0046c750ca03f8c67c6850dc2e73351dd4addb9b2369226a0c026bdccba0a644dc04d9a6085dc7fe2d72547619b19912e1babb841953b7c6abf038fcf6df35cc0fd9dfe5e22677bbbc08c186e79ad7b0f7c77c757e06f1ffd2c3cf8c34fc1890b87c43ed90bc4c97e4aa84df659dd3d6f40246abac58c3ae7eaa3265cc5e2ac3f48e64b275e92cf6a56464a58acc42d1bfe736c94f79f1c0fb6d399b8a78ab61bc34574e2a4ca15ae44e9889a49737ef0e6f852b67eae022ae764ec7062d653e7fae0d2d00598d7ec650c7b872eba0ac153f90cb01bafbeddaf58d2653394f43a7562434ce57ff3d13f87c3270fb8b3489b11d355443ce9a193bf71dbbe226c9f4c80a82ea5f3a713e72ec9b751ff3c29387ece763a21df112ff263ff7134ee32e44006601bee06580c167c24968165863d2e6c6809d3f6dc49275b8967c34e98d83460c9231974f4939ff89826ac6a800bccbc2cfbfef902f6cb8edfbca90846d306f4f619ec9c36bc7ae405f857b7fc5e89821922e6da7f7c3724138d5cf9d0bdec4ff5782ea0dab685bd355875c40ce189f38e6a819833c84dae48d109cc19e9f673241ec4aa5f62c811eb024209d47e2b06699a817ae240379781f477a938646ce7c6c2f3bdecf8045b7b7b240fef89e627e446cae5dc68013eb2f41cfce0ec127e373128fe85dcd5c8b2628ba32da1741aba2a4a9a748f95b82c9b599982c4a552cc151b30788545d579e1e0d3dc6d4c6546e0d2c0050e8accf261bd1f6080edd8fd7fdd395042158988519b3671665556140988d7c40144d56d7f55273ed8648696ba6eb53fcbe8a817c2b8bb10837b0448d7446df85a7306f61522ccdd7464720ebb8edba2c531b39161b0c9edb7b70df1bd8f30e88ac522f68ec6f68e9c021c08e8f828020d5d15264d5457b2927369206cbd7d11c7b114ca71a6b7134ef59c10f398509ffbe72a0d0dce9909fe8ca274810d679a3d23381b81eca2464aaab8a7704a8ce9cdfda5d67faf17b6376318859d8538bc8da957bdd85dcfaeebf6b8c5f659e18085c116badfbbc2db1874680f9fe14d274d02b8e09910405b4357054993a09cf940a3b422f3b38da488804de9de247b7530b5c2a405aa5b24e2242a4c911031e57ee6469a227633dc4ec0fea49d543bc3f07ae53bc783afffa21928f25c226c148913f53a65a2c76b47940ddb59b6e19f73758154be02cf65c226b7dfd63a041f5972165fb5b1d2c24a23f2cd4a5cc4753a915235c005e09353b381fa30c0cbf0294798b25deaf56093804810b0d2474c842d0095417c50badb83eea4fa258b2ca30f2605281f480a4c6a06d59778578e0579bcdb96e85cffcb76145e2c444b618332e095858d84c226edf6d661f840faf1ffca56b117f55c05bc042b31e145b9d0cd76f0aaa6f3b23be98fba6f8ae7c6c955fbfacdd02607379d6f2a0dcf41d0c28a54310e10558a5420e282a42a930a985b8240c118c5754d15d51437821fe4e3f08b5c64022ee458b04159d8e47a9b3d70d707533ffa56abd5bf1c4344569a455c975032986ee3f86c866ee602575242e6439c0271b91c8173172263ccc7afba81e5802a2d8494512b57a16809483041a0c63a8080ffbc3e179529f3a3c538fc7d1a3397632547a60e9b5c8d43aefd5d9927ff92417795703111ba0691c18c69e8aa4ce1d447dc4e3569824f98e9e9354360739026c42b9302aa8cdb3721a0bc0c4979a0c67caff71940bc78ce8b41091c642273ff681d6ccf9ad06b8f91899c126c9ecb594773edef49ef7c685dfe8d1b95b82ea9401799edd0cde476389fbfa766e1a60adc25061bba93b29af85dca717a259129edf2fcd532e726e3c5a213eda128b39a3239eab6051afc065260eb3b2d023bf2362c011bae366d4810509e6f0070380fd05d00f81043e4ceba89c2e6df1e85e2bc5bb27bbecc5e7ee1706cdd3e701b427cfd2d2d51e86ccb6056c7c33cdc7910e918b7ddb16d78d8844cc6e471557885a5e3d5e72901e5bcb7024095fbd8c0b7e134ff898670190fdab834b8f2d94cf92ed8069cc3c1a316559ea7e08cc8a04c87be9fc526121bee884d0e36679da92ad80db7655ffec6c2e2c56fedaadffcb8804df501f2e25df66c83ae6adae14a9328134f9ae47892c41813aacb53290a53a7753cd59af8f94adaf104784e3c4a396cfe095d4bfbac52f1bc851f146dc8120b7e3b4227059bba6365b1eb53f5a399054f34bcebfbc2a5c4040a8ec84d87281d3f53ad835735c373d2e90c3437374f3a698271dbc51e73fc01ab57c2edbb4ca026f25184288de2e2d903d47440c2640a6fcc07ea7bca8fef26479d0792d8ccfd7cd432e04cc1822d116bd2b049632af7fb1f18d9bae0f1c6fbfe5ad43753c91de415f026e7b268e0a657e132994c89da4dc406074db08ae4cd71fba600d478bb27321cd0778cf8b38920918821435e87029f43eaaa1eaaa161d9f01bf6dd658a001f312d16f38d075bf09959cef6566b70f307877ed4fe44f2defb07cc36e95e52e54f25023abbd695ae6a467c97340b4cc89564b1db8831a96c5ff8ce71a02a93b52453cc5a1252be4c043675580e00f15d9333bc07dcb63a99c9344503bfdabb26ca96d12881438609df2c46c29b16c260a3ca76b1394ef3edef4a3dfdd5abf2a7d681d76c30ebdaeaaa673c5c10b6093c2aa9b7373231a0c814812a03152153076a3ca826fbdef0e3826d8ca2c9c3ed6503bca3b6031e2b51032eb0e5e78b269cb2e8f8b0853537e0e8459a6bffadf4b30fadcbb9cd062a74b3a2d9a06a26110ab6c98da772d84f121fd53b1d40c10c02ca97ca20e54ae03c10d25bc59d114df427152a689a123a138aac7c2d45e195c1fa49c326cda476c32de9bd5fbe31b30fa7449b13025d4d2b5df5f434a130e19e26f870459cdfbf3adcbe8903351e54130e2dcb7c76c9c872c3713723dcb564256640b1c1866f772e80e7fb1a02b091716193dbb1d96063e6e057ee4e3df7afc1df07533692fb5ccc5a82aeba6238e5b71c2b67323c6c806591aa71fb260ad444a11abf670b947482264a2f1522c153fa66e26809042f56e700f9bfbbe7c077bbda4a3394e3c0a61ebf2adffdc7ef1ddaf9276c759ea2760d01e86a6ab441f58c87f3646ecc2c25aa1bce1f59364338896c5fe5df4ba152938e9109ee2453b8fee07e3ee05500698ad9c130c67bbe2f093d5903eebf6620cd54ab7e32b0c9edf38a7deffec0d0f6e4ae863bbe33106993d94be952e6c4b228dccbaacf60564dd2a4b4d13b1cb89111675e7c63c6c5519374fbc651df720a4542fa804efd6f2760b3ba5eb03390b74761742407f981b80b2196c32375f052dd5bff220fd1deb16123e14ac8ced1521cbafbdee19f3fd85a1c901d9f9b024a175105ba9ad5ae0a93264a3c17025d6ad4a88e38ea72dcbe8a01e5150a1658340fd9620a52a9340cf7e5a1bfcb84a1a34d307c60190cbf740da40fae82fcf176df639fb11c895ffdea8ee4bbefcf90ba53e5618350d8e43db58ee6db997bf9bdf599376e12ee6530a6ab890c66154d041be88a44c360233c769b0d6edf545d5e9c29d9a245b0ec02d89441966a002bcdea733e0134d30034cd3cc3a21172a3b3dde0594e3d2fa1039cd8cc6c214f24ef7d6073fab98fceb1066e9f0c6c72bb09b4e1a6d157bfcacefeb93712d7ec83f20d3755db07b33a460b805fd528d0d066389c796bfc8a5adb40a98650215c1cac4c0c683ecaa0aa079265c291651e5bde996392a8cd2dcaf3bfc7eabf2afb688ad77df8710cbadcb6c6f77de33d233b47e6177bef9d0c6cd2308379ebe89e87e6172e7dfbd9a63bb7079227d8dda820623a1baab02b5875755e1e631221ec3399cb19ee6f50c1470f4c09aa2b999441a0b014ed3c50a6f0349b0048370229d43925dd0aa6fbf00df03d9fbb5c3b278cb31dfcbf817c441076cf2afeb4f1dd7f7fe7e80b27d7e44efcd16460536d65befb93748418cf35deb11dfc333acb6f8743576d53f1550570ce9d34f0a3077e299ca384105a59a866804a050da1b268813fa3cdc836835d8882914b82996f8258be9155f9880f26d95939e892076f5cbe4e051032f6d05bef66bb3ad896fdec77d91f4f24f0f13f59c5d5c3623ddf70fb76a69c7475bef363e00e38201398eac1b355b9ae4fe057c5a0db065e07672f98169f594dd055c57838b5915b4d9a442936dff4f0ed990ca909a0e47b8b32c6b28b3cbe22c538180ca84801c16a02c34ab840959dff256cc6b390d983822ea3f2de5dac74b3759cdbbde3c73ffee1b3f23d226921e32b53014142673f97bc633b4d11824a47c79888681ce8f029969441f71884cdbc214ab5c4733318381a4c9994dc95a346822ff379701aba67b0db57eebd967407ad3c9f83dc28242192672ea0550f31ab81c135373481a1de783c050baa19945532b5343636a217d13dd0dfff30828590fde091efef1feb6fc0ca2ddbc5c03fbcc65697cf276fdf81cbd5b9ce8f4d06b4a0d2e54974e4a5e45b9f0a421d004f0377193993c190ac899234f1bedf74da28dbd03d13a092564077502857b43087ab56d46a66a515a2c566207674ec8445a882a9e3da68a89aa9f0cd9d3b17e6cd9b0b4d4d4db074e952b63e0feaeaf87c0aedac6c0667c6ebee471efec771ffc610e87cae9e581a0cbaed78190cba8f4ff5fb5c9b3dfec941b3b9e770e29abd227eb394620bd59df1aee58c7ea6d7673ff70597aa152b56407b7b3babac5e7cf27aef53409af7424f4f040a45f2a603e5c65922c6c20c2129c6206a374384811567609976126276ab930d948a33c6ba8428dc750c533e673d1a8d31b8e6c0e2c58bb982216408d7040d6f765b5979e09aabd79e1cef60a54d4cce5d1211d9457441b0111bdbd4daee1a79fe7dab72dd7f3cd5ef3c4be2277fd6fc8ecf0d465abb44667450246cf202420ddce5d8fd9ffd7c2870729af1d7fb9e04abe115b8d813bda240c96f0eaf05632c4c6410db146035411d9d03119a8484bd70828ae525256c5f82c2cb2ada63c0d7d6d6c6a04ac29c396db068910358535363a57e068ce3b68c075e087418d761ef7f9c89191bb09b0574f75d0e74e7a20b1f7baaf91ddf13c17baf800e933605a9b03319baea984448c670ee6399bc001f67e19a0a581301cae70eb218cb4962142041178061d731b092d0008b214edbc0a0b15070265a42b281a1aea365d910894420cedcc0782c06c96412e632f55ab870012c5eb4683abe7aee661e3e72f421a1784363b8976a1c0742797cdfe4738d776e75e2b2a941b7a0d0732f5bfc1326a6c199525ded8132e3e3b8190ddc987d2945e6722c579290c96b3b6f2c16ee60842620465ba10edaa08dcc653e5223f391e63a2a4b9c9b80a33cf2196dca8886607abddc7ac86cd2b82c160b5cc91209760df13898a6090df5f5509748f8be0ffcfcc1c12118181884ce135db0feda75d0d6da3a1d3fc7a759b98f81771f836eff24a1830074db28107375ae6bd2311d7692be2e7d70e381fa0d031032525c0357a94c65a0e3b2fc97cf8fd1bb64bc2e4e769127320c1a810499c3fc9f16a837e6418c3441a3b9b4bcfb0765d2ee5358e7b14926c3ff86baba0453ae38c4e3751c342cf2f1caca13477d9f2dfb35e2eb6c2e07afbcb20fd6af5f074b164f8bda6162a58341872ee6231384ae18f6cb3cdf78c7f63c89a7afce1efd381f693009eb8e2f3f2f405361d3c0552053e9478f82dbad4b26e18a1619f7ab2e0a7710dbb61acd25ec8fae873883aa397a15070cdd415969edf1ba364da2047b6658c522e40b79b6b4789c85ca158b46e1aae5cba1a1a1c1f75ef53a3cc526a1ebce53553df08e1e390af3999b198d46a7eba7799841d7cda07b768ad0f1b6bb979337ff7c20d2dc7b6b6acfe7270adda5c89c3dc36653baf48e5c1d56352ea5fb3cb6405ca30a196f2c16ee609434b09284a6c85248c617409dd10c0de68232fd03c3bb8c8de7d296030b0baa568e290ec65bb1b8136b251b5861a02558fc256f1c6160850125b7955b57c12b5a168c8ca4a0adad753a7f9ead0cbaf649c47445f0b7a1e17af168ddda3d06a55fb83ebdff937534b77ccc1b2718993d0d373e29922439a579a06afa55ce78e0d4cae46b83934993420e1a22f32161ce8144b4051a230ba135d65ea2164137b06c5c0863f5d22805d1b28a904933b8f279a8638a55c75dc2182c5bb694a958138fbdfc508348f73b75110772dab61d0a57f03b9888cae1d262c08d8e4e3b702d22aefb52b903cac474aaca71f80e27aede7b213aff73f70ceffa74939dbaa91c6ccf37defebf2e46179c046f3259095dd50037a3fddecffcd9fdee97884d02cbdbdb95b6aac9b44f851715c489b892a85805065684b96ae80ad6d727a0b5b5558065b82eb0da30efbedfa68a3b4c7d7f87fa3704af437d2dd7c3b6a9ebdd5d9df0ce77be8341bf6cba7f22742b578c77d0184d06d8e28e034d1b05c0ad37a7f6be7d6deed88762b43857be69c06c39b43b79cbe302b63ed11cd08fbb44b65282874d02542b5c25b294107401c3bb364d2ac61a43c18a85020c8f8c401453f04cb9eaebeb61d1c285d0d8d40811d32c4d8352eace7aec4c31eeef608d3361c96bb7d5342a554f434b1ee618a674612ae764368b70e6f469181e1ee6d77c05ac7d22078d93bd94dbd0352cec49def4142b2faec91e5f1bb773cd7d91b6c1f3b1459784a2215cd8ee3624542ea870ba59a05259ca42a1386ed7a689c65c6a41f72f1e8b437373138fb3b09b13361afff4a73bd9f628ac5f7f2dc4d81294071fbacfde561c044aa897d9716619e7331cbb6e306eb0e56d5e4c3accdc49543977c239eab5290663b52078ea7e742107fafba1b7f71257e11b6eb81ee6cf9f3fa37ec931a05363bc8228a96375ab07850a1a627f46409712e0055d4a9d34a9649632c5d4267c9cd6c463ae7a4cb5333710979815c4128d4614c5f02afca64d9b60dbb66d5c2dd6ac590b8b972c164f1b25ee238afd02e750e641a680254d541d83fdb3451d511f9355ba0e651324b8c4e9df53a9140c0d0ef01b12ba94b7dc720b2b375f91dfa7b7b7b712d0a90a6709e046c1dfa86d0b38b3a264046c0555ddf468810ab9946e5b14d0d027a1060b4eed96483440b2a19ea9538cb767a14b28cf25eb3219a3657ce9d22570cf3df7c0eedd2fc1ebafbf0e9d9d9db060c102a61cf37807e092605840e85c03f1544d6456b9c051a184c2ed74dfa7ac53dfbabf4900950c152c9bcd423a9d863c8b27d1f5455bb366355c7ffd26dedc70a5acbbbbbb124a275d414ba8555e00271ffc21ef42c5800a5ad596a19cf14993fff2a77fd625e384e69666d8b8715349bf42042a623a7116aa17660a3115ef298137c77e1870eeacc38ac2a92a820af2eaabfb18705dfcbc262bb8c4de1cc9c62457c938cf4ed681892ea29066aa74f1f2254ef8365b5957131fb69b40c16d0818c665050615c2c50163af7961dbb0b901e3cab56bd77077f84a1a82ffc31ffe982db39bfef6a1bfd93f95730492296a42c500ff33e5d4e6042bd0b4505523be677ceb3c836e23ab805b5a5b5bb76cb8eeba0ee60eb6d437d46fc264464274732a551b5231e0e47b11bc3367ce4057f7491861ee6d4480172c98b9c406676c0e70b645f9c4a984cf64eccce948d8d2906e22b69b09886ccb76012b140bdc4d745f8bd2dcd4042dad2db090a92dc69dc1e4d295b21d3b76c2d9b367f0b33733e09e9dea7902d0a9994cf575d8a053a836d8aa02b8a03dfd8b67beb860fefc07c6fca3a60138f55c58f1317e191e1e81fe8141de549067db54f0103abe94dba2de7a54bcc68ec8782e0f2a0f2e0e288316d513cfd5dcd4c8554c8e7b5341bbd2c03dfbec7370e4c851dec9e072811b03bc71b369d538216ca4da2e187b5034616f8d32ea76250cdd581c67b6640929713fd10d348801236cdd104a864b621a7c3bdf6610d1e0ed345263fd31995b8c6ea4841520bc21fecd3474695f7ae9653876ecd8b46431057874a2c756a345aaf1a22ff5f6f1ceb9a669cea8ebc23169b2a9a0a5a5d98305bc871f0655a934c33a33bff3fefe7ef8f5af5f60cade37ad9fa31f393c030defb47d7dfd3c63a86dfaedc0810370e8d01b9820d15fc62c048ecf75822e1b76d265f11cef56a5adf28649a2bd7b5f65aef2088f37b5cd4ee03ae40ab6479d3d778ecfd7917026c2d15601c3f6b523478e713752ed58ad6d96ba94aa6186efc2858bd0984cf2b809930edaa6e0a6170a70eae429387aec1853b4516544c3d8de462532941ab82ab4d4680a46474779ea1cc19bc6c1973565172e5c8053a7cec039e629a09a4d4ed1c843fa1b9ca5c079e08dc2683acde7ffc046e864b241ffca8a611b5f7fff005cbcd803e7196c98809aa2dbd84d88066e3600d73d9183d2990c64b2193ec10e8297483800ce46c30453efa55ee863a0c9b88c77279b7a7c36c860bbef6fbef1b5218dd0e48c54e345ffe4f1edbf623ff8667f8f10315c46e93d22b7b93d4688336200fb3de2c86c6cc09e4a4f93d2fd816b002819a9eeac4fa61daedc0874675ff01c6a4c8b0a3f34342c66f31a70fb6a6223bbeca7298173fb728a6db6d8a6bee6132e59b6eceb39c8b66dfeebaf3fb85fe3337b5cca07c099a074d296c9667991436d24784e89f265b5582693855c3e07e97486c5af691ec362e6d65660a9b06186788b866d96291cda635b77fc898c2126a3703e4502ef38f77dec1f82875daf5009711f4e5b8786dbb177cb955238ec918f6d8d857cc11d29c021c3213aac84a956b972b90ac794ed21b6fec0835ffdb27623672370688f6ffbe91751ed2a0d9cfb5e754a0331e25b9e0b3b15cbfd0821c228df2fdd4ff7eb0d3ea949998b0541421024141cb2a2c53b06f3be96d841982f3d48ac31209a06e07631e01ef8f2fff8924effcf76e0d0b66edff97eb6789855f0962b095c582ce7db06507a2d621fafc89657d94b0b9d09c075a3a27de981cf3fa231d1c0f96cdb8e9d389fe143ac5adfa781bb6ce076b16d0f7de1bfdfbf4de3a1811bd3b6ef78e26e56ab1f90194c0ddc84811b64eb0f23689ffdf3cf9cd45868e026653b763e7937abdc5b58fddea2812b7b2c42b6955dc3d6cffce9a7b59a69e02edf9ef8d9d338286d8b031fd9a481b33ad872177bbdf5d39ffa844e8268e0a6cf9e7cea17cbd95f8baee67dec252e5b6601701d5810322c1fffa3ffa0dd450ddc9b634fffe299bb19069b9c780f98fa91f62a07ae5b02e6a4f269c7bfdff261dd66a6819b99f6ccaee7d0fddcc4d040f563f0413b7743015a661870bbd8faa050ae6e065cf7bffbb7bfa7dd430d5cedd8f32fecdec8c1030e61bb8008d5b145018ebf9e0270dda248e0d83aed16c07533e0ba197083efbaf71dba3b95366ddab469d3a64d9b366ddab469d3a64d9b366ddab469d3a64d9b366ddab469d3a64d9b366ddab469d3a64d9b366ddab469d3a64d9b366ddab469d3a64d9b366ddab469d3a64d9b366ddab469d3a64ddb9b65ff5f800100ee63ddcac18541a50000000049454e44ae426082, 'application/pdf', 0x89504e470d0a1a0a0000000d49484452000000dc000000a0080600000067ba023b0000001974455874536f6674776172650041646f626520496d616765526561647971c9653c00002c024944415478daec9d099c1c577de7ffafaa8fe9999e53f7658d4e5b32b2e413e353c18135e132c9ee66f301823ecb7e36b004c26e966c0c0b982c04074270201bb22c1b6c3e0b641363eb40c63660641b5b3692ad9164d93a6746b7349a7b7afaae7afbfeafdeab7a555d3d977ae4e99ef7d7e7a9aaabaaab6bbadfb77effffff1d05a04d9b366ddab469d3a64d9b366ddab469d3a64d9b366ddab469d3a64d9b366ddab469d3a64d9b366ddab469d3a64d9b366ddab469d3a64d9b366ddab469d3a64d9b366ddab4f9ec995dcfddfdcb6776ddadbf096db56464a65ed8b6ed3bf745a3914d91481428feb329d8b60d3665c5a61dd4b6076d2ab639659052da81eb54d9ced677856cebf8d87ffce890fef9b569e0843dfad8b65fb1c5665c374d8303679a26430f383c9e3118d94bcbb29c57d4e6aff118a7d890cde67cc0a9002adb39b094432df639ebbbe43665d9c1968394bfdf669fcdcf33f8570f7e65bfae52daaa12b87ff9c9561738f76209610597865817af816f04c310db8078fb8dc06be5fd08552e9775be06a27c216c9f552c422a95e280138e35a7992f0bf9020c0d0db970db023ca6bcec7c39e8efef57b7ed0af9f33a58190c6c1b14db7df6ed6f7df3595d4d3570d36efffce8e33ee00cc3e0b08080c7504002e2016528eb0e87b8cd70618390e3e4394ab6b99f2b4156de6f78c7382a4915550d2f232323901a1d75c0a5d45362f66f946d4f8fa6f93a504fc57199ce6420934ebbdf8d19313bd84d63104f303838088542a12cb0cc428167206b975a03e7d9fffb97c75ce09c0a6ef860082fc0e192a079a008a5237e0574a11130a99fe329aa032294f93c0913022741b2cb006753e5181fa0b60ba0edae3b71ab04321c68cf7d46459580cad7087191c1488532abef45808be8868b7da661749b914837bee6ef630a8fdbe3b1d82ef97eb401a6de0185ee66f09ed4284dcc22d57199b4a4b28f14cec3f1d413585140481fc4e83c881af59e9281544480d6c4528899f50a70e0c236a77e19c4230d2e682a6c2414365060e375d6adb8c18aad16086e93ffc439bce39c13a9fb950f52cea1bc27f0b968f5f5f5a5d08bb835994cbaeba2b48b02c9c64675fb66f5fd2d2d2dc1bfe901f6515fd228d514702410c3b138cace42a4fe223424a27cbf53c77add4a2f6fc93206ebcebee86d10f5575ae66201a89f6ffe1a55654efd6a9f2320d750ade635ac712b3d807fb9a8f16ae75a64a5161f1a3512d052b74480540a1ff8123ee0733b3dee2454e3bbb125d0cb3f31b0ad1cb8133d9fb62a072ef863ba6e9ee3fc4df25cec6e1f8fba50110ea877fefaba98784ddce3a9fbde0b02682ab556dcd909f4642f7a8007403d9d7ad6f7f932f552b46cb06ccb0fbd789f4162d0185de8aa9b7a8c01516888ccf7f6294b93c4a131b2b01460b6ac23cd10234de3c23711103d95f5d6357235081c094984f0753a39e8405127efdc95bf768cf9ea6231576955e06291c035f1fdc4fd538ab49f1f4a1579a66243cebae4c2a92a78d12ac0b91c0df93b11fe82076f40c523a41e629054ce47ddf747a00e11770e2502708342b3b5062234a978121ab99a5538b709408272d9bf35360dc0b4c277457e4423ea131e1538203145ad49c90d284f33ca7e0fc61c64d972d077d3b0491e12b0104cdae08b49b5d51070081aaeabed6d8e7b59393aa8ac8c36784d7244578eb2ae829a00d2df486d254df047757a9104b385d3910b95f114e1297999a0d116b839c9d82ec413d156e5c079ce1f04609b7e12a84d1cd123d5ed724ec74dd0854d03579b311cb8311cb8ed6857ca782c44f133e9ac87ce17bbe918aeb6932600fede2257da6c11e7495793cc4ee2fc8df89aa1da4b9a00803f6eab6cce64cae019e4cdbf962b6d16c9eb18ee32cca88a7841c952baea36037c3b9b0f0bc2586f76541642e39023fdfe9e351ab85a4d9a041abf67d25d9f414750f18cd9a0763a869b35319cafa7c90cabd978b9c5a2039d61d4306eb4b469405b0d0227633715bc9968d84d128b19a95db5a36ac2442b5c6dc470c14eb4beb16c30f314ce7fed04704ca8e8a35c630e252de96da2ad4680f3ad13d5b5ac06f520ccc524dccdacbd104e0fd1a9399732089d3aed4135f5b9b2b1b70afb3b2266adf454a13a86ab45852bd10b7572a02a0b8f5c17d3ae05dcc03f164e2b5c6d285c499612887f22a02acc4814988b699a144ca3ba89f34d19a119aa51e0dc5e1dde3c23d5685691d166da0cbc2a762995f95bb4c2d5884b591a8cfbfb51b62596423a5ba8ca2fbd68196059d579c370a79fd059ca9a8be1bad54c989b2f11e0c523f555fdc56306d3aad666037f9672b3c6a8365ccaeea04fa9ceda456a20e5874a879577a6f44c71a769b0a174da85a04ba9cc1ca6ad06800b9ad79dcb3f3372b55b81b99611b872d061a6d4999e5d6dbf269382d2038dea10ae669326307d532bbcf94a47c0a4b4a28914040a5d566c07b4ecc9833556d2040293d76aab21e0bcf1709e2b496a70b2118ce9a63aa29c8a614208ae55040ed874b654520abaa749adba94257d29956701d49a61e37834eabf9778131bc9f420714726c8ae63a8625736ced35dbb6adea554658e4085932634e4b37dd32913a5e2079681f92085c3e54dfe4ac3c1715e13f146e2ba6912bae07b10ac4281f0a236291032765398fc9a26cac544bed6e074ebda6a3669e29fbdab72ae913237a50f28ea0204ee316a1df3a64687c079a842a6d0681facea7bd4e403c65e081df64841b8f279560a24000c0d05495d9f2c68a5e7206520f483a605ae569326214fb1b97c61f31e90a12a9b276ec4eba86bd3900aa93e3d2700b07a1e0e1bf5c14ced1075a48e8b58283a230d5417ce9f4072c4d19b2eb0345bc8075828fbcbc1110433f8b53a0a4a7c6a1af6e41e6d35045c306eab94baf1ca6f7b80c8cec53ed500a93cd4e742962aa50391ad3ec24a3d0b21fe63958270a19a15d5de2794fa9450a58d005196d477bc1f4c757f105c12f0a603cf1f08e4a53cf0f413746adea5e43d4d02ae64a5a08b479330bf6995db2e35903a0f83a98ba23e523e0bf3f279d741fbfc8d62ff05d877e269c741140f1459d0ba0ad62e791bdf7fbeef047bbd526c5fc9cff5b3bddff5250daf5e722bdc7af57b1dd82c80bfdbfa790e06cf52b27f8be6b4c3fb6eddc2cf71a6af8b2f17b36d68995c0a1ef9f9d7c50326d9f10c8285ad57c1efdcfc872e303ff9f577d8e7f68aac273e58a41e7effae4fbb503ef28bbf8404b16199e17575396d9b90a6aa1b493d371eff33c293263a86ab5197121fab1b8fc72b1fbf31e5faf06f3de46e7ffdd4f3f0a35f7dce851aabe85bd7fe2eac5b76077f4f263f027b8f3c29dc5b27e1b176f1db60f3860ff1fdbfdcf70306e80658b968a3fb37ec78e91fdcebceb1986c71eb5ba07dc106f71a16b62e8773bd5d1c22acc02b175e0bab165dcbabf2e94b9dd037dc03776e78b7ab76eb96dd04874eee11e7a4ec5ceb61c5c2f5eef776f5921be1c5d77fe6eebf6aee35ec86718df8fbf6826551fe249ccdd12c6c8a78fd5111b8a356043a0a51d85d8c39d019844f07887f2a31fc8f57d60ddf93b7aa9862014b3e5fa898c2f91ec6c814a3fbe23ef7f5faabee8462c106ab88994167d9d2b0d0dd9f8831456c5ec9b63bfbb0f22e9f7f9dbbfff8d90e78adfb05dfe7ad5d7c2ba44629f4f503a4460016b5aef0ed7fcbf25b9ce7c6e139d9f95632d8a41d3d7d10f61fdbed3bfedae537b3e36cb7ac58b8cee7fbddb8fa6e762e4b9ccf866b96dee8ba909de75fe7c0a498b87d27d3c08b54b67a46d526b3005bead2f095fa61d840f2ee393864360d3c0c52377cd70c70e5827b98862c65d745ffb3e8af9abf89c35614d02d6a5beddb8f2e66a1603bc714b0c26f742bf4b1d3fbe0e0f1e77dc7af59741b8c8e507e6c9181b066e906dffeeb56bd15ac820084ed5fbd5801eee401e81dbc08677a3a3d4057dce21e6bb173ae5200455b3cb71d9aeae6bafb55200f75eff19ecaca4a47310a9f4d35c291a2e90be0e632f83e91c8c047626976dd9673f3b1e4238b6ddf33c7bffd3fff4193544b0ae7a6002a9ca594d0bd71f239dfb6950b1970ac7261a5c6d82d682b166d1215de86052d2bdded677b8ff38ad83370014e5d3cee29dc55d7818d959529c592392b4aceb774fe2a3efa01cfb7b8ad1d12f124df8e90a5b3a3fc3b78e6d5ed9ecac61be02ded3783cd6e08cd0d73f9eba0ad6fbf899fafa97e0eb436cee7dbfa477aa09fb9a75e4692b8aee4d7530df042ce797cb31a96dd1e2b32c5cb3af0a2d259547936b8edfe3e1aba1a00ae5c3c5749e0f034e7fb8f33d772445190bb381c784757dd4969ab975cefba948eba8150b70e48a5080c0e99f0cae117dded739b1730a856f0caba74de8ad0ebb86ef5ad60b18abc7ac95b94f31d74b38d074fbce43b7ec3cab7f28abf6ad17a77dbfee3de3137af7b3b0704dd4f57ddbaf6b830c907a2f0188dc76904fe291387de92717a04ee885bf0de98ea5eda2e6c94dab36cb2f71a76297d2a47d4a9f22ae39e12e5f51ba73c3770c9dc354c711a3874aa3b99165026e28db068ce6a0ec8e239abbc0a7fec00e4f2063fdfbea3fe38eef60defe4ea876a26eda9971ff332974c0531465ab36c832f7e93179ac9a7e180021dbaa178bed54b3d401f7de67b9e6a32b0eba2f5b052714f3970e0ef976a08e8b06488013f1e8df960934d17ef4f14a1d52e42de1ce2c0b9711df57d95da6a2569e26b16a894c2116fdabdce0bfb7cbb562dbe815728840fed74cf513876ea559fcaa1622d9eeb0179eac2717754c369e60ef60e5ef001851575d97cc7053dc98e7df5b007e5f56b6fe39f87c7f98023e028102b073b5f76f7d5d72539746b0470786cdfb03fd6dbb0ea167e0c4f0ee547e1f8b943de34151c32a17084b89fb1af18f1c1e6fd200e74a8fa089ba3705ce564a301d16e650d254d7cbd4c2a988491777a55e11c05b9cb016ede5afeba6fe83c1c39ed01b772f1f5904d3731257180bcc4e0c2e4860ac83e25bbb87ce16a98d3b400d6b56f14709e80c3ddfb598c967201ba6dc36ff3a5037827737347390c4400f25ad76ff836696fbfe1fdd0c6dc5519efa1bdf4da2fddfdbfbbf9a34af6f490e24a068ae10187e554d128810d0d5dcb36705c4a59289de6a1091ab83751e1e42f5b2185739f55c02a59ae300ae7fa8e7999c5a537406b7211d4c793aec21d3df58aa2583730f7d0af6e1c36573d08741c7bd1f7791fbcf73fb9eb271970783c4227edfd777dd853b7538ebae12f64980c04d3806c310d07bb5e5692311b9478ef35fef7f854505c3bda6b9dbff1e0f20d750a0c7d3202df6b00bcebd9b5d8b62580a352e14c0d5d8d0017f0ff7c4a57499712ddab2ec5ad9cd3bc18ae5b7d9757a1993bd979f6388c669c38ae8129d1efdcf66fdcfdaf77753835cef01211c7ce1e74150c6d5dfb26b75ea2c2a1dabc7a5449aeb478099a23a70e786eb4ab3e0657b9b0bffcd899d738ec032397e0cca5ae92fdfc7dc44b9490925117de599799341436b46b4c5351371ec3b92ea5762b6bc0a52c5138e5ae7cb92e2501ffa0d6d74ffaddca7b6efc0377bdf34c0f0c8f9870a8d36bb3bbf9da3b030a474422c28183b0d2717cb72fee72813ab99f43ee264602e6c46f0e684489b15e3bb9c7e7564af733974f3b603205daf3c6af7cfbcf32007385b41bb311efd9cd25446d8a586561e33785881d6c1698858fa5ac45e0823d7c8917785552e1247c38a708264ed4e60154393454b5f3bd171c28bbf6859eea0de61aaa8a2493112a70d2d08d94151fdbc64e5f3ce1db7fa6e70464f3a33ed854a5db73a41428c7ed74403fd4fd9b1275930ae99c2bd0534719e9803d4dcac1c6b39f75d980bb6f57572ee04db699db97b24ccc55e9c983d467ce6165ec3cbf0fd62fbfd3774cf7b9e3eefe37ba3b4260ebf04d52abc642fb4fbcc4152911f31aa74f3145e215df709a1050cd962df09a0b3a8eed16fb89e7fe19a2e33f7bbdf7e8b370e775ef718f3f71f6108ff1f0b84f3567e1ff30b772dbafbfcf41c42ff25c7f37df8f4006bf43090e8e7258438a705ba438c68f40dcf7a0caf1bea64a9652e354cdc09569ec9677e74af4e19323c5d404422870e78fb9d9c2534c8d302eab577a779c3c7fdc4dad733088f3fc6f6a38435a8e9e3e001b57bd4d51b04e476d0400c759ac77cf4df77919458cc71010a94886f7c420acd9e7074ec277b67f91832abf0713e74fc7f63af6df7f6bc9c25fbdf6531815532fe03599a6e12a25a863e0046c750ca03f8c67c6850dc2e73351dd4addb9b2369226a0c026bdccba0a644dc04d9a6085dc7fe2d72547619b19912e1babb841953b7c6abf038fcf6df35cc0fd9dfe5e22677bbbc08c186e79ad7b0f7c77c757e06f1ffd2c3cf8c34fc1890b87c43ed90bc4c97e4aa84df659dd3d6f40246abac58c3ae7eaa3265cc5e2ac3f48e64b275e92cf6a56464a58acc42d1bfe736c94f79f1c0fb6d399b8a78ab61bc34574e2a4ca15ae44e9889a49737ef0e6f852b67eae022ae764ec7062d653e7fae0d2d00598d7ec650c7b872eba0ac153f90cb01bafbeddaf58d2653394f43a7562434ce57ff3d13f87c3270fb8b3489b11d355443ce9a193bf71dbbe226c9f4c80a82ea5f3a713e72ec9b751ff3c29387ece763a21df112ff263ff7134ee32e44006601bee06580c167c24968165863d2e6c6809d3f6dc49275b8967c34e98d83460c9231974f4939ff89826ac6a800bccbc2cfbfef902f6cb8edfbca90846d306f4f619ec9c36bc7ae405f857b7fc5e89821922e6da7f7c3724138d5cf9d0bdec4ff5782ea0dab685bd355875c40ce189f38e6a819833c84dae48d109cc19e9f673241ec4aa5f62c811eb024209d47e2b06699a817ae240379781f477a938646ce7c6c2f3bdecf8045b7b7b240fef89e627e446cae5dc68013eb2f41cfce0ec127e373128fe85dcd5c8b2628ba32da1741aba2a4a9a748f95b82c9b599982c4a552cc151b30788545d579e1e0d3dc6d4c6546e0d2c0050e8accf261bd1f6080edd8fd7fdd395042158988519b3671665556140988d7c40144d56d7f55273ed8648696ba6eb53fcbe8a817c2b8bb10837b0448d7446df85a7306f61522ccdd7464720ebb8edba2c531b39161b0c9edb7b70df1bd8f30e88ac522f68ec6f68e9c021c08e8f828020d5d15264d5457b2927369206cbd7d11c7b114ca71a6b7134ef59c10f398509ffbe72a0d0dce9909fe8ca274810d679a3d23381b81eca2464aaab8a7704a8ce9cdfda5d67faf17b6376318859d8538bc8da957bdd85dcfaeebf6b8c5f659e18085c116badfbbc2db1874680f9fe14d274d02b8e09910405b4357054993a09cf940a3b422f3b38da488804de9de247b7530b5c2a405aa5b24e2242a4c911031e57ee6469a227633dc4ec0fea49d543bc3f07ae53bc783afffa21928f25c226c148913f53a65a2c76b47940ddb59b6e19f73758154be02cf65c226b7dfd63a041f5972165fb5b1d2c24a23f2cd4a5cc4753a915235c005e09353b381fa30c0cbf0294798b25deaf56093804810b0d2474c842d0095417c50badb83eea4fa258b2ca30f2605281f480a4c6a06d59778578e0579bcdb96e85cffcb76145e2c444b618332e095858d84c226edf6d661f840faf1ffca56b117f55c05bc042b31e145b9d0cd76f0aaa6f3b23be98fba6f8ae7c6c955fbfacdd02607379d6f2a0dcf41d0c28a54310e10558a5420e282a42a930a985b8240c118c5754d15d51437821fe4e3f08b5c64022ee458b04159d8e47a9b3d70d707533ffa56abd5bf1c4344569a455c975032986ee3f86c866ee602575242e6439c0271b91c8173172263ccc7afba81e5802a2d8494512b57a16809483041a0c63a8080ffbc3e179529f3a3c538fc7d1a3397632547a60e9b5c8d43aefd5d9927ff92417795703111ba0691c18c69e8aa4ce1d447dc4e3569824f98e9e9354360739026c42b9302aa8cdb3721a0bc0c4979a0c67caff71940bc78ce8b41091c642273ff681d6ccf9ad06b8f91899c126c9ecb594773edef49ef7c685dfe8d1b95b82ea9401799edd0cde476389fbfa766e1a60adc25061bba93b29af85dca717a259129edf2fcd532e726e3c5a213eda128b39a3239eab6051afc065260eb3b2d023bf2362c011bae366d4810509e6f0070380fd05d00f81043e4ceba89c2e6df1e85e2bc5bb27bbecc5e7ee1706cdd3e701b427cfd2d2d51e86ccb6056c7c33cdc7910e918b7ddb16d78d8844cc6e471557885a5e3d5e72901e5bcb7024095fbd8c0b7e134ff898670190fdab834b8f2d94cf92ed8069cc3c1a316559ea7e08cc8a04c87be9fc526121bee884d0e36679da92ad80db7655ffec6c2e2c56fedaadffcb8804df501f2e25df66c83ae6adae14a9328134f9ae47892c41813aacb53290a53a7753cd59af8f94adaf104784e3c4a396cfe095d4bfbac52f1bc851f146dc8120b7e3b4227059bba6365b1eb53f5a399054f34bcebfbc2a5c4040a8ec84d87281d3f53ad835735c373d2e90c3437374f3a698271dbc51e73fc01ab57c2edbb4ca026f25184288de2e2d903d47440c2640a6fcc07ea7bca8fef26479d0792d8ccfd7cd432e04cc1822d116bd2b049632af7fb1f18d9bae0f1c6fbfe5ad43753c91de415f026e7b268e0a657e132994c89da4dc406074db08ae4cd71fba600d478bb27321cd0778cf8b38920918821435e87029f43eaaa1eaaa161d9f01bf6dd658a001f312d16f38d075bf09959cef6566b70f307877ed4fe44f2defb07cc36e95e52e54f25023abbd695ae6a467c97340b4cc89564b1db8831a96c5ff8ce71a02a93b52453cc5a1252be4c043675580e00f15d9333bc07dcb63a99c9344503bfdabb26ca96d12881438609df2c46c29b16c260a3ca76b1394ef3edef4a3dfdd5abf2a7d681d76c30ebdaeaaa673c5c10b6093c2aa9b7373231a0c814812a03152153076a3ca826fbdef0e3826d8ca2c9c3ed6503bca3b6031e2b51032eb0e5e78b269cb2e8f8b0853537e0e8459a6bffadf4b30fadcbb9cd062a74b3a2d9a06a26110ab6c98da772d84f121fd53b1d40c10c02ca97ca20e54ae03c10d25bc59d114df427152a689a123a138aac7c2d45e195c1fa49c326cda476c32de9bd5fbe31b30fa7449b13025d4d2b5df5f434a130e19e26f870459cdfbf3adcbe8903351e54130e2dcb7c76c9c872c3713723dcb564256640b1c1866f772e80e7fb1a02b091716193dbb1d96063e6e057ee4e3df7afc1df07533692fb5ccc5a82aeba6238e5b71c2b67323c6c806591aa71fb260ad444a11abf670b947482264a2f1522c153fa66e26809042f56e700f9bfbbe7c077bbda4a3394e3c0a61ebf2adffdc7ef1ddaf9276c759ea2760d01e86a6ab441f58c87f3646ecc2c25aa1bce1f59364338896c5fe5df4ba152938e9109ee2453b8fee07e3ee05500698ad9c130c67bbe2f093d5903eebf6620cd54ab7e32b0c9edf38a7deffec0d0f6e4ae863bbe33106993d94be952e6c4b228dccbaacf60564dd2a4b4d13b1cb89111675e7c63c6c5519374fbc651df720a4542fa804efd6f2760b3ba5eb03390b74761742407f981b80b2196c32375f052dd5bff220fd1deb16123e14ac8ced1521cbafbdee19f3fd85a1c901d9f9b024a175105ba9ad5ae0a93264a3c17025d6ad4a88e38ea72dcbe8a01e5150a1658340fd9620a52a9340cf7e5a1bfcb84a1a34d307c60190cbf740da40fae82fcf176df639fb11c895ffdea8ee4bbefcf90ba53e5618350d8e43db58ee6db997bf9bdf599376e12ee6530a6ab890c66154d041be88a44c360233c769b0d6edf545d5e9c29d9a245b0ec02d89441966a002bcdea733e0134d30034cd3cc3a21172a3b3dde0594e3d2fa1039cd8cc6c214f24ef7d6073fab98fceb1066e9f0c6c72bb09b4e1a6d157bfcacefeb93712d7ec83f20d3755db07b33a460b805fd528d0d066389c796bfc8a5adb40a98650215c1cac4c0c683ecaa0aa079265c291651e5bde996392a8cd2dcaf3bfc7eabf2afb688ad77df8710cbadcb6c6f77de33d233b47e6177bef9d0c6cd2308379ebe89e87e6172e7dfbd9a63bb7079227d8dda820623a1baab02b5875755e1e631221ec3399cb19ee6f50c1470f4c09aa2b999441a0b014ed3c50a6f0349b0048370229d43925dd0aa6fbf00df03d9fbb5c3b278cb31dfcbf817c441076cf2afeb4f1dd7f7fe7e80b27d7e44efcd16460536d65befb93748418cf35deb11dfc333acb6f8743576d53f1550570ce9d34f0a3077e299ca384105a59a866804a050da1b268813fa3cdc836835d8882914b82996f8258be9155f9880f26d95939e892076f5cbe4e051032f6d05bef66bb3ad896fdec77d91f4f24f0f13f59c5d5c3623ddf70fb76a69c7475bef363e00e38201398eac1b355b9ae4fe057c5a0db065e07672f98169f594dd055c57838b5915b4d9a442936dff4f0ed990ca909a0e47b8b32c6b28b3cbe22c538180ca84801c16a02c34ab840959dff256cc6b390d983822ea3f2de5dac74b3759cdbbde3c73ffee1b3f23d226921e32b53014142673f97bc633b4d11824a47c79888681ce8f029969441f71884cdbc214ab5c4733318381a4c9994dc95a346822ff379701aba67b0db57eebd967407ad3c9f83dc28242192672ea0550f31ab81c135373481a1de783c050baa19945532b5343636a217d13dd0dfff30828590fde091efef1feb6fc0ca2ddbc5c03fbcc65697cf276fdf81cbd5b9ce8f4d06b4a0d2e54974e4a5e45b9f0a421d004f0377193993c190ac899234f1bedf74da28dbd03d13a092564077502857b43087ab56d46a66a515a2c566207674ec8445a882a9e3da68a89aa9f0cd9d3b17e6cd9b0b4d4d4db074e952b63e0feaeaf87c0aedac6c0667c6ebee471efec771ffc610e87cae9e581a0cbaed78190cba8f4ff5fb5c9b3dfec941b3b9e770e29abd227eb394620bd59df1aee58c7ea6d7673ff70597aa152b56407b7b3babac5e7cf27aef53409af7424f4f040a45f2a603e5c65922c6c20c2129c6206a374384811567609976126276ab930d948a33c6ba8428dc750c533e673d1a8d31b8e6c0e2c58bb982216408d7040d6f765b5979e09aabd79e1cef60a54d4cce5d1211d9457441b0111bdbd4daee1a79fe7dab72dd7f3cd5ef3c4be2277fd6fc8ecf0d465abb44667450246cf202420ddce5d8fd9ffd7c2870729af1d7fb9e04abe115b8d813bda240c96f0eaf05632c4c6410db146035411d9d03119a8484bd70828ae525256c5f82c2cb2ada63c0d7d6d6c6a04ac29c396db068910358535363a57e068ce3b68c075e087418d761ef7f9c89191bb09b0574f75d0e74e7a20b1f7baaf91ddf13c17baf800e933605a9b03319baea984448c670ee6399bc001f67e19a0a581301cae70eb218cb4962142041178061d731b092d0008b214edbc0a0b15070265a42b281a1aea365d910894420cedcc0782c06c96412e632f55ab870012c5eb4683abe7aee661e3e72f421a1784363b8976a1c0742797cdfe4738d776e75e2b2a941b7a0d0732f5bfc1326a6c199525ded8132e3e3b8190ddc987d2945e6722c579290c96b3b6f2c16ee60842620465ba10edaa08dcc653e5223f391e63a2a4b9c9b80a33cf2196dca8886607abddc7ac86cd2b82c160b5cc91209760df13898a6090df5f5509748f8be0ffcfcc1c12118181884ce135db0feda75d0d6da3a1d3fc7a759b98f81771f836eff24a1830074db28107375ae6bd2311d7692be2e7d70e381fa0d031032525c0357a94c65a0e3b2fc97cf8fd1bb64bc2e4e769127320c1a810499c3fc9f16a837e6418c3441a3b9b4bcfb0765d2ee5358e7b14926c3ff86baba0453ae38c4e3751c342cf2f1caca13477d9f2dfb35e2eb6c2e07afbcb20fd6af5f074b164f8bda6162a58341872ee6231384ae18f6cb3cdf78c7f63c89a7afce1efd381f693009eb8e2f3f2f405361d3c0552053e9478f82dbad4b26e18a1619f7ab2e0a7710dbb61acd25ec8fae873883aa397a15070cdd415969edf1ba364da2047b6658c522e40b79b6b4789c85ca158b46e1aae5cba1a1a1c1f75ef53a3cc526a1ebce53553df08e1e390af3999b198d46a7eba7799841d7cda07b768ad0f1b6bb979337ff7c20d2dc7b6b6acfe7270adda5c89c3dc36653baf48e5c1d56352ea5fb3cb6405ca30a196f2c16ee609434b09284a6c85248c617409dd10c0de68232fd03c3bb8c8de7d296030b0baa568e290ec65bb1b8136b251b5861a02558fc256f1c6160850125b7955b57c12b5a168c8ca4a0adad753a7f9ead0cbaf649c47445f0b7a1e17af168ddda3d06a55fb83ebdff937534b77ccc1b2718993d0d373e29922439a579a06afa55ce78e0d4cae46b83934993420e1a22f32161ce8144b4051a230ba135d65ea2164137b06c5c0863f5d22805d1b28a904933b8f279a8638a55c75dc2182c5bb694a958138fbdfc508348f73b75110772dab61d0a57f03b9888cae1d262c08d8e4e3b702d22aefb52b903cac474aaca71f80e27aede7b213aff73f70ceffa74939dbaa91c6ccf37defebf2e46179c046f3259095dd50037a3fddecffcd9fdee97884d02cbdbdb95b6aac9b44f851715c489b892a85805065684b96ae80ad6d727a0b5b5558065b82eb0da30efbedfa68a3b4c7d7f87fa3704af437d2dd7c3b6a9ebdd5d9df0ce77be8341bf6cba7f22742b578c77d0184d06d8e28e034d1b05c0ad37a7f6be7d6deed88762b43857be69c06c39b43b79cbe302b63ed11cd08fbb44b65282874d02542b5c25b294107401c3bb364d2ac61a43c18a85020c8f8c401453f04cb9eaebeb61d1c285d0d8d40811d32c4d8352eace7aec4c31eeef608d3361c96bb7d5342a554f434b1ee618a674612ae764368b70e6f469181e1ee6d77c05ac7d22078d93bd94dbd0352cec49def4142b2faec91e5f1bb773cd7d91b6c1f3b1459784a2215cd8ee3624542ea870ba59a05259ca42a1386ed7a689c65c6a41f72f1e8b437373138fb3b09b13361afff4a73bd9f628ac5f7f2dc4d81294071fbacfde561c044aa897d9716619e7331cbb6e306eb0e56d5e4c3accdc49543977c239eab5290663b52078ea7e742107fafba1b7f71257e11b6eb81ee6cf9f3fa37ec931a05363bc8228a96375ab07850a1a627f46409712e0055d4a9d34a9649632c5d4267c9cd6c463ae7a4cb5333710979815c4128d4614c5f02afca64d9b60dbb66d5c2dd6ac590b8b972c164f1b25ee238afd02e750e641a680254d541d83fdb3451d511f9355ba0e651324b8c4e9df53a9140c0d0ef01b12ba94b7dc720b2b375f91dfa7b7b7b712d0a90a6709e046c1dfa86d0b38b3a264046c0555ddf468810ab9946e5b14d0d027a1060b4eed96483440b2a19ea9538cb767a14b28cf25eb3219a3657ce9d22570cf3df7c0eedd2fc1ebafbf0e9d9d9db060c102a61cf37807e092605840e85c03f1544d6456b9c051a184c2ed74dfa7ac53dfbabf4900950c152c9bcd423a9d863c8b27d1f5455bb366355c7ffd26dedc70a5acbbbbbb124a275d414ba8555e00271ffc21ef42c5800a5ad596a19cf14993fff2a77fd625e384e69666d8b8715349bf42042a623a7116aa17660a3115ef298137c77e1870eeacc38ac2a92a820af2eaabfb18705dfcbc262bb8c4de1cc9c62457c938cf4ed681892ea29066aa74f1f2254ef8365b5957131fb69b40c16d0818c665050615c2c50163af7961dbb0b901e3cab56bd77077f84a1a82ffc31ffe982db39bfef6a1bfd93f95730492296a42c500ff33e5d4e6042bd0b4505523be677ceb3c836e23ab805b5a5b5bb76cb8eeba0ee60eb6d437d46fc264464274732a551b5231e0e47b11bc3367ce4057f7491861ee6d4480172c98b9c406676c0e70b645f9c4a984cf64eccce948d8d2906e22b69b09886ccb76012b140bdc4d745f8bd2dcd4042dad2db090a92dc69dc1e4d295b21d3b76c2d9b367f0b33733e09e9dea7902d0a9994cf575d8a053a836d8aa02b8a03dfd8b67beb860fefc07c6fca3a60138f55c58f1317e191e1e81fe8141de549067db54f0103abe94dba2de7a54bcc68ec8782e0f2a0f2e0e288316d513cfd5dcd4c8554c8e7b5341bbd2c03dfbec7370e4c851dec9e072811b03bc71b369d538216ca4da2e187b5034616f8d32ea76250cdd581c67b6640929713fd10d348801236cdd104a864b621a7c3bdf6610d1e0ed345263fd31995b8c6ea4841520bc21fecd3474695f7ae9653876ecd8b46431057874a2c756a345aaf1a22ff5f6f1ceb9a669cea8ebc23169b2a9a0a5a5d98305bc871f0655a934c33a33bff3fefe7ef8f5af5f60cade37ad9fa31f393c030defb47d7dfd3c63a86dfaedc0810370e8d01b9820d15fc62c048ecf75822e1b76d265f11cef56a5adf28649a2bd7b5f65aef2088f37b5cd4ee03ae40ab6479d3d778ecfd7917026c2d15601c3f6b523478e713752ed58ad6d96ba94aa6186efc2858bd0984cf2b809930edaa6e0a6170a70eae429387aec1853b4516544c3d8de462532941ab82ab4d4680a46474779ea1cc19bc6c1973565172e5c8053a7cec039e629a09a4d4ed1c843fa1b9ca5c079e08dc2683acde7ffc046e864b241ffca8a611b5f7fff005cbcd803e7196c98809aa2dbd84d88066e3600d73d9183d2990c64b2193ec10e8297483800ce46c30453efa55ee863a0c9b88c77279b7a7c36c860bbef6fbef1b5218dd0e48c54e345ffe4f1edbf623ff8667f8f10315c46e93d22b7b93d4688336200fb3de2c86c6cc09e4a4f93d2fd816b002819a9eeac4fa61daedc0874675ff01c6a4c8b0a3f34342c66f31a70fb6a6223bbeca7298173fb728a6db6d8a6bee6132e59b6eceb39c8b66dfeebaf3fb85fe3337b5cca07c099a074d296c9667991436d24784e89f265b5582693855c3e07e97486c5af691ec362e6d65660a9b06186788b866d96291cda635b77fc898c2126a3703e4502ef38f77dec1f82875daf5009711f4e5b8786dbb177cb955238ec918f6d8d857cc11d29c021c3213aac84a956b972b90ac794ed21b6fec0835ffdb27623672370688f6ffbe91751ed2a0d9cfb5e754a0331e25b9e0b3b15cbfd0821c228df2fdd4ff7eb0d3ea949998b0541421024141cb2a2c53b06f3be96d841982f3d48ac31209a06e07631e01ef8f2fff8924effcf76e0d0b66edff97eb6789855f0962b095c582ce7db06507a2d621fafc89657d94b0b9d09c075a3a27de981cf3fa231d1c0f96cdb8e9d389fe143ac5adfa781bb6ce076b16d0f7de1bfdfbf4de3a1811bd3b6ef78e26e56ab1f90194c0ddc84811b64eb0f23689ffdf3cf9cd45868e026653b763e7937abdc5b58fddea2812b7b2c42b6955dc3d6cffce9a7b59a69e02edf9ef8d9d338286d8b031fd9a481b33ad872177bbdf5d39ffa844e8268e0a6cf9e7cea17cbd95f8baee67dec252e5b6601701d5810322c1fffa3ffa0dd450ddc9b634fffe299bb19069b9c780f98fa91f62a07ae5b02e6a4f269c7bfdff261dd66a6819b99f6ccaee7d0fddcc4d040f563f0413b7743015a661870bbd8faa050ae6e065cf7bffbb7bfa7dd430d5cedd8f32fecdec8c1030e61bb8008d5b145018ebf9e0270dda248e0d83aed16c07533e0ba197083efbaf71dba3b95366ddab469d3a64d9b366ddab469d3a64d9b366ddab469d3a64d9b366ddab469d3a64d9b366ddab469d3a64d9b366ddab469d3a64d9b366ddab469d3a64d9b366ddab469d3a64d9b366ddab469d3a64ddb9b65ff5f800100ee63ddcac18541a50000000049454e44ae426082, 'application/pdf', 'APPROVED', '2015-10-30', 'azizah', '2015-10-30', 'lcu2');
INSERT INTO `internship_registration` (`GUID`, `USER_DETAIL_ID`, `EDUCATION_LEVEL_ID`, `UNIT_ID`, `MASTER_TOPIC_ID`, `INTERNSHIP_PROJECT_ID`, `PROGRAM_ID`, `START_DATE`, `END_DATE`, `PROPOSAL`, `MIME_PROPOSAL`, `COVER_LETTER`, `MIME_COVER_LETTER`, `STATUS`, `DTMCRT`, `USRCRT`, `DTMUPD`, `USRUPD`) VALUES
('f8c44fda-7ecc-11e5-aa82-28d244bd1b19', 'cd9b386f-7ec7-11e5-aa82-28d244bd1b19', '0cb8faf3-3ff8-11e5-a15a-00ff7f4e65c4', '61ddb5a0-7d01-11e5-8cd3-28d244bd1b19', 'eb0cb712-7db4-11e5-8cd3-28d244bd1b19', '0', '6a182eca-7db6-11e5-8cd3-28d244bd1b19', '2015-11-30', '2015-12-07', 0x89504e470d0a1a0a0000000d49484452000000dc000000a0080600000067ba023b0000001974455874536f6674776172650041646f626520496d616765526561647971c9653c00002c024944415478daec9d099c1c577de7ffafaa8fe9999e53f7658d4e5b32b2e413e353c18135e132c9ee66f301823ecb7e36b004c26e966c0c0b982c04074270201bb22c1b6c3e0b641363eb40c63660641b5b3692ad9164d93a6746b7349a7b7afaae7afbfeafdeab7a555d3d977ae4e99ef7d7e7a9aaabaaab6bbadfb77effffff1d05a04d9b366ddab469d3a64d9b366ddab469d3a64d9b366ddab469d3a64d9b366ddab469d3a64d9b366ddab469d3a64d9b366ddab469d3a64d9b366ddab469d3a64d9b366ddab4f9ec995dcfddfdcb6776ddadbf096db56464a65ed8b6ed3bf745a3914d91481428feb329d8b60d3665c5a61dd4b6076d2ab639659052da81eb54d9ced677856cebf8d87ffce890fef9b569e0843dfad8b65fb1c5665c374d8303679a26430f383c9e3118d94bcbb29c57d4e6aff118a7d890cde67cc0a9002adb39b094432df639ebbbe43665d9c1968394bfdf669fcdcf33f8570f7e65bfae52daaa12b87ff9c9561738f76209610597865817af816f04c310db8078fb8dc06be5fd08552e9775be06a27c216c9f552c422a95e280138e35a7992f0bf9020c0d0db970db023ca6bcec7c39e8efef57b7ed0af9f33a58190c6c1b14db7df6ed6f7df3595d4d3570d36efffce8e33ee00cc3e0b08080c7504002e2016528eb0e87b8cd70618390e3e4394ab6b99f2b4156de6f78c7382a4915550d2f232323901a1d75c0a5d45362f66f946d4f8fa6f93a504fc57199ce6420934ebbdf8d19313bd84d63104f303838088542a12cb0cc428167206b975a03e7d9fffb97c75ce09c0a6ef860082fc0e192a079a008a5237e0574a11130a99fe329aa032294f93c0913022741b2cb006753e5181fa0b60ba0edae3b71ab04321c68cf7d46459580cad7087191c1488532abef45808be8868b7da661749b914837bee6ef630a8fdbe3b1d82ef97eb401a6de0185ee66f09ed4284dcc22d57199b4a4b28f14cec3f1d413585140481fc4e83c881af59e9281544480d6c4528899f50a70e0c236a77e19c4230d2e682a6c2414365060e375d6adb8c18aad16086e93ffc439bce39c13a9fb950f52cea1bc27f0b968f5f5f5a5d08bb835994cbaeba2b48b02c9c64675fb66f5fd2d2d2dc1bfe901f6515fd228d514702410c3b138cace42a4fe223424a27cbf53c77add4a2f6fc93206ebcebee86d10f5575ae66201a89f6ffe1a55654efd6a9f2320d750ade635ac712b3d807fb9a8f16ae75a64a5161f1a3512d052b74480540a1ff8123ee0733b3dee2454e3bbb125d0cb3f31b0ad1cb8133d9fb62a072ef863ba6e9ee3fc4df25cec6e1f8fba50110ea877fefaba98784ddce3a9fbde0b02682ab556dcd909f4642f7a8007403d9d7ad6f7f932f552b46cb06ccb0fbd789f4162d0185de8aa9b7a8c01516888ccf7f6294b93c4a131b2b01460b6ac23cd10234de3c23711103d95f5d6357235081c094984f0753a39e8405127efdc95bf768cf9ea6231576955e06291c035f1fdc4fd538ab49f1f4a1579a66243cebae4c2a92a78d12ac0b91c0df93b11fe82076f40c523a41e629054ce47ddf747a00e11770e2502708342b3b5062234a978121ab99a5538b709408272d9bf35360dc0b4c277457e4423ea131e1538203145ad49c90d284f33ca7e0fc61c64d972d077d3b0491e12b0104cdae08b49b5d51070081aaeabed6d8e7b59393aa8ac8c36784d7244578eb2ae829a00d2df486d254df047757a9104b385d3910b95f114e1297999a0d116b839c9d82ec413d156e5c079ce1f04609b7e12a84d1cd123d5ed724ec74dd0854d03579b311cb8311cb8ed6857ca782c44f133e9ac87ce17bbe918aeb6932600fede2257da6c11e7495793cc4ee2fc8df89aa1da4b9a00803f6eab6cce64cae019e4cdbf962b6d16c9eb18ee32cca88a7841c952baea36037c3b9b0f0bc2586f76541642e39023fdfe9e351ab85a4d9a041abf67d25d9f414750f18cd9a0763a869b35319cafa7c90cabd978b9c5a2039d61d4306eb4b469405b0d0227633715bc9968d84d128b19a95db5a36ac2442b5c6dc470c14eb4beb16c30f314ce7fed04704ca8e8a35c630e252de96da2ad4680f3ad13d5b5ac06f520ccc524dccdacbd104e0fd1a9399732089d3aed4135f5b9b2b1b70afb3b2266adf454a13a86ab45852bd10b7572a02a0b8f5c17d3ae05dcc03f164e2b5c6d285c499612887f22a02acc4814988b699a144ca3ba89f34d19a119aa51e0dc5e1dde3c23d5685691d166da0cbc2a762995f95bb4c2d5884b591a8cfbfb51b62596423a5ba8ca2fbd68196059d579c370a79fd059ca9a8be1bad54c989b2f11e0c523f555fdc56306d3aad666037f9672b3c6a8365ccaeea04fa9ceda456a20e5874a879577a6f44c71a769b0a174da85a04ba9cc1ca6ad06800b9ad79dcb3f3372b55b81b99611b872d061a6d4999e5d6dbf269382d2038dea10ae669326307d532bbcf94a47c0a4b4a28914040a5d566c07b4ecc9833556d2040293d76aab21e0bcf1709e2b496a70b2118ce9a63aa29c8a614208ae55040ed874b654520abaa749adba94257d29956701d49a61e37834eabf9778131bc9f420714726c8ae63a8625736ced35dbb6adea554658e4085932634e4b37dd32913a5e2079681f92085c3e54dfe4ac3c1715e13f146e2ba6912bae07b10ac4281f0a236291032765398fc9a26cac544bed6e074ebda6a3669e29fbdab72ae913237a50f28ea0204ee316a1df3a64687c079a842a6d0681facea7bd4e403c65e081df64841b8f279560a24000c0d05495d9f2c68a5e7206520f483a605ae569326214fb1b97c61f31e90a12a9b276ec4eba86bd3900aa93e3d2700b07a1e0e1bf5c14ced1075a48e8b58283a230d5417ce9f4072c4d19b2eb0345bc8075828fbcbc1110433f8b53a0a4a7c6a1af6e41e6d35045c306eab94baf1ca6f7b80c8cec53ed500a93cd4e742962aa50391ad3ec24a3d0b21fe63958270a19a15d5de2794fa9450a58d005196d477bc1f4c757f105c12f0a603cf1f08e4a53cf0f413746adea5e43d4d02ae64a5a08b479330bf6995db2e35903a0f83a98ba23e523e0bf3f279d741fbfc8d62ff05d877e269c741140f1459d0ba0ad62e791bdf7fbeef047bbd526c5fc9cff5b3bddff5250daf5e722bdc7af57b1dd82c80bfdbfa790e06cf52b27f8be6b4c3fb6eddc2cf71a6af8b2f17b36d68995c0a1ef9f9d7c50326d9f10c8285ad57c1efdcfc872e303ff9f577d8e7f68aac273e58a41e7effae4fbb503ef28bbf8404b16199e17575396d9b90a6aa1b493d371eff33c293263a86ab5197121fab1b8fc72b1fbf31e5faf06f3de46e7ffdd4f3f0a35f7dce851aabe85bd7fe2eac5b76077f4f263f027b8f3c29dc5b27e1b176f1db60f3860ff1fdbfdcf70306e80658b968a3fb37ec78e91fdcebceb1986c71eb5ba07dc106f71a16b62e8773bd5d1c22acc02b175e0bab165dcbabf2e94b9dd037dc03776e78b7ab76eb96dd04874eee11e7a4ec5ceb61c5c2f5eef776f5921be1c5d77fe6eebf6aee35ec86718df8fbf6826551fe249ccdd12c6c8a78fd5111b8a356043a0a51d85d8c39d019844f07887f2a31fc8f57d60ddf93b7aa9862014b3e5fa898c2f91ec6c814a3fbe23ef7f5faabee8462c106ab88994167d9d2b0d0dd9f8831456c5ec9b63bfbb0f22e9f7f9dbbfff8d90e78adfb05dfe7ad5d7c2ba44629f4f503a4460016b5aef0ed7fcbf25b9ce7c6e139d9f95632d8a41d3d7d10f61fdbed3bfedae537b3e36cb7ac58b8cee7fbddb8fa6e762e4b9ccf866b96dee8ba909de75fe7c0a498b87d27d3c08b54b67a46d526b3005bead2f095fa61d840f2ee393864360d3c0c52377cd70c70e5827b98862c65d745ffb3e8af9abf89c35614d02d6a5beddb8f2e66a1603bc714b0c26f742bf4b1d3fbe0e0f1e77dc7af59741b8c8e507e6c9181b066e906dffeeb56bd15ac820084ed5fbd5801eee401e81dbc08677a3a3d4057dce21e6bb173ae5200455b3cb71d9aeae6bafb55200f75eff19ecaca4a47310a9f4d35c291a2e90be0e632f83e91c8c047626976dd9673f3b1e4238b6ddf33c7bffd3fff4193544b0ae7a6002a9ca594d0bd71f239dfb6950b1970ac7261a5c6d82d682b166d1215de86052d2bdded677b8ff38ad83370014e5d3cee29dc55d7818d959529c592392b4aceb774fe2a3efa01cfb7b8ad1d12f124df8e90a5b3a3fc3b78e6d5ed9ecac61be02ded3783cd6e08cd0d73f9eba0ad6fbf899fafa97e0eb436cee7dbfa477aa09fb9a75e4692b8aee4d7530df042ce797cb31a96dd1e2b32c5cb3af0a2d259547936b8edfe3e1aba1a00ae5c3c5749e0f034e7fb8f33d772445190bb381c784757dd4969ab975cefba948eba8150b70e48a5080c0e99f0cae117dded739b1730a856f0caba74de8ad0ebb86ef5ad60b18abc7ac95b94f31d74b38d074fbce43b7ec3cab7f28abf6ad17a77dbfee3de3137af7b3b0704dd4f57ddbaf6b830c907a2f0188dc76904fe291387de92717a04ee885bf0de98ea5eda2e6c94dab36cb2f71a76297d2a47d4a9f22ae39e12e5f51ba73c3770c9dc354c711a3874aa3b99165026e28db068ce6a0ec8e239abbc0a7fec00e4f2063fdfbea3fe38eef60defe4ea876a26eda9971ff332974c0531465ab36c832f7e93179ac9a7e180021dbaa178bed54b3d401f7de67b9e6a32b0eba2f5b052714f3970e0ef976a08e8b06488013f1e8df960934d17ef4f14a1d52e42de1ce2c0b9711df57d95da6a2569e26b16a894c2116fdabdce0bfb7cbb562dbe815728840fed74cf513876ea559fcaa1622d9eeb0179eac2717754c369e60ef60e5ef001851575d97cc7053dc98e7df5b007e5f56b6fe39f87c7f98023e028102b073b5f76f7d5d72539746b0470786cdfb03fd6dbb0ea167e0c4f0ee547e1f8b943de34151c32a17084b89fb1af18f1c1e6fd200e74a8fa089ba3705ce564a301d16e650d254d7cbd4c2a988491777a55e11c05b9cb016ede5afeba6fe83c1c39ed01b772f1f5904d3731257180bcc4e0c2e4860ac83e25bbb87ce16a98d3b400d6b56f14709e80c3ddfb598c967201ba6dc36ff3a5037827737347390c4400f25ad76ff836696fbfe1fdd0c6dc5519efa1bdf4da2fddfdbfbbf9a34af6f490e24a068ae10187e554d128810d0d5dcb36705c4a59289de6a1091ab83751e1e42f5b2185739f55c02a59ae300ae7fa8e7999c5a537406b7211d4c793aec21d3df58aa2583730f7d0af6e1c36573d08741c7bd1f7791fbcf73fb9eb271970783c4227edfd777dd853b7538ebae12f64980c04d3806c310d07bb5e5692311b9478ef35fef7f854505c3bda6b9dbff1e0f20d750a0c7d3202df6b00bcebd9b5d8b62580a352e14c0d5d8d0017f0ff7c4a57499712ddab2ec5ad9cd3bc18ae5b7d9757a1993bd979f6388c669c38ae8129d1efdcf66fdcfdaf77753835cef01211c7ce1e74150c6d5dfb26b75ea2c2a1dabc7a5449aeb478099a23a70e786eb4ab3e0657b9b0bffcd899d738ec032397e0cca5ae92fdfc7dc44b9490925117de599799341436b46b4c5351371ec3b92ea5762b6bc0a52c5138e5ae7cb92e2501ffa0d6d74ffaddca7b6efc0377bdf34c0f0c8f9870a8d36bb3bbf9da3b030a474422c28183b0d2717cb72fee72813ab99f43ee264602e6c46f0e684489b15e3bb9c7e7564af733974f3b603205daf3c6af7cfbcf32007385b41bb311efd9cd25446d8a586561e33785881d6c1698858fa5ac45e0823d7c8917785552e1247c38a708264ed4e60154393454b5f3bd171c28bbf6859eea0de61aaa8a2493112a70d2d08d94151fdbc64e5f3ce1db7fa6e70464f3a33ed854a5db73a41428c7ed74403fd4fd9b1275930ae99c2bd0534719e9803d4dcac1c6b39f75d980bb6f57572ee04db699db97b24ccc55e9c983d467ce6165ec3cbf0fd62fbfd3774cf7b9e3eefe37ba3b4260ebf04d52abc642fb4fbcc4152911f31aa74f3145e215df709a1050cd962df09a0b3a8eed16fb89e7fe19a2e33f7bbdf7e8b370e775ef718f3f71f6108ff1f0b84f3567e1ff30b772dbafbfcf41c42ff25c7f37df8f4006bf43090e8e7258438a705ba438c68f40dcf7a0caf1bea64a9652e354cdc09569ec9677e74af4e19323c5d404422870e78fb9d9c2534c8d302eab577a779c3c7fdc4dad733088f3fc6f6a38435a8e9e3e001b57bd4d51b04e476d0400c759ac77cf4df77919458cc71010a94886f7c420acd9e7074ec277b67f91832abf0713e74fc7f63af6df7f6bc9c25fbdf6531815532fe03599a6e12a25a863e0046c750ca03f8c67c6850dc2e73351dd4addb9b2369226a0c026bdccba0a644dc04d9a6085dc7fe2d72547619b19912e1babb841953b7c6abf038fcf6df35cc0fd9dfe5e22677bbbc08c186e79ad7b0f7c77c757e06f1ffd2c3cf8c34fc1890b87c43ed90bc4c97e4aa84df659dd3d6f40246abac58c3ae7eaa3265cc5e2ac3f48e64b275e92cf6a56464a58acc42d1bfe736c94f79f1c0fb6d399b8a78ab61bc34574e2a4ca15ae44e9889a49737ef0e6f852b67eae022ae764ec7062d653e7fae0d2d00598d7ec650c7b872eba0ac153f90cb01bafbeddaf58d2653394f43a7562434ce57ff3d13f87c3270fb8b3489b11d355443ce9a193bf71dbbe226c9f4c80a82ea5f3a713e72ec9b751ff3c29387ece763a21df112ff263ff7134ee32e44006601bee06580c167c24968165863d2e6c6809d3f6dc49275b8967c34e98d83460c9231974f4939ff89826ac6a800bccbc2cfbfef902f6cb8edfbca90846d306f4f619ec9c36bc7ae405f857b7fc5e89821922e6da7f7c3724138d5cf9d0bdec4ff5782ea0dab685bd355875c40ce189f38e6a819833c84dae48d109cc19e9f673241ec4aa5f62c811eb024209d47e2b06699a817ae240379781f477a938646ce7c6c2f3bdecf8045b7b7b240fef89e627e446cae5dc68013eb2f41cfce0ec127e373128fe85dcd5c8b2628ba32da1741aba2a4a9a748f95b82c9b599982c4a552cc151b30788545d579e1e0d3dc6d4c6546e0d2c0050e8accf261bd1f6080edd8fd7fdd395042158988519b3671665556140988d7c40144d56d7f55273ed8648696ba6eb53fcbe8a817c2b8bb10837b0448d7446df85a7306f61522ccdd7464720ebb8edba2c531b39161b0c9edb7b70df1bd8f30e88ac522f68ec6f68e9c021c08e8f828020d5d15264d5457b2927369206cbd7d11c7b114ca71a6b7134ef59c10f398509ffbe72a0d0dce9909fe8ca274810d679a3d23381b81eca2464aaab8a7704a8ce9cdfda5d67faf17b6376318859d8538bc8da957bdd85dcfaeebf6b8c5f659e18085c116badfbbc2db1874680f9fe14d274d02b8e09910405b4357054993a09cf940a3b422f3b38da488804de9de247b7530b5c2a405aa5b24e2242a4c911031e57ee6469a227633dc4ec0fea49d543bc3f07ae53bc783afffa21928f25c226c148913f53a65a2c76b47940ddb59b6e19f73758154be02cf65c226b7dfd63a041f5972165fb5b1d2c24a23f2cd4a5cc4753a915235c005e09353b381fa30c0cbf0294798b25deaf56093804810b0d2474c842d0095417c50badb83eea4fa258b2ca30f2605281f480a4c6a06d59778578e0579bcdb96e85cffcb76145e2c444b618332e095858d84c226edf6d661f840faf1ffca56b117f55c05bc042b31e145b9d0cd76f0aaa6f3b23be98fba6f8ae7c6c955fbfacdd02607379d6f2a0dcf41d0c28a54310e10558a5420e282a42a930a985b8240c118c5754d15d51437821fe4e3f08b5c64022ee458b04159d8e47a9b3d70d707533ffa56abd5bf1c4344569a455c975032986ee3f86c866ee602575242e6439c0271b91c8173172263ccc7afba81e5802a2d8494512b57a16809483041a0c63a8080ffbc3e179529f3a3c538fc7d1a3397632547a60e9b5c8d43aefd5d9927ff92417795703111ba0691c18c69e8aa4ce1d447dc4e3569824f98e9e9354360739026c42b9302aa8cdb3721a0bc0c4979a0c67caff71940bc78ce8b41091c642273ff681d6ccf9ad06b8f91899c126c9ecb594773edef49ef7c685dfe8d1b95b82ea9401799edd0cde476389fbfa766e1a60adc25061bba93b29af85dca717a259129edf2fcd532e726e3c5a213eda128b39a3239eab6051afc065260eb3b2d023bf2362c011bae366d4810509e6f0070380fd05d00f81043e4ceba89c2e6df1e85e2bc5bb27bbecc5e7ee1706cdd3e701b427cfd2d2d51e86ccb6056c7c33cdc7910e918b7ddb16d78d8844cc6e471557885a5e3d5e72901e5bcb7024095fbd8c0b7e134ff898670190fdab834b8f2d94cf92ed8069cc3c1a316559ea7e08cc8a04c87be9fc526121bee884d0e36679da92ad80db7655ffec6c2e2c56fedaadffcb8804df501f2e25df66c83ae6adae14a9328134f9ae47892c41813aacb53290a53a7753cd59af8f94adaf104784e3c4a396cfe095d4bfbac52f1bc851f146dc8120b7e3b4227059bba6365b1eb53f5a399054f34bcebfbc2a5c4040a8ec84d87281d3f53ad835735c373d2e90c3437374f3a698271dbc51e73fc01ab57c2edbb4ca026f25184288de2e2d903d47440c2640a6fcc07ea7bca8fef26479d0792d8ccfd7cd432e04cc1822d116bd2b049632af7fb1f18d9bae0f1c6fbfe5ad43753c91de415f026e7b268e0a657e132994c89da4dc406074db08ae4cd71fba600d478bb27321cd0778cf8b38920918821435e87029f43eaaa1eaaa161d9f01bf6dd658a001f312d16f38d075bf09959cef6566b70f307877ed4fe44f2defb07cc36e95e52e54f25023abbd695ae6a467c97340b4cc89564b1db8831a96c5ff8ce71a02a93b52453cc5a1252be4c043675580e00f15d9333bc07dcb63a99c9344503bfdabb26ca96d12881438609df2c46c29b16c260a3ca76b1394ef3edef4a3dfdd5abf2a7d681d76c30ebdaeaaa673c5c10b6093c2aa9b7373231a0c814812a03152153076a3ca826fbdef0e3826d8ca2c9c3ed6503bca3b6031e2b51032eb0e5e78b269cb2e8f8b0853537e0e8459a6bffadf4b30fadcbb9cd062a74b3a2d9a06a26110ab6c98da772d84f121fd53b1d40c10c02ca97ca20e54ae03c10d25bc59d114df427152a689a123a138aac7c2d45e195c1fa49c326cda476c32de9bd5fbe31b30fa7449b13025d4d2b5df5f434a130e19e26f870459cdfbf3adcbe8903351e54130e2dcb7c76c9c872c3713723dcb564256640b1c1866f772e80e7fb1a02b091716193dbb1d96063e6e057ee4e3df7afc1df07533692fb5ccc5a82aeba6238e5b71c2b67323c6c806591aa71fb260ad444a11abf670b947482264a2f1522c153fa66e26809042f56e700f9bfbbe7c077bbda4a3394e3c0a61ebf2adffdc7ef1ddaf9276c759ea2760d01e86a6ab441f58c87f3646ecc2c25aa1bce1f59364338896c5fe5df4ba152938e9109ee2453b8fee07e3ee05500698ad9c130c67bbe2f093d5903eebf6620cd54ab7e32b0c9edf38a7deffec0d0f6e4ae863bbe33106993d94be952e6c4b228dccbaacf60564dd2a4b4d13b1cb89111675e7c63c6c5519374fbc651df720a4542fa804efd6f2760b3ba5eb03390b74761742407f981b80b2196c32375f052dd5bff220fd1deb16123e14ac8ced1521cbafbdee19f3fd85a1c901d9f9b024a175105ba9ad5ae0a93264a3c17025d6ad4a88e38ea72dcbe8a01e5150a1658340fd9620a52a9340cf7e5a1bfcb84a1a34d307c60190cbf740da40fae82fcf176df639fb11c895ffdea8ee4bbefcf90ba53e5618350d8e43db58ee6db997bf9bdf599376e12ee6530a6ab890c66154d041be88a44c360233c769b0d6edf545d5e9c29d9a245b0ec02d89441966a002bcdea733e0134d30034cd3cc3a21172a3b3dde0594e3d2fa1039cd8cc6c214f24ef7d6073fab98fceb1066e9f0c6c72bb09b4e1a6d157bfcacefeb93712d7ec83f20d3755db07b33a460b805fd528d0d066389c796bfc8a5adb40a98650215c1cac4c0c683ecaa0aa079265c291651e5bde996392a8cd2dcaf3bfc7eabf2afb688ad77df8710cbadcb6c6f77de33d233b47e6177bef9d0c6cd2308379ebe89e87e6172e7dfbd9a63bb7079227d8dda820623a1baab02b5875755e1e631221ec3399cb19ee6f50c1470f4c09aa2b999441a0b014ed3c50a6f0349b0048370229d43925dd0aa6fbf00df03d9fbb5c3b278cb31dfcbf817c441076cf2afeb4f1dd7f7fe7e80b27d7e44efcd16460536d65befb93748418cf35deb11dfc333acb6f8743576d53f1550570ce9d34f0a3077e299ca384105a59a866804a050da1b268813fa3cdc836835d8882914b82996f8258be9155f9880f26d95939e892076f5cbe4e051032f6d05bef66bb3ad896fdec77d91f4f24f0f13f59c5d5c3623ddf70fb76a69c7475bef363e00e38201398eac1b355b9ae4fe057c5a0db065e07672f98169f594dd055c57838b5915b4d9a442936dff4f0ed990ca909a0e47b8b32c6b28b3cbe22c538180ca84801c16a02c34ab840959dff256cc6b390d983822ea3f2de5dac74b3759cdbbde3c73ffee1b3f23d226921e32b53014142673f97bc633b4d11824a47c79888681ce8f029969441f71884cdbc214ab5c4733318381a4c9994dc95a346822ff379701aba67b0db57eebd967407ad3c9f83dc28242192672ea0550f31ab81c135373481a1de783c050baa19945532b5343636a217d13dd0dfff30828590fde091efef1feb6fc0ca2ddbc5c03fbcc65697cf276fdf81cbd5b9ce8f4d06b4a0d2e54974e4a5e45b9f0a421d004f0377193993c190ac899234f1bedf74da28dbd03d13a092564077502857b43087ab56d46a66a515a2c566207674ec8445a882a9e3da68a89aa9f0cd9d3b17e6cd9b0b4d4d4db074e952b63e0feaeaf87c0aedac6c0667c6ebee471efec771ffc610e87cae9e581a0cbaed78190cba8f4ff5fb5c9b3dfec941b3b9e770e29abd227eb394620bd59df1aee58c7ea6d7673ff70597aa152b56407b7b3babac5e7cf27aef53409af7424f4f040a45f2a603e5c65922c6c20c2129c6206a374384811567609976126276ab930d948a33c6ba8428dc750c533e673d1a8d31b8e6c0e2c58bb982216408d7040d6f765b5979e09aabd79e1cef60a54d4cce5d1211d9457441b0111bdbd4daee1a79fe7dab72dd7f3cd5ef3c4be2277fd6fc8ecf0d465abb44667450246cf202420ddce5d8fd9ffd7c2870729af1d7fb9e04abe115b8d813bda240c96f0eaf05632c4c6410db146035411d9d03119a8484bd70828ae525256c5f82c2cb2ada63c0d7d6d6c6a04ac29c396db068910358535363a57e068ce3b68c075e087418d761ef7f9c89191bb09b0574f75d0e74e7a20b1f7baaf91ddf13c17baf800e933605a9b03319baea984448c670ee6399bc001f67e19a0a581301cae70eb218cb4962142041178061d731b092d0008b214edbc0a0b15070265a42b281a1aea365d910894420cedcc0782c06c96412e632f55ab870012c5eb4683abe7aee661e3e72f421a1784363b8976a1c0742797cdfe4738d776e75e2b2a941b7a0d0732f5bfc1326a6c199525ded8132e3e3b8190ddc987d2945e6722c579290c96b3b6f2c16ee60842620465ba10edaa08dcc653e5223f391e63a2a4b9c9b80a33cf2196dca8886607abddc7ac86cd2b82c160b5cc91209760df13898a6090df5f5509748f8be0ffcfcc1c12118181884ce135db0feda75d0d6da3a1d3fc7a759b98f81771f836eff24a1830074db28107375ae6bd2311d7692be2e7d70e381fa0d031032525c0357a94c65a0e3b2fc97cf8fd1bb64bc2e4e769127320c1a810499c3fc9f16a837e6418c3441a3b9b4bcfb0765d2ee5358e7b14926c3ff86baba0453ae38c4e3751c342cf2f1caca13477d9f2dfb35e2eb6c2e07afbcb20fd6af5f074b164f8bda6162a58341872ee6231384ae18f6cb3cdf78c7f63c89a7afce1efd381f693009eb8e2f3f2f405361d3c0552053e9478f82dbad4b26e18a1619f7ab2e0a7710dbb61acd25ec8fae873883aa397a15070cdd415969edf1ba364da2047b6658c522e40b79b6b4789c85ca158b46e1aae5cba1a1a1c1f75ef53a3cc526a1ebce53553df08e1e390af3999b198d46a7eba7799841d7cda07b768ad0f1b6bb979337ff7c20d2dc7b6b6acfe7270adda5c89c3dc36653baf48e5c1d56352ea5fb3cb6405ca30a196f2c16ee609434b09284a6c85248c617409dd10c0de68232fd03c3bb8c8de7d296030b0baa568e290ec65bb1b8136b251b5861a02558fc256f1c6160850125b7955b57c12b5a168c8ca4a0adad753a7f9ead0cbaf649c47445f0b7a1e17af168ddda3d06a55fb83ebdff937534b77ccc1b2718993d0d373e29922439a579a06afa55ce78e0d4cae46b83934993420e1a22f32161ce8144b4051a230ba135d65ea2164137b06c5c0863f5d22805d1b28a904933b8f279a8638a55c75dc2182c5bb694a958138fbdfc508348f73b75110772dab61d0a57f03b9888cae1d262c08d8e4e3b702d22aefb52b903cac474aaca71f80e27aede7b213aff73f70ceffa74939dbaa91c6ccf37defebf2e46179c046f3259095dd50037a3fddecffcd9fdee97884d02cbdbdb95b6aac9b44f851715c489b892a85805065684b96ae80ad6d727a0b5b5558065b82eb0da30efbedfa68a3b4c7d7f87fa3704af437d2dd7c3b6a9ebdd5d9df0ce77be8341bf6cba7f22742b578c77d0184d06d8e28e034d1b05c0ad37a7f6be7d6deed88762b43857be69c06c39b43b79cbe302b63ed11cd08fbb44b65282874d02542b5c25b294107401c3bb364d2ac61a43c18a85020c8f8c401453f04cb9eaebeb61d1c285d0d8d40811d32c4d8352eace7aec4c31eeef608d3361c96bb7d5342a554f434b1ee618a674612ae764368b70e6f469181e1ee6d77c05ac7d22078d93bd94dbd0352cec49def4142b2faec91e5f1bb773cd7d91b6c1f3b1459784a2215cd8ee3624542ea870ba59a05259ca42a1386ed7a689c65c6a41f72f1e8b437373138fb3b09b13361afff4a73bd9f628ac5f7f2dc4d81294071fbacfde561c044aa897d9716619e7331cbb6e306eb0e56d5e4c3accdc49543977c239eab5290663b52078ea7e742107fafba1b7f71257e11b6eb81ee6cf9f3fa37ec931a05363bc8228a96375ab07850a1a627f46409712e0055d4a9d34a9649632c5d4267c9cd6c463ae7a4cb5333710979815c4128d4614c5f02afca64d9b60dbb66d5c2dd6ac590b8b972c164f1b25ee238afd02e750e641a680254d541d83fdb3451d511f9355ba0e651324b8c4e9df53a9140c0d0ef01b12ba94b7dc720b2b375f91dfa7b7b7b712d0a90a6709e046c1dfa86d0b38b3a264046c0555ddf468810ab9946e5b14d0d027a1060b4eed96483440b2a19ea9538cb767a14b28cf25eb3219a3657ce9d22570cf3df7c0eedd2fc1ebafbf0e9d9d9db060c102a61cf37807e092605840e85c03f1544d6456b9c051a184c2ed74dfa7ac53dfbabf4900950c152c9bcd423a9d863c8b27d1f5455bb366355c7ffd26dedc70a5acbbbbbb124a275d414ba8555e00271ffc21ef42c5800a5ad596a19cf14993fff2a77fd625e384e69666d8b8715349bf42042a623a7116aa17660a3115ef298137c77e1870eeacc38ac2a92a820af2eaabfb18705dfcbc262bb8c4de1cc9c62457c938cf4ed681892ea29066aa74f1f2254ef8365b5957131fb69b40c16d0818c665050615c2c50163af7961dbb0b901e3cab56bd77077f84a1a82ffc31ffe982db39bfef6a1bfd93f95730492296a42c500ff33e5d4e6042bd0b4505523be677ceb3c836e23ab805b5a5b5bb76cb8eeba0ee60eb6d437d46fc264464274732a551b5231e0e47b11bc3367ce4057f7491861ee6d4480172c98b9c406676c0e70b645f9c4a984cf64eccce948d8d2906e22b69b09886ccb76012b140bdc4d745f8bd2dcd4042dad2db090a92dc69dc1e4d295b21d3b76c2d9b367f0b33733e09e9dea7902d0a9994cf575d8a053a836d8aa02b8a03dfd8b67beb860fefc07c6fca3a60138f55c58f1317e191e1e81fe8141de549067db54f0103abe94dba2de7a54bcc68ec8782e0f2a0f2e0e288316d513cfd5dcd4c8554c8e7b5341bbd2c03dfbec7370e4c851dec9e072811b03bc71b369d538216ca4da2e187b5034616f8d32ea76250cdd581c67b6640929713fd10d348801236cdd104a864b621a7c3bdf6610d1e0ed345263fd31995b8c6ea4841520bc21fecd3474695f7ae9653876ecd8b46431057874a2c756a345aaf1a22ff5f6f1ceb9a669cea8ebc23169b2a9a0a5a5d98305bc871f0655a934c33a33bff3fefe7ef8f5af5f60cade37ad9fa31f393c030defb47d7dfd3c63a86dfaedc0810370e8d01b9820d15fc62c048ecf75822e1b76d265f11cef56a5adf28649a2bd7b5f65aef2088f37b5cd4ee03ae40ab6479d3d778ecfd7917026c2d15601c3f6b523478e713752ed58ad6d96ba94aa6186efc2858bd0984cf2b809930edaa6e0a6170a70eae429387aec1853b4516544c3d8de462532941ab82ab4d4680a46474779ea1cc19bc6c1973565172e5c8053a7cec039e629a09a4d4ed1c843fa1b9ca5c079e08dc2683acde7ffc046e864b241ffca8a611b5f7fff005cbcd803e7196c98809aa2dbd84d88066e3600d73d9183d2990c64b2193ec10e8297483800ce46c30453efa55ee863a0c9b88c77279b7a7c36c860bbef6fbef1b5218dd0e48c54e345ffe4f1edbf623ff8667f8f10315c46e93d22b7b93d4688336200fb3de2c86c6cc09e4a4f93d2fd816b002819a9eeac4fa61daedc0874675ff01c6a4c8b0a3f34342c66f31a70fb6a6223bbeca7298173fb728a6db6d8a6bee6132e59b6eceb39c8b66dfeebaf3fb85fe3337b5cca07c099a074d296c9667991436d24784e89f265b5582693855c3e07e97486c5af691ec362e6d65660a9b06186788b866d96291cda635b77fc898c2126a3703e4502ef38f77dec1f82875daf5009711f4e5b8786dbb177cb955238ec918f6d8d857cc11d29c021c3213aac84a956b972b90ac794ed21b6fec0835ffdb27623672370688f6ffbe91751ed2a0d9cfb5e754a0331e25b9e0b3b15cbfd0821c228df2fdd4ff7eb0d3ea949998b0541421024141cb2a2c53b06f3be96d841982f3d48ac31209a06e07631e01ef8f2fff8924effcf76e0d0b66edff97eb6789855f0962b095c582ce7db06507a2d621fafc89657d94b0b9d09c075a3a27de981cf3fa231d1c0f96cdb8e9d389fe143ac5adfa781bb6ce076b16d0f7de1bfdfbf4de3a1811bd3b6ef78e26e56ab1f90194c0ddc84811b64eb0f23689ffdf3cf9cd45868e026653b763e7937abdc5b58fddea2812b7b2c42b6955dc3d6cffce9a7b59a69e02edf9ef8d9d338286d8b031fd9a481b33ad872177bbdf5d39ffa844e8268e0a6cf9e7cea17cbd95f8baee67dec252e5b6601701d5810322c1fffa3ffa0dd450ddc9b634fffe299bb19069b9c780f98fa91f62a07ae5b02e6a4f269c7bfdff261dd66a6819b99f6ccaee7d0fddcc4d040f563f0413b7743015a661870bbd8faa050ae6e065cf7bffbb7bfa7dd430d5cedd8f32fecdec8c1030e61bb8008d5b145018ebf9e0270dda248e0d83aed16c07533e0ba197083efbaf71dba3b95366ddab469d3a64d9b366ddab469d3a64d9b366ddab469d3a64d9b366ddab469d3a64d9b366ddab469d3a64d9b366ddab469d3a64d9b366ddab469d3a64d9b366ddab469d3a64d9b366ddab469d3a64ddb9b65ff5f800100ee63ddcac18541a50000000049454e44ae426082, 'application/pdf', 0x89504e470d0a1a0a0000000d49484452000000dc000000a0080600000067ba023b0000001974455874536f6674776172650041646f626520496d616765526561647971c9653c00002c024944415478daec9d099c1c577de7ffafaa8fe9999e53f7658d4e5b32b2e413e353c18135e132c9ee66f301823ecb7e36b004c26e966c0c0b982c04074270201bb22c1b6c3e0b641363eb40c63660641b5b3692ad9164d93a6746b7349a7b7afaae7afbfeafdeab7a555d3d977ae4e99ef7d7e7a9aaabaaab6bbadfb77effffff1d05a04d9b366ddab469d3a64d9b366ddab469d3a64d9b366ddab469d3a64d9b366ddab469d3a64d9b366ddab469d3a64d9b366ddab469d3a64d9b366ddab469d3a64d9b366ddab4f9ec995dcfddfdcb6776ddadbf096db56464a65ed8b6ed3bf745a3914d91481428feb329d8b60d3665c5a61dd4b6076d2ab639659052da81eb54d9ced677856cebf8d87ffce890fef9b569e0843dfad8b65fb1c5665c374d8303679a26430f383c9e3118d94bcbb29c57d4e6aff118a7d890cde67cc0a9002adb39b094432df639ebbbe43665d9c1968394bfdf669fcdcf33f8570f7e65bfae52daaa12b87ff9c9561738f76209610597865817af816f04c310db8078fb8dc06be5fd08552e9775be06a27c216c9f552c422a95e280138e35a7992f0bf9020c0d0db970db023ca6bcec7c39e8efef57b7ed0af9f33a58190c6c1b14db7df6ed6f7df3595d4d3570d36efffce8e33ee00cc3e0b08080c7504002e2016528eb0e87b8cd70618390e3e4394ab6b99f2b4156de6f78c7382a4915550d2f232323901a1d75c0a5d45362f66f946d4f8fa6f93a504fc57199ce6420934ebbdf8d19313bd84d63104f303838088542a12cb0cc428167206b975a03e7d9fffb97c75ce09c0a6ef860082fc0e192a079a008a5237e0574a11130a99fe329aa032294f93c0913022741b2cb006753e5181fa0b60ba0edae3b71ab04321c68cf7d46459580cad7087191c1488532abef45808be8868b7da661749b914837bee6ef630a8fdbe3b1d82ef97eb401a6de0185ee66f09ed4284dcc22d57199b4a4b28f14cec3f1d413585140481fc4e83c881af59e9281544480d6c4528899f50a70e0c236a77e19c4230d2e682a6c2414365060e375d6adb8c18aad16086e93ffc439bce39c13a9fb950f52cea1bc27f0b968f5f5f5a5d08bb835994cbaeba2b48b02c9c64675fb66f5fd2d2d2dc1bfe901f6515fd228d514702410c3b138cace42a4fe223424a27cbf53c77add4a2f6fc93206ebcebee86d10f5575ae66201a89f6ffe1a55654efd6a9f2320d750ade635ac712b3d807fb9a8f16ae75a64a5161f1a3512d052b74480540a1ff8123ee0733b3dee2454e3bbb125d0cb3f31b0ad1cb8133d9fb62a072ef863ba6e9ee3fc4df25cec6e1f8fba50110ea877fefaba98784ddce3a9fbde0b02682ab556dcd909f4642f7a8007403d9d7ad6f7f932f552b46cb06ccb0fbd789f4162d0185de8aa9b7a8c01516888ccf7f6294b93c4a131b2b01460b6ac23cd10234de3c23711103d95f5d6357235081c094984f0753a39e8405127efdc95bf768cf9ea6231576955e06291c035f1fdc4fd538ab49f1f4a1579a66243cebae4c2a92a78d12ac0b91c0df93b11fe82076f40c523a41e629054ce47ddf747a00e11770e2502708342b3b5062234a978121ab99a5538b709408272d9bf35360dc0b4c277457e4423ea131e1538203145ad49c90d284f33ca7e0fc61c64d972d077d3b0491e12b0104cdae08b49b5d51070081aaeabed6d8e7b59393aa8ac8c36784d7244578eb2ae829a00d2df486d254df047757a9104b385d3910b95f114e1297999a0d116b839c9d82ec413d156e5c079ce1f04609b7e12a84d1cd123d5ed724ec74dd0854d03579b311cb8311cb8ed6857ca782c44f133e9ac87ce17bbe918aeb6932600fede2257da6c11e7495793cc4ee2fc8df89aa1da4b9a00803f6eab6cce64cae019e4cdbf962b6d16c9eb18ee32cca88a7841c952baea36037c3b9b0f0bc2586f76541642e39023fdfe9e351ab85a4d9a041abf67d25d9f414750f18cd9a0763a869b35319cafa7c90cabd978b9c5a2039d61d4306eb4b469405b0d0227633715bc9968d84d128b19a95db5a36ac2442b5c6dc470c14eb4beb16c30f314ce7fed04704ca8e8a35c630e252de96da2ad4680f3ad13d5b5ac06f520ccc524dccdacbd104e0fd1a9399732089d3aed4135f5b9b2b1b70afb3b2266adf454a13a86ab45852bd10b7572a02a0b8f5c17d3ae05dcc03f164e2b5c6d285c499612887f22a02acc4814988b699a144ca3ba89f34d19a119aa51e0dc5e1dde3c23d5685691d166da0cbc2a762995f95bb4c2d5884b591a8cfbfb51b62596423a5ba8ca2fbd68196059d579c370a79fd059ca9a8be1bad54c989b2f11e0c523f555fdc56306d3aad666037f9672b3c6a8365ccaeea04fa9ceda456a20e5874a879577a6f44c71a769b0a174da85a04ba9cc1ca6ad06800b9ad79dcb3f3372b55b81b99611b872d061a6d4999e5d6dbf269382d2038dea10ae669326307d532bbcf94a47c0a4b4a28914040a5d566c07b4ecc9833556d2040293d76aab21e0bcf1709e2b496a70b2118ce9a63aa29c8a614208ae55040ed874b654520abaa749adba94257d29956701d49a61e37834eabf9778131bc9f420714726c8ae63a8625736ced35dbb6adea554658e4085932634e4b37dd32913a5e2079681f92085c3e54dfe4ac3c1715e13f146e2ba6912bae07b10ac4281f0a236291032765398fc9a26cac544bed6e074ebda6a3669e29fbdab72ae913237a50f28ea0204ee316a1df3a64687c079a842a6d0681facea7bd4e403c65e081df64841b8f279560a24000c0d05495d9f2c68a5e7206520f483a605ae569326214fb1b97c61f31e90a12a9b276ec4eba86bd3900aa93e3d2700b07a1e0e1bf5c14ced1075a48e8b58283a230d5417ce9f4072c4d19b2eb0345bc8075828fbcbc1110433f8b53a0a4a7c6a1af6e41e6d35045c306eab94baf1ca6f7b80c8cec53ed500a93cd4e742962aa50391ad3ec24a3d0b21fe63958270a19a15d5de2794fa9450a58d005196d477bc1f4c757f105c12f0a603cf1f08e4a53cf0f413746adea5e43d4d02ae64a5a08b479330bf6995db2e35903a0f83a98ba23e523e0bf3f279d741fbfc8d62ff05d877e269c741140f1459d0ba0ad62e791bdf7fbeef047bbd526c5fc9cff5b3bddff5250daf5e722bdc7af57b1dd82c80bfdbfa790e06cf52b27f8be6b4c3fb6eddc2cf71a6af8b2f17b36d68995c0a1ef9f9d7c50326d9f10c8285ad57c1efdcfc872e303ff9f577d8e7f68aac273e58a41e7effae4fbb503ef28bbf8404b16199e17575396d9b90a6aa1b493d371eff33c293263a86ab5197121fab1b8fc72b1fbf31e5faf06f3de46e7ffdd4f3f0a35f7dce851aabe85bd7fe2eac5b76077f4f263f027b8f3c29dc5b27e1b176f1db60f3860ff1fdbfdcf70306e80658b968a3fb37ec78e91fdcebceb1986c71eb5ba07dc106f71a16b62e8773bd5d1c22acc02b175e0bab165dcbabf2e94b9dd037dc03776e78b7ab76eb96dd04874eee11e7a4ec5ceb61c5c2f5eef776f5921be1c5d77fe6eebf6aee35ec86718df8fbf6826551fe249ccdd12c6c8a78fd5111b8a356043a0a51d85d8c39d019844f07887f2a31fc8f57d60ddf93b7aa9862014b3e5fa898c2f91ec6c814a3fbe23ef7f5faabee8462c106ab88994167d9d2b0d0dd9f8831456c5ec9b63bfbb0f22e9f7f9dbbfff8d90e78adfb05dfe7ad5d7c2ba44629f4f503a4460016b5aef0ed7fcbf25b9ce7c6e139d9f95632d8a41d3d7d10f61fdbed3bfedae537b3e36cb7ac58b8cee7fbddb8fa6e762e4b9ccf866b96dee8ba909de75fe7c0a498b87d27d3c08b54b67a46d526b3005bead2f095fa61d840f2ee393864360d3c0c52377cd70c70e5827b98862c65d745ffb3e8af9abf89c35614d02d6a5beddb8f2e66a1603bc714b0c26f742bf4b1d3fbe0e0f1e77dc7af59741b8c8e507e6c9181b066e906dffeeb56bd15ac820084ed5fbd5801eee401e81dbc08677a3a3d4057dce21e6bb173ae5200455b3cb71d9aeae6bafb55200f75eff19ecaca4a47310a9f4d35c291a2e90be0e632f83e91c8c047626976dd9673f3b1e4238b6ddf33c7bffd3fff4193544b0ae7a6002a9ca594d0bd71f239dfb6950b1970ac7261a5c6d82d682b166d1215de86052d2bdded677b8ff38ad83370014e5d3cee29dc55d7818d959529c592392b4aceb774fe2a3efa01cfb7b8ad1d12f124df8e90a5b3a3fc3b78e6d5ed9ecac61be02ded3783cd6e08cd0d73f9eba0ad6fbf899fafa97e0eb436cee7dbfa477aa09fb9a75e4692b8aee4d7530df042ce797cb31a96dd1e2b32c5cb3af0a2d259547936b8edfe3e1aba1a00ae5c3c5749e0f034e7fb8f33d772445190bb381c784757dd4969ab975cefba948eba8150b70e48a5080c0e99f0cae117dded739b1730a856f0caba74de8ad0ebb86ef5ad60b18abc7ac95b94f31d74b38d074fbce43b7ec3cab7f28abf6ad17a77dbfee3de3137af7b3b0704dd4f57ddbaf6b830c907a2f0188dc76904fe291387de92717a04ee885bf0de98ea5eda2e6c94dab36cb2f71a76297d2a47d4a9f22ae39e12e5f51ba73c3770c9dc354c711a3874aa3b99165026e28db068ce6a0ec8e239abbc0a7fec00e4f2063fdfbea3fe38eef60defe4ea876a26eda9971ff332974c0531465ab36c832f7e93179ac9a7e180021dbaa178bed54b3d401f7de67b9e6a32b0eba2f5b052714f3970e0ef976a08e8b06488013f1e8df960934d17ef4f14a1d52e42de1ce2c0b9711df57d95da6a2569e26b16a894c2116fdabdce0bfb7cbb562dbe815728840fed74cf513876ea559fcaa1622d9eeb0179eac2717754c369e60ef60e5ef001851575d97cc7053dc98e7df5b007e5f56b6fe39f87c7f98023e028102b073b5f76f7d5d72539746b0470786cdfb03fd6dbb0ea167e0c4f0ee547e1f8b943de34151c32a17084b89fb1af18f1c1e6fd200e74a8fa089ba3705ce564a301d16e650d254d7cbd4c2a988491777a55e11c05b9cb016ede5afeba6fe83c1c39ed01b772f1f5904d3731257180bcc4e0c2e4860ac83e25bbb87ce16a98d3b400d6b56f14709e80c3ddfb598c967201ba6dc36ff3a5037827737347390c4400f25ad76ff836696fbfe1fdd0c6dc5519efa1bdf4da2fddfdbfbbf9a34af6f490e24a068ae10187e554d128810d0d5dcb36705c4a59289de6a1091ab83751e1e42f5b2185739f55c02a59ae300ae7fa8e7999c5a537406b7211d4c793aec21d3df58aa2583730f7d0af6e1c36573d08741c7bd1f7791fbcf73fb9eb271970783c4227edfd777dd853b7538ebae12f64980c04d3806c310d07bb5e5692311b9478ef35fef7f854505c3bda6b9dbff1e0f20d750a0c7d3202df6b00bcebd9b5d8b62580a352e14c0d5d8d0017f0ff7c4a57499712ddab2ec5ad9cd3bc18ae5b7d9757a1993bd979f6388c669c38ae8129d1efdcf66fdcfdaf77753835cef01211c7ce1e74150c6d5dfb26b75ea2c2a1dabc7a5449aeb478099a23a70e786eb4ab3e0657b9b0bffcd899d738ec032397e0cca5ae92fdfc7dc44b9490925117de599799341436b46b4c5351371ec3b92ea5762b6bc0a52c5138e5ae7cb92e2501ffa0d6d74ffaddca7b6efc0377bdf34c0f0c8f9870a8d36bb3bbf9da3b030a474422c28183b0d2717cb72fee72813ab99f43ee264602e6c46f0e684489b15e3bb9c7e7564af733974f3b603205daf3c6af7cfbcf32007385b41bb311efd9cd25446d8a586561e33785881d6c1698858fa5ac45e0823d7c8917785552e1247c38a708264ed4e60154393454b5f3bd171c28bbf6859eea0de61aaa8a2493112a70d2d08d94151fdbc64e5f3ce1db7fa6e70464f3a33ed854a5db73a41428c7ed74403fd4fd9b1275930ae99c2bd0534719e9803d4dcac1c6b39f75d980bb6f57572ee04db699db97b24ccc55e9c983d467ce6165ec3cbf0fd62fbfd3774cf7b9e3eefe37ba3b4260ebf04d52abc642fb4fbcc4152911f31aa74f3145e215df709a1050cd962df09a0b3a8eed16fb89e7fe19a2e33f7bbdf7e8b370e775ef718f3f71f6108ff1f0b84f3567e1ff30b772dbafbfcf41c42ff25c7f37df8f4006bf43090e8e7258438a705ba438c68f40dcf7a0caf1bea64a9652e354cdc09569ec9677e74af4e19323c5d404422870e78fb9d9c2534c8d302eab577a779c3c7fdc4dad733088f3fc6f6a38435a8e9e3e001b57bd4d51b04e476d0400c759ac77cf4df77919458cc71010a94886f7c420acd9e7074ec277b67f91832abf0713e74fc7f63af6df7f6bc9c25fbdf6531815532fe03599a6e12a25a863e0046c750ca03f8c67c6850dc2e73351dd4addb9b2369226a0c026bdccba0a644dc04d9a6085dc7fe2d72547619b19912e1babb841953b7c6abf038fcf6df35cc0fd9dfe5e22677bbbc08c186e79ad7b0f7c77c757e06f1ffd2c3cf8c34fc1890b87c43ed90bc4c97e4aa84df659dd3d6f40246abac58c3ae7eaa3265cc5e2ac3f48e64b275e92cf6a56464a58acc42d1bfe736c94f79f1c0fb6d399b8a78ab61bc34574e2a4ca15ae44e9889a49737ef0e6f852b67eae022ae764ec7062d653e7fae0d2d00598d7ec650c7b872eba0ac153f90cb01bafbeddaf58d2653394f43a7562434ce57ff3d13f87c3270fb8b3489b11d355443ce9a193bf71dbbe226c9f4c80a82ea5f3a713e72ec9b751ff3c29387ece763a21df112ff263ff7134ee32e44006601bee06580c167c24968165863d2e6c6809d3f6dc49275b8967c34e98d83460c9231974f4939ff89826ac6a800bccbc2cfbfef902f6cb8edfbca90846d306f4f619ec9c36bc7ae405f857b7fc5e89821922e6da7f7c3724138d5cf9d0bdec4ff5782ea0dab685bd355875c40ce189f38e6a819833c84dae48d109cc19e9f673241ec4aa5f62c811eb024209d47e2b06699a817ae240379781f477a938646ce7c6c2f3bdecf8045b7b7b240fef89e627e446cae5dc68013eb2f41cfce0ec127e373128fe85dcd5c8b2628ba32da1741aba2a4a9a748f95b82c9b599982c4a552cc151b30788545d579e1e0d3dc6d4c6546e0d2c0050e8accf261bd1f6080edd8fd7fdd395042158988519b3671665556140988d7c40144d56d7f55273ed8648696ba6eb53fcbe8a817c2b8bb10837b0448d7446df85a7306f61522ccdd7464720ebb8edba2c531b39161b0c9edb7b70df1bd8f30e88ac522f68ec6f68e9c021c08e8f828020d5d15264d5457b2927369206cbd7d11c7b114ca71a6b7134ef59c10f398509ffbe72a0d0dce9909fe8ca274810d679a3d23381b81eca2464aaab8a7704a8ce9cdfda5d67faf17b6376318859d8538bc8da957bdd85dcfaeebf6b8c5f659e18085c116badfbbc2db1874680f9fe14d274d02b8e09910405b4357054993a09cf940a3b422f3b38da488804de9de247b7530b5c2a405aa5b24e2242a4c911031e57ee6469a227633dc4ec0fea49d543bc3f07ae53bc783afffa21928f25c226c148913f53a65a2c76b47940ddb59b6e19f73758154be02cf65c226b7dfd63a041f5972165fb5b1d2c24a23f2cd4a5cc4753a915235c005e09353b381fa30c0cbf0294798b25deaf56093804810b0d2474c842d0095417c50badb83eea4fa258b2ca30f2605281f480a4c6a06d59778578e0579bcdb96e85cffcb76145e2c444b618332e095858d84c226edf6d661f840faf1ffca56b117f55c05bc042b31e145b9d0cd76f0aaa6f3b23be98fba6f8ae7c6c955fbfacdd02607379d6f2a0dcf41d0c28a54310e10558a5420e282a42a930a985b8240c118c5754d15d51437821fe4e3f08b5c64022ee458b04159d8e47a9b3d70d707533ffa56abd5bf1c4344569a455c975032986ee3f86c866ee602575242e6439c0271b91c8173172263ccc7afba81e5802a2d8494512b57a16809483041a0c63a8080ffbc3e179529f3a3c538fc7d1a3397632547a60e9b5c8d43aefd5d9927ff92417795703111ba0691c18c69e8aa4ce1d447dc4e3569824f98e9e9354360739026c42b9302aa8cdb3721a0bc0c4979a0c67caff71940bc78ce8b41091c642273ff681d6ccf9ad06b8f91899c126c9ecb594773edef49ef7c685dfe8d1b95b82ea9401799edd0cde476389fbfa766e1a60adc25061bba93b29af85dca717a259129edf2fcd532e726e3c5a213eda128b39a3239eab6051afc065260eb3b2d023bf2362c011bae366d4810509e6f0070380fd05d00f81043e4ceba89c2e6df1e85e2bc5bb27bbecc5e7ee1706cdd3e701b427cfd2d2d51e86ccb6056c7c33cdc7910e918b7ddb16d78d8844cc6e471557885a5e3d5e72901e5bcb7024095fbd8c0b7e134ff898670190fdab834b8f2d94cf92ed8069cc3c1a316559ea7e08cc8a04c87be9fc526121bee884d0e36679da92ad80db7655ffec6c2e2c56fedaadffcb8804df501f2e25df66c83ae6adae14a9328134f9ae47892c41813aacb53290a53a7753cd59af8f94adaf104784e3c4a396cfe095d4bfbac52f1bc851f146dc8120b7e3b4227059bba6365b1eb53f5a399054f34bcebfbc2a5c4040a8ec84d87281d3f53ad835735c373d2e90c3437374f3a698271dbc51e73fc01ab57c2edbb4ca026f25184288de2e2d903d47440c2640a6fcc07ea7bca8fef26479d0792d8ccfd7cd432e04cc1822d116bd2b049632af7fb1f18d9bae0f1c6fbfe5ad43753c91de415f026e7b268e0a657e132994c89da4dc406074db08ae4cd71fba600d478bb27321cd0778cf8b38920918821435e87029f43eaaa1eaaa161d9f01bf6dd658a001f312d16f38d075bf09959cef6566b70f307877ed4fe44f2defb07cc36e95e52e54f25023abbd695ae6a467c97340b4cc89564b1db8831a96c5ff8ce71a02a93b52453cc5a1252be4c043675580e00f15d9333bc07dcb63a99c9344503bfdabb26ca96d12881438609df2c46c29b16c260a3ca76b1394ef3edef4a3dfdd5abf2a7d681d76c30ebdaeaaa673c5c10b6093c2aa9b7373231a0c814812a03152153076a3ca826fbdef0e3826d8ca2c9c3ed6503bca3b6031e2b51032eb0e5e78b269cb2e8f8b0853537e0e8459a6bffadf4b30fadcbb9cd062a74b3a2d9a06a26110ab6c98da772d84f121fd53b1d40c10c02ca97ca20e54ae03c10d25bc59d114df427152a689a123a138aac7c2d45e195c1fa49c326cda476c32de9bd5fbe31b30fa7449b13025d4d2b5df5f434a130e19e26f870459cdfbf3adcbe8903351e54130e2dcb7c76c9c872c3713723dcb564256640b1c1866f772e80e7fb1a02b091716193dbb1d96063e6e057ee4e3df7afc1df07533692fb5ccc5a82aeba6238e5b71c2b67323c6c806591aa71fb260ad444a11abf670b947482264a2f1522c153fa66e26809042f56e700f9bfbbe7c077bbda4a3394e3c0a61ebf2adffdc7ef1ddaf9276c759ea2760d01e86a6ab441f58c87f3646ecc2c25aa1bce1f59364338896c5fe5df4ba152938e9109ee2453b8fee07e3ee05500698ad9c130c67bbe2f093d5903eebf6620cd54ab7e32b0c9edf38a7deffec0d0f6e4ae863bbe33106993d94be952e6c4b228dccbaacf60564dd2a4b4d13b1cb89111675e7c63c6c5519374fbc651df720a4542fa804efd6f2760b3ba5eb03390b74761742407f981b80b2196c32375f052dd5bff220fd1deb16123e14ac8ced1521cbafbdee19f3fd85a1c901d9f9b024a175105ba9ad5ae0a93264a3c17025d6ad4a88e38ea72dcbe8a01e5150a1658340fd9620a52a9340cf7e5a1bfcb84a1a34d307c60190cbf740da40fae82fcf176df639fb11c895ffdea8ee4bbefcf90ba53e5618350d8e43db58ee6db997bf9bdf599376e12ee6530a6ab890c66154d041be88a44c360233c769b0d6edf545d5e9c29d9a245b0ec02d89441966a002bcdea733e0134d30034cd3cc3a21172a3b3dde0594e3d2fa1039cd8cc6c214f24ef7d6073fab98fceb1066e9f0c6c72bb09b4e1a6d157bfcacefeb93712d7ec83f20d3755db07b33a460b805fd528d0d066389c796bfc8a5adb40a98650215c1cac4c0c683ecaa0aa079265c291651e5bde996392a8cd2dcaf3bfc7eabf2afb688ad77df8710cbadcb6c6f77de33d233b47e6177bef9d0c6cd2308379ebe89e87e6172e7dfbd9a63bb7079227d8dda820623a1baab02b5875755e1e631221ec3399cb19ee6f50c1470f4c09aa2b999441a0b014ed3c50a6f0349b0048370229d43925dd0aa6fbf00df03d9fbb5c3b278cb31dfcbf817c441076cf2afeb4f1dd7f7fe7e80b27d7e44efcd16460536d65befb93748418cf35deb11dfc333acb6f8743576d53f1550570ce9d34f0a3077e299ca384105a59a866804a050da1b268813fa3cdc836835d8882914b82996f8258be9155f9880f26d95939e892076f5cbe4e051032f6d05bef66bb3ad896fdec77d91f4f24f0f13f59c5d5c3623ddf70fb76a69c7475bef363e00e38201398eac1b355b9ae4fe057c5a0db065e07672f98169f594dd055c57838b5915b4d9a442936dff4f0ed990ca909a0e47b8b32c6b28b3cbe22c538180ca84801c16a02c34ab840959dff256cc6b390d983822ea3f2de5dac74b3759cdbbde3c73ffee1b3f23d226921e32b53014142673f97bc633b4d11824a47c79888681ce8f029969441f71884cdbc214ab5c4733318381a4c9994dc95a346822ff379701aba67b0db57eebd967407ad3c9f83dc28242192672ea0550f31ab81c135373481a1de783c050baa19945532b5343636a217d13dd0dfff30828590fde091efef1feb6fc0ca2ddbc5c03fbcc65697cf276fdf81cbd5b9ce8f4d06b4a0d2e54974e4a5e45b9f0a421d004f0377193993c190ac899234f1bedf74da28dbd03d13a092564077502857b43087ab56d46a66a515a2c566207674ec8445a882a9e3da68a89aa9f0cd9d3b17e6cd9b0b4d4d4db074e952b63e0feaeaf87c0aedac6c0667c6ebee471efec771ffc610e87cae9e581a0cbaed78190cba8f4ff5fb5c9b3dfec941b3b9e770e29abd227eb394620bd59df1aee58c7ea6d7673ff70597aa152b56407b7b3babac5e7cf27aef53409af7424f4f040a45f2a603e5c65922c6c20c2129c6206a374384811567609976126276ab930d948a33c6ba8428dc750c533e673d1a8d31b8e6c0e2c58bb982216408d7040d6f765b5979e09aabd79e1cef60a54d4cce5d1211d9457441b0111bdbd4daee1a79fe7dab72dd7f3cd5ef3c4be2277fd6fc8ecf0d465abb44667450246cf202420ddce5d8fd9ffd7c2870729af1d7fb9e04abe115b8d813bda240c96f0eaf05632c4c6410db146035411d9d03119a8484bd70828ae525256c5f82c2cb2ada63c0d7d6d6c6a04ac29c396db068910358535363a57e068ce3b68c075e087418d761ef7f9c89191bb09b0574f75d0e74e7a20b1f7baaf91ddf13c17baf800e933605a9b03319baea984448c670ee6399bc001f67e19a0a581301cae70eb218cb4962142041178061d731b092d0008b214edbc0a0b15070265a42b281a1aea365d910894420cedcc0782c06c96412e632f55ab870012c5eb4683abe7aee661e3e72f421a1784363b8976a1c0742797cdfe4738d776e75e2b2a941b7a0d0732f5bfc1326a6c199525ded8132e3e3b8190ddc987d2945e6722c579290c96b3b6f2c16ee60842620465ba10edaa08dcc653e5223f391e63a2a4b9c9b80a33cf2196dca8886607abddc7ac86cd2b82c160b5cc91209760df13898a6090df5f5509748f8be0ffcfcc1c12118181884ce135db0feda75d0d6da3a1d3fc7a759b98f81771f836eff24a1830074db28107375ae6bd2311d7692be2e7d70e381fa0d031032525c0357a94c65a0e3b2fc97cf8fd1bb64bc2e4e769127320c1a810499c3fc9f16a837e6418c3441a3b9b4bcfb0765d2ee5358e7b14926c3ff86baba0453ae38c4e3751c342cf2f1caca13477d9f2dfb35e2eb6c2e07afbcb20fd6af5f074b164f8bda6162a58341872ee6231384ae18f6cb3cdf78c7f63c89a7afce1efd381f693009eb8e2f3f2f405361d3c0552053e9478f82dbad4b26e18a1619f7ab2e0a7710dbb61acd25ec8fae873883aa397a15070cdd415969edf1ba364da2047b6658c522e40b79b6b4789c85ca158b46e1aae5cba1a1a1c1f75ef53a3cc526a1ebce53553df08e1e390af3999b198d46a7eba7799841d7cda07b768ad0f1b6bb979337ff7c20d2dc7b6b6acfe7270adda5c89c3dc36653baf48e5c1d56352ea5fb3cb6405ca30a196f2c16ee609434b09284a6c85248c617409dd10c0de68232fd03c3bb8c8de7d296030b0baa568e290ec65bb1b8136b251b5861a02558fc256f1c6160850125b7955b57c12b5a168c8ca4a0adad753a7f9ead0cbaf649c47445f0b7a1e17af168ddda3d06a55fb83ebdff937534b77ccc1b2718993d0d373e29922439a579a06afa55ce78e0d4cae46b83934993420e1a22f32161ce8144b4051a230ba135d65ea2164137b06c5c0863f5d22805d1b28a904933b8f279a8638a55c75dc2182c5bb694a958138fbdfc508348f73b75110772dab61d0a57f03b9888cae1d262c08d8e4e3b702d22aefb52b903cac474aaca71f80e27aede7b213aff73f70ceffa74939dbaa91c6ccf37defebf2e46179c046f3259095dd50037a3fddecffcd9fdee97884d02cbdbdb95b6aac9b44f851715c489b892a85805065684b96ae80ad6d727a0b5b5558065b82eb0da30efbedfa68a3b4c7d7f87fa3704af437d2dd7c3b6a9ebdd5d9df0ce77be8341bf6cba7f22742b578c77d0184d06d8e28e034d1b05c0ad37a7f6be7d6deed88762b43857be69c06c39b43b79cbe302b63ed11cd08fbb44b65282874d02542b5c25b294107401c3bb364d2ac61a43c18a85020c8f8c401453f04cb9eaebeb61d1c285d0d8d40811d32c4d8352eace7aec4c31eeef608d3361c96bb7d5342a554f434b1ee618a674612ae764368b70e6f469181e1ee6d77c05ac7d22078d93bd94dbd0352cec49def4142b2faec91e5f1bb773cd7d91b6c1f3b1459784a2215cd8ee3624542ea870ba59a05259ca42a1386ed7a689c65c6a41f72f1e8b437373138fb3b09b13361afff4a73bd9f628ac5f7f2dc4d81294071fbacfde561c044aa897d9716619e7331cbb6e306eb0e56d5e4c3accdc49543977c239eab5290663b52078ea7e742107fafba1b7f71257e11b6eb81ee6cf9f3fa37ec931a05363bc8228a96375ab07850a1a627f46409712e0055d4a9d34a9649632c5d4267c9cd6c463ae7a4cb5333710979815c4128d4614c5f02afca64d9b60dbb66d5c2dd6ac590b8b972c164f1b25ee238afd02e750e641a680254d541d83fdb3451d511f9355ba0e651324b8c4e9df53a9140c0d0ef01b12ba94b7dc720b2b375f91dfa7b7b7b712d0a90a6709e046c1dfa86d0b38b3a264046c0555ddf468810ab9946e5b14d0d027a1060b4eed96483440b2a19ea9538cb767a14b28cf25eb3219a3657ce9d22570cf3df7c0eedd2fc1ebafbf0e9d9d9db060c102a61cf37807e092605840e85c03f1544d6456b9c051a184c2ed74dfa7ac53dfbabf4900950c152c9bcd423a9d863c8b27d1f5455bb366355c7ffd26dedc70a5acbbbbbb124a275d414ba8555e00271ffc21ef42c5800a5ad596a19cf14993fff2a77fd625e384e69666d8b8715349bf42042a623a7116aa17660a3115ef298137c77e1870eeacc38ac2a92a820af2eaabfb18705dfcbc262bb8c4de1cc9c62457c938cf4ed681892ea29066aa74f1f2254ef8365b5957131fb69b40c16d0818c665050615c2c50163af7961dbb0b901e3cab56bd77077f84a1a82ffc31ffe982db39bfef6a1bfd93f95730492296a42c500ff33e5d4e6042bd0b4505523be677ceb3c836e23ab805b5a5b5bb76cb8eeba0ee60eb6d437d46fc264464274732a551b5231e0e47b11bc3367ce4057f7491861ee6d4480172c98b9c406676c0e70b645f9c4a984cf64eccce948d8d2906e22b69b09886ccb76012b140bdc4d745f8bd2dcd4042dad2db090a92dc69dc1e4d295b21d3b76c2d9b367f0b33733e09e9dea7902d0a9994cf575d8a053a836d8aa02b8a03dfd8b67beb860fefc07c6fca3a60138f55c58f1317e191e1e81fe8141de549067db54f0103abe94dba2de7a54bcc68ec8782e0f2a0f2e0e288316d513cfd5dcd4c8554c8e7b5341bbd2c03dfbec7370e4c851dec9e072811b03bc71b369d538216ca4da2e187b5034616f8d32ea76250cdd581c67b6640929713fd10d348801236cdd104a864b621a7c3bdf6610d1e0ed345263fd31995b8c6ea4841520bc21fecd3474695f7ae9653876ecd8b46431057874a2c756a345aaf1a22ff5f6f1ceb9a669cea8ebc23169b2a9a0a5a5d98305bc871f0655a934c33a33bff3fefe7ef8f5af5f60cade37ad9fa31f393c030defb47d7dfd3c63a86dfaedc0810370e8d01b9820d15fc62c048ecf75822e1b76d265f11cef56a5adf28649a2bd7b5f65aef2088f37b5cd4ee03ae40ab6479d3d778ecfd7917026c2d15601c3f6b523478e713752ed58ad6d96ba94aa6186efc2858bd0984cf2b809930edaa6e0a6170a70eae429387aec1853b4516544c3d8de462532941ab82ab4d4680a46474779ea1cc19bc6c1973565172e5c8053a7cec039e629a09a4d4ed1c843fa1b9ca5c079e08dc2683acde7ffc046e864b241ffca8a611b5f7fff005cbcd803e7196c98809aa2dbd84d88066e3600d73d9183d2990c64b2193ec10e8297483800ce46c30453efa55ee863a0c9b88c77279b7a7c36c860bbef6fbef1b5218dd0e48c54e345ffe4f1edbf623ff8667f8f10315c46e93d22b7b93d4688336200fb3de2c86c6cc09e4a4f93d2fd816b002819a9eeac4fa61daedc0874675ff01c6a4c8b0a3f34342c66f31a70fb6a6223bbeca7298173fb728a6db6d8a6bee6132e59b6eceb39c8b66dfeebaf3fb85fe3337b5cca07c099a074d296c9667991436d24784e89f265b5582693855c3e07e97486c5af691ec362e6d65660a9b06186788b866d96291cda635b77fc898c2126a3703e4502ef38f77dec1f82875daf5009711f4e5b8786dbb177cb955238ec918f6d8d857cc11d29c021c3213aac84a956b972b90ac794ed21b6fec0835ffdb27623672370688f6ffbe91751ed2a0d9cfb5e754a0331e25b9e0b3b15cbfd0821c228df2fdd4ff7eb0d3ea949998b0541421024141cb2a2c53b06f3be96d841982f3d48ac31209a06e07631e01ef8f2fff8924effcf76e0d0b66edff97eb6789855f0962b095c582ce7db06507a2d621fafc89657d94b0b9d09c075a3a27de981cf3fa231d1c0f96cdb8e9d389fe143ac5adfa781bb6ce076b16d0f7de1bfdfbf4de3a1811bd3b6ef78e26e56ab1f90194c0ddc84811b64eb0f23689ffdf3cf9cd45868e026653b763e7937abdc5b58fddea2812b7b2c42b6955dc3d6cffce9a7b59a69e02edf9ef8d9d338286d8b031fd9a481b33ad872177bbdf5d39ffa844e8268e0a6cf9e7cea17cbd95f8baee67dec252e5b6601701d5810322c1fffa3ffa0dd450ddc9b634fffe299bb19069b9c780f98fa91f62a07ae5b02e6a4f269c7bfdff261dd66a6819b99f6ccaee7d0fddcc4d040f563f0413b7743015a661870bbd8faa050ae6e065cf7bffbb7bfa7dd430d5cedd8f32fecdec8c1030e61bb8008d5b145018ebf9e0270dda248e0d83aed16c07533e0ba197083efbaf71dba3b95366ddab469d3a64d9b366ddab469d3a64d9b366ddab469d3a64d9b366ddab469d3a64d9b366ddab469d3a64d9b366ddab469d3a64d9b366ddab469d3a64d9b366ddab469d3a64d9b366ddab469d3a64ddb9b65ff5f800100ee63ddcac18541a50000000049454e44ae426082, 'application/pdf', 'APPROVED', '2015-10-30', 'user1', '2015-10-30', 'lcu1');

-- --------------------------------------------------------

--
-- Table structure for table `internship_registration_history`
--

CREATE TABLE IF NOT EXISTS `internship_registration_history` (
  `GUID` varchar(36) NOT NULL,
  `USER_DETAIL_ID` varchar(36) NOT NULL,
  `EDUCATION_LEVEL_ID` varchar(36) NOT NULL,
  `MASTER_TOPIC_ID` varchar(36) NOT NULL,
  `INTERNSHIP_PROJECT_ID` varchar(36) NOT NULL,
  `PROGRAM_ID` varchar(36) NOT NULL,
  `START_DATE` date NOT NULL,
  `END_DATE` date NOT NULL,
  `PROPOSAL` blob NOT NULL,
  `COVER_LETTER` blob NOT NULL,
  `STATUS` varchar(25) NOT NULL,
  `DTMCRT` date NOT NULL,
  `USRCRT` varchar(30) NOT NULL,
  `DTMUPD` date NOT NULL,
  `USRUPD` varchar(30) NOT NULL
) ENGINE=InnoDB DEFAULT CHARSET=utf8;

-- --------------------------------------------------------

--
-- Table structure for table `major`
--

CREATE TABLE IF NOT EXISTS `major` (
  `GUID` varchar(36) NOT NULL,
  `MAJOR_NAME` varchar(255) NOT NULL,
  `DTMCRT` date NOT NULL,
  `USRCRT` varchar(30) NOT NULL,
  `DTMUPD` date NOT NULL,
  `USRUPD` varchar(30) NOT NULL
) ENGINE=InnoDB DEFAULT CHARSET=utf8;

--
-- Dumping data for table `major`
--

INSERT INTO `major` (`GUID`, `MAJOR_NAME`, `DTMCRT`, `USRCRT`, `DTMUPD`, `USRUPD`) VALUES
('3202b53f-44f9-11e5-aa2f-00ff7f4e65c4', 'Manajemen', '2015-08-17', 'admin', '2015-08-17', 'admin'),
('4ce1fb03-7487-11e5-adc2-28d244bd1b19', 'Baru', '2015-10-17', 'aa', '0000-00-00', ''),
('55f32de8-3a7f-11e5-a2d1-9cad97aa3b20', 'Teknik Mesin', '2015-08-04', 'admin', '2015-08-04', 'admin'),
('55f32f82-3a7f-11e5-a2d1-9cad97aa3b20', 'Teknik Pertambangan', '2015-08-04', 'admin', '2015-08-04', 'admin'),
('55f33108-3a7f-11e5-a2d1-9cad97aa3b20', 'Ilmu Komputer', '2015-08-04', 'admin', '2015-08-04', 'admin'),
('9c8c9ca3-7e61-11e5-aa82-28d244bd1b19', 'Teknik Informatika', '2015-10-30', 'azizah', '0000-00-00', ''),
('b3568324-7ee6-11e5-bc1f-28d244bd1b19', 'Sistem Informasi', '2015-10-30', 'azizah', '0000-00-00', '');

-- --------------------------------------------------------

--
-- Table structure for table `master_topic`
--

CREATE TABLE IF NOT EXISTS `master_topic` (
  `GUID` varchar(36) NOT NULL,
  `TOPIC_NAME` varchar(255) NOT NULL,
  `DTMCRT` date NOT NULL,
  `USRCRT` varchar(30) NOT NULL,
  `DTMUPD` date NOT NULL,
  `USRUPD` varchar(30) NOT NULL
) ENGINE=InnoDB DEFAULT CHARSET=utf8;

--
-- Dumping data for table `master_topic`
--

INSERT INTO `master_topic` (`GUID`, `TOPIC_NAME`, `DTMCRT`, `USRCRT`, `DTMUPD`, `USRUPD`) VALUES
('1be63b49-7db4-11e5-8cd3-28d244bd1b19', 'Umum', '2015-10-29', 'aa', '0000-00-00', ''),
('40200fa2-7db4-11e5-8cd3-28d244bd1b19', 'Sistem Analis', '2015-10-29', 'aa', '0000-00-00', ''),
('5000bf35-7db4-11e5-8cd3-28d244bd1b19', 'T. Elektro (Arus Lemah)', '2015-10-29', 'aa', '0000-00-00', ''),
('5442c9bd-7db4-11e5-8cd3-28d244bd1b19', 'T. Elektro (Arus Kuat)', '2015-10-29', 'aa', '0000-00-00', ''),
('6168c612-7db4-11e5-8cd3-28d244bd1b19', 'T. Elektro & Telekomunikasi (Control)', '2015-10-29', 'aa', '0000-00-00', ''),
('68d01b5e-7db4-11e5-8cd3-28d244bd1b19', 'T. Elektro & Telekomunikasi (Robotik)', '2015-10-29', 'aa', '0000-00-00', ''),
('6d67dbb6-7db4-11e5-8cd3-28d244bd1b19', 'T. Elektro & Telekomunikasi (Kendali)', '2015-10-29', 'aa', '0000-00-00', ''),
('758268bb-7db4-11e5-8cd3-28d244bd1b19', 'Risk Management', '2015-10-29', 'aa', '0000-00-00', ''),
('8b13d5b4-7db4-11e5-8cd3-28d244bd1b19', 'Internal Control', '2015-10-29', 'aa', '0000-00-00', ''),
('8fcba489-7db4-11e5-8cd3-28d244bd1b19', 'MIPA', '2015-10-29', 'aa', '0000-00-00', ''),
('935209a7-7db4-11e5-8cd3-28d244bd1b19', 'Elins', '2015-10-29', 'aa', '0000-00-00', ''),
('9668b9dc-7db4-11e5-8cd3-28d244bd1b19', 'Fisika', '2015-10-29', 'aa', '0000-00-00', ''),
('9a8d5214-7db4-11e5-8cd3-28d244bd1b19', 'Electrical', '2015-10-29', 'aa', '0000-00-00', ''),
('9f85904f-7db4-11e5-8cd3-28d244bd1b19', 'Hidraulic', '2015-10-29', 'aa', '0000-00-00', ''),
('aaa315c4-7db4-11e5-8cd3-28d244bd1b19', 'T. Telekomunikasi (FDS)', '2015-10-29', 'aa', '0000-00-00', ''),
('b2ef96a8-7db4-11e5-8cd3-28d244bd1b19', 'Avionic (Communication)', '2015-10-29', 'aa', '0000-00-00', ''),
('b865ce64-7db4-11e5-8cd3-28d244bd1b19', 'Engine Pesawat', '2015-10-29', 'aa', '0000-00-00', ''),
('bd79d060-7db4-11e5-8cd3-28d244bd1b19', 'Ilmu Perpustakaan', '2015-10-29', 'aa', '0000-00-00', ''),
('c1265f58-7db4-11e5-8cd3-28d244bd1b19', 'Network', '2015-10-29', 'aa', '0000-00-00', ''),
('c5a5088b-7db4-11e5-8cd3-28d244bd1b19', 'Data Center', '2015-10-29', 'aa', '0000-00-00', ''),
('c968b17c-7db4-11e5-8cd3-28d244bd1b19', 'Helpdesk', '2015-10-29', 'aa', '0000-00-00', ''),
('ce3ae3fe-7db4-11e5-8cd3-28d244bd1b19', 'Asset Management', '2015-10-29', 'aa', '0000-00-00', ''),
('d46b498f-7db4-11e5-8cd3-28d244bd1b19', 'Application & Database', '2015-10-29', 'aa', '0000-00-00', ''),
('da2c5075-7db4-11e5-8cd3-28d244bd1b19', 'Knowledge Management', '2015-10-29', 'aa', '0000-00-00', ''),
('e20dc656-7db4-11e5-8cd3-28d244bd1b19', 'Organization Culture', '2015-10-29', 'aa', '0000-00-00', ''),
('eb0cb712-7db4-11e5-8cd3-28d244bd1b19', 'Web Programer - IT', '2015-10-29', 'aa', '0000-00-00', ''),
('f129fa59-7db4-11e5-8cd3-28d244bd1b19', 'Sistem Analis - IT', '2015-10-29', 'aa', '0000-00-00', '');

-- --------------------------------------------------------

--
-- Table structure for table `member_of_group`
--

CREATE TABLE IF NOT EXISTS `member_of_group` (
  `GUID` varchar(36) NOT NULL,
  `MS_GROUP_ID` varchar(36) NOT NULL,
  `USER_DETAIL_ID` varchar(36) NOT NULL,
  `DTMCRT` timestamp NOT NULL DEFAULT CURRENT_TIMESTAMP ON UPDATE CURRENT_TIMESTAMP,
  `USRCRT` varchar(30) NOT NULL,
  `DTMUPD` timestamp NOT NULL DEFAULT '0000-00-00 00:00:00',
  `USRUPD` varchar(30) NOT NULL
) ENGINE=InnoDB DEFAULT CHARSET=utf8;

--
-- Dumping data for table `member_of_group`
--

INSERT INTO `member_of_group` (`GUID`, `MS_GROUP_ID`, `USER_DETAIL_ID`, `DTMCRT`, `USRCRT`, `DTMUPD`, `USRUPD`) VALUES
('7e13dc73-7ec7-11e5-aa82-28d244bd1b19', '3c806e53-3dcf-11e5-901c-00ff7f4e65c4', '6ff867a4-7ec7-11e5-aa82-28d244bd1b19', '2015-10-30 05:31:38', 'Aa', '0000-00-00 00:00:00', ''),
('b34f7503-7ee6-11e5-bc1f-28d244bd1b19', '3c804b19-3dcf-11e5-901c-00ff7f4e65c4', 'b3446847-7ee6-11e5-bc1f-28d244bd1b19', '2015-10-30 09:15:02', 'azizah', '0000-00-00 00:00:00', ''),
('cdab4115-7ec7-11e5-aa82-28d244bd1b19', '3c804b19-3dcf-11e5-901c-00ff7f4e65c4', 'cd9b386f-7ec7-11e5-aa82-28d244bd1b19', '2015-10-30 05:33:51', 'user1', '0000-00-00 00:00:00', ''),
('f4107903-7ec7-11e5-aa82-28d244bd1b19', '3c8027d0-3dcf-11e5-901c-00ff7f4e65c4', 'f40d18cf-7ec7-11e5-aa82-28d244bd1b19', '2015-10-30 05:34:56', 'aa', '0000-00-00 00:00:00', ''),
('fc9bf514-7ec7-11e5-aa82-28d244bd1b19', '3c8027d0-3dcf-11e5-901c-00ff7f4e65c4', 'fc92bb41-7ec7-11e5-aa82-28d244bd1b19', '2015-10-30 05:35:10', 'aa', '0000-00-00 00:00:00', '');

-- --------------------------------------------------------

--
-- Table structure for table `message`
--

CREATE TABLE IF NOT EXISTS `message` (
  `GUID` varchar(36) NOT NULL,
  `UNIT_ID` varchar(36) NOT NULL,
  `INTERN_ID` varchar(36) NOT NULL,
  `TITLE` varchar(100) NOT NULL,
  `SENDER_ID` varchar(36) NOT NULL,
  `MESSAGE_ID` varchar(36) NOT NULL,
  `MESSAGE` text NOT NULL,
  `DTMCRT` datetime NOT NULL,
  `STATUS` varchar(20) NOT NULL
) ENGINE=InnoDB DEFAULT CHARSET=latin1;

--
-- Dumping data for table `message`
--

INSERT INTO `message` (`GUID`, `UNIT_ID`, `INTERN_ID`, `TITLE`, `SENDER_ID`, `MESSAGE_ID`, `MESSAGE`, `DTMCRT`, `STATUS`) VALUES
('24f2bd89-817e-11e5-9fd6-28d244bd1b19', '61ddb5a0-7d01-11e5-8cd3-28d244bd1b19', 'f8c44fda-7ecc-11e5-aa82-28d244bd1b19', 'Re: judul', 'cd9b386f-7ec7-11e5-aa82-28d244bd1b19', 'aeb4f07b-817c-11e5-9fd6-28d244bd1b19', 'syalala', '2015-11-02 23:24:09', 'Waiting reply'),
('aeb4f07b-817c-11e5-9fd6-28d244bd1b19', '61ddb5a0-7d01-11e5-8cd3-28d244bd1b19', 'f8c44fda-7ecc-11e5-aa82-28d244bd1b19', 'judul', 'cd9b386f-7ec7-11e5-aa82-28d244bd1b19', 'aeb4f07b-817c-11e5-9fd6-28d244bd1b19', 'pesan', '2015-11-02 23:13:41', 'On Hold'),
('c904ba11-817d-11e5-9fd6-28d244bd1b19', '61ddb5a0-7d01-11e5-8cd3-28d244bd1b19', 'f8c44fda-7ecc-11e5-aa82-28d244bd1b19', 'Re: judul', 'f40d18cf-7ec7-11e5-aa82-28d244bd1b19', 'aeb4f07b-817c-11e5-9fd6-28d244bd1b19', 'dibales nih ama LCU-nya', '2015-11-02 23:21:34', 'Opened'),
('e0836a9e-8183-11e5-9fd6-28d244bd1b19', '61ddb5a0-7d01-11e5-8cd3-28d244bd1b19', 'f8c44fda-7ecc-11e5-aa82-28d244bd1b19', 'Re: judul', 'f40d18cf-7ec7-11e5-aa82-28d244bd1b19', 'aeb4f07b-817c-11e5-9fd6-28d244bd1b19', 'ciyaaaat', '2015-11-03 00:05:11', 'Replied');

-- --------------------------------------------------------

--
-- Table structure for table `ms_group`
--

CREATE TABLE IF NOT EXISTS `ms_group` (
  `GUID` varchar(36) NOT NULL,
  `GROUP_NAME` varchar(255) NOT NULL,
  `ACTIVE` char(1) NOT NULL,
  `DTMCRT` datetime NOT NULL,
  `USRCRT` varchar(30) NOT NULL,
  `DTMUPD` datetime NOT NULL,
  `USRUPD` varchar(30) NOT NULL
) ENGINE=InnoDB DEFAULT CHARSET=utf8;

--
-- Dumping data for table `ms_group`
--

INSERT INTO `ms_group` (`GUID`, `GROUP_NAME`, `ACTIVE`, `DTMCRT`, `USRCRT`, `DTMUPD`, `USRUPD`) VALUES
('3c8027d0-3dcf-11e5-901c-00ff7f4e65c4', 'LCU', 'A', '2015-08-08 00:00:00', 'admin', '2015-08-08 00:00:00', 'admin'),
('3c804b19-3dcf-11e5-901c-00ff7f4e65c4', 'USER', 'A', '2015-08-08 00:00:00', 'admin', '2015-08-08 00:00:00', 'admin'),
('3c806e53-3dcf-11e5-901c-00ff7f4e65c4', 'ADMIN', 'A', '2015-08-08 00:00:00', 'admin', '2015-08-08 00:00:00', 'admin');

-- --------------------------------------------------------

--
-- Table structure for table `program`
--

CREATE TABLE IF NOT EXISTS `program` (
  `GUID` varchar(36) NOT NULL,
  `PROGRAM_NAME` varchar(20) NOT NULL,
  `DTMCRT` datetime NOT NULL,
  `USRCRT` varchar(30) NOT NULL,
  `DTMUPD` datetime NOT NULL,
  `USRUPD` varchar(30) NOT NULL
) ENGINE=InnoDB DEFAULT CHARSET=utf8;

--
-- Dumping data for table `program`
--

INSERT INTO `program` (`GUID`, `PROGRAM_NAME`, `DTMCRT`, `USRCRT`, `DTMUPD`, `USRUPD`) VALUES
('041cbe3f-44e6-11e5-aa2f-00ff7f4e65c4', 'IMAS', '2015-08-17 00:00:00', 'admin', '2015-08-19 00:00:00', 'admin'),
('475b8ade-4229-11e5-94fe-00ff7f4e65c4', 'AMEL', '2015-08-14 00:00:00', 'admin', '2015-08-19 00:00:00', 'admin'),
('4d49ad68-441e-11e5-aa2f-00ff7f4e65c4', 'KM Portal 7', '2015-08-16 00:00:00', 'admin', '2015-08-17 00:00:00', 'admin'),
('e52d1c22-467d-11e5-aa2f-00ff7f4e65c4', 'Digital Repository', '2015-08-19 00:00:00', 'admin', '2015-08-19 00:00:00', 'admin');

-- --------------------------------------------------------

--
-- Table structure for table `quota`
--

CREATE TABLE IF NOT EXISTS `quota` (
  `GUID` varchar(36) NOT NULL,
  `TOPIC_ID` varchar(36) NOT NULL,
  `MONTH` tinyint(2) NOT NULL,
  `YEAR` year(4) NOT NULL,
  `WEEK1` smallint(6) DEFAULT NULL,
  `WEEK2` smallint(6) DEFAULT NULL,
  `WEEK3` smallint(6) DEFAULT NULL,
  `WEEK4` smallint(6) DEFAULT NULL,
  `WEEK5` smallint(6) DEFAULT NULL,
  `DTMCRT` date NOT NULL,
  `USRCRT` varchar(30) NOT NULL,
  `DTMUPD` date NOT NULL,
  `USRUPD` varchar(30) NOT NULL
) ENGINE=InnoDB DEFAULT CHARSET=utf8;

--
-- Dumping data for table `quota`
--

INSERT INTO `quota` (`GUID`, `TOPIC_ID`, `MONTH`, `YEAR`, `WEEK1`, `WEEK2`, `WEEK3`, `WEEK4`, `WEEK5`, `DTMCRT`, `USRCRT`, `DTMUPD`, `USRUPD`) VALUES
('6967e143-7ec8-11e5-aa82-28d244bd1b19', 'f129fa59-7db4-11e5-8cd3-28d244bd1b19', 10, 2015, NULL, NULL, NULL, NULL, 5, '2015-10-30', 'lcu1', '0000-00-00', ''),
('69806adc-7ec8-11e5-aa82-28d244bd1b19', 'eb0cb712-7db4-11e5-8cd3-28d244bd1b19', 10, 2015, NULL, NULL, NULL, NULL, 3, '2015-10-30', 'lcu1', '0000-00-00', ''),
('6df50706-7ecb-11e5-aa82-28d244bd1b19', 'd46b498f-7db4-11e5-8cd3-28d244bd1b19', 10, 2015, NULL, NULL, NULL, NULL, 5, '2015-10-30', 'lcu1', '0000-00-00', ''),
('6e2238fd-7ecb-11e5-aa82-28d244bd1b19', '9a8d5214-7db4-11e5-8cd3-28d244bd1b19', 10, 2015, NULL, NULL, NULL, NULL, 5, '2015-10-30', 'lcu1', '0000-00-00', '');

-- --------------------------------------------------------

--
-- Table structure for table `quota_per_unit`
--

CREATE TABLE IF NOT EXISTS `quota_per_unit` (
  `GUID` varchar(36) NOT NULL,
  `UNIT_ID` varchar(36) NOT NULL,
  `QUOTA` tinyint(4) NOT NULL,
  `DTMCRT` date NOT NULL,
  `USRCRT` varchar(30) NOT NULL,
  `DTMUPD` date NOT NULL,
  `USRUPD` varchar(30) NOT NULL
) ENGINE=InnoDB DEFAULT CHARSET=latin1;

--
-- Dumping data for table `quota_per_unit`
--

INSERT INTO `quota_per_unit` (`GUID`, `UNIT_ID`, `QUOTA`, `DTMCRT`, `USRCRT`, `DTMUPD`, `USRUPD`) VALUES
('912345b1-7ec7-11e5-aa82-28d244bd1b19', '61ddb5a0-7d01-11e5-8cd3-28d244bd1b19', 10, '2015-10-30', 'aa', '0000-00-00', ''),
('912503e8-7ec7-11e5-aa82-28d244bd1b19', '62c6108f-7d05-11e5-8cd3-28d244bd1b19', 10, '2015-10-30', 'aa', '0000-00-00', ''),
('91250637-7ec7-11e5-aa82-28d244bd1b19', '698aafda-7d01-11e5-8cd3-28d244bd1b19', 10, '2015-10-30', 'aa', '0000-00-00', ''),
('91250724-7ec7-11e5-aa82-28d244bd1b19', '89562ac9-4355-11e5-ba5d-00ff7f4e65c4', 10, '2015-10-30', 'aa', '0000-00-00', '');

-- --------------------------------------------------------

--
-- Table structure for table `selected_topic`
--

CREATE TABLE IF NOT EXISTS `selected_topic` (
  `GUID` varchar(36) NOT NULL,
  `UNIT_ID` varchar(36) NOT NULL,
  `MASTER_TOPIC_ID` varchar(36) NOT NULL,
  `DTMCRT` date NOT NULL,
  `USRCRT` varchar(30) NOT NULL,
  `DTMUPD` date NOT NULL,
  `USRUPD` varchar(30) NOT NULL
) ENGINE=InnoDB DEFAULT CHARSET=utf8;

--
-- Dumping data for table `selected_topic`
--

INSERT INTO `selected_topic` (`GUID`, `UNIT_ID`, `MASTER_TOPIC_ID`, `DTMCRT`, `USRCRT`, `DTMUPD`, `USRUPD`) VALUES
('3007b065-7ecb-11e5-aa82-28d244bd1b19', '61ddb5a0-7d01-11e5-8cd3-28d244bd1b19', 'd46b498f-7db4-11e5-8cd3-28d244bd1b19', '2015-10-30', 'lcu1', '0000-00-00', ''),
('300961c3-7ecb-11e5-aa82-28d244bd1b19', '61ddb5a0-7d01-11e5-8cd3-28d244bd1b19', '9a8d5214-7db4-11e5-8cd3-28d244bd1b19', '2015-10-30', 'lcu1', '0000-00-00', ''),
('56649dc8-7ecb-11e5-aa82-28d244bd1b19', '62c6108f-7d05-11e5-8cd3-28d244bd1b19', 'f129fa59-7db4-11e5-8cd3-28d244bd1b19', '2015-10-30', 'lcu2', '0000-00-00', ''),
('566908a5-7ecb-11e5-aa82-28d244bd1b19', '62c6108f-7d05-11e5-8cd3-28d244bd1b19', 'eb0cb712-7db4-11e5-8cd3-28d244bd1b19', '2015-10-30', 'lcu2', '0000-00-00', '');

-- --------------------------------------------------------

--
-- Table structure for table `unit`
--

CREATE TABLE IF NOT EXISTS `unit` (
  `GUID` varchar(36) NOT NULL,
  `UNIT_CODE` char(5) NOT NULL,
  `UNIT_NAME` varchar(50) NOT NULL,
  `UNIT_DESC` varchar(255) NOT NULL,
  `DTMCRT` date NOT NULL,
  `USRCRT` varchar(30) NOT NULL,
  `DTMUPD` date NOT NULL,
  `USRUPD` varchar(30) NOT NULL
) ENGINE=InnoDB DEFAULT CHARSET=utf8;

--
-- Dumping data for table `unit`
--

INSERT INTO `unit` (`GUID`, `UNIT_CODE`, `UNIT_NAME`, `UNIT_DESC`, `DTMCRT`, `USRCRT`, `DTMUPD`, `USRUPD`) VALUES
('61ddb5a0-7d01-11e5-8cd3-28d244bd1b19', 'TPU', 'Teknik Informatika', 'Teknik Informatika', '2015-10-28', 'aa', '0000-00-00', ''),
('62c6108f-7d05-11e5-8cd3-28d244bd1b19', 'TPA', 'Teknik Mengaji', 'Teknik Mengaji', '2015-10-28', 'aa', '2015-10-28', 'aa'),
('698aafda-7d01-11e5-8cd3-28d244bd1b19', 'TBC', 'Teknik Mesin', 'Teknik Mesin', '2015-10-28', 'aa', '0000-00-00', ''),
('89562ac9-4355-11e5-ba5d-00ff7f4e65c4', 'TPG', 'Marketing', 'Marketing', '2015-08-15', 'admin', '2015-10-28', 'aa');

-- --------------------------------------------------------

--
-- Table structure for table `unit_leader`
--

CREATE TABLE IF NOT EXISTS `unit_leader` (
  `GUID` varchar(36) NOT NULL,
  `UNIT_ID` varchar(36) NOT NULL,
  `USER_DETAIL_ID` varchar(36) NOT NULL,
  `START` year(4) NOT NULL,
  `END` year(4) NOT NULL,
  `STATUS` enum('0','1') NOT NULL DEFAULT '1',
  `DTMCRT` date NOT NULL,
  `USRCRT` varchar(30) NOT NULL,
  `DTMUPD` date NOT NULL,
  `USRUPD` varchar(30) NOT NULL
) ENGINE=InnoDB DEFAULT CHARSET=latin1;

-- --------------------------------------------------------

--
-- Table structure for table `user`
--

CREATE TABLE IF NOT EXISTS `user` (
  `GUID` varchar(36) NOT NULL,
  `USERNAME` varchar(30) NOT NULL,
  `PASSWORD` char(32) NOT NULL,
  `ISLOGIN` char(1) NOT NULL,
  `VERIFIED` enum('0','1') NOT NULL DEFAULT '0',
  `LASTLOGIN` datetime NOT NULL,
  `DTMCRT` datetime DEFAULT NULL,
  `DTMUPD` datetime NOT NULL,
  `USRUPD` varchar(30) NOT NULL
) ENGINE=InnoDB DEFAULT CHARSET=utf8;

--
-- Dumping data for table `user`
--

INSERT INTO `user` (`GUID`, `USERNAME`, `PASSWORD`, `ISLOGIN`, `VERIFIED`, `LASTLOGIN`, `DTMCRT`, `DTMUPD`, `USRUPD`) VALUES
('3dfe9b79-7ec7-11e5-aa82-28d244bd1b19', 'aa', '4124bc0a9335c27f086f24ba207a4912', '1', '1', '2015-10-30 16:45:33', NULL, '0000-00-00 00:00:00', ''),
('b33d1077-7ee6-11e5-bc1f-28d244bd1b19', 'azizah', '81dc9bdb52d04dc20036dbd8313ed055', '1', '1', '2015-11-02 23:23:15', '2015-10-30 16:15:01', '0000-00-00 00:00:00', ''),
('cd8ed273-7ec7-11e5-aa82-28d244bd1b19', 'user1', '24c9e15e52afc47c225b757e7bee1f9d', '1', '1', '2015-11-03 00:13:45', '2015-10-30 12:33:51', '0000-00-00 00:00:00', ''),
('f3f1e27d-7ec7-11e5-aa82-28d244bd1b19', 'lcu1', '467c5f3efa7368979dd02ea60c5e225f', '1', '1', '2015-11-03 00:04:10', '2015-10-30 12:34:56', '0000-00-00 00:00:00', 'aa'),
('fc73573d-7ec7-11e5-aa82-28d244bd1b19', 'lcu2', 'befeac7b4849972f2a2e4a38081c3372', '1', '1', '2015-11-02 19:57:48', '2015-10-30 12:35:10', '0000-00-00 00:00:00', 'aa');

-- --------------------------------------------------------

--
-- Table structure for table `user_detail`
--

CREATE TABLE IF NOT EXISTS `user_detail` (
  `GUID` varchar(36) NOT NULL,
  `USER_ID` varchar(36) NOT NULL,
  `UNIT_ID` varchar(36) NOT NULL,
  `FIRSTNAME` varchar(30) NOT NULL,
  `LASTNAME` varchar(30) NOT NULL,
  `ID_CARD` varchar(20) NOT NULL,
  `NIM_NIS` varchar(15) NOT NULL,
  `EMAIL` varchar(128) NOT NULL,
  `PLACE_OF_BIRTH` varchar(50) NOT NULL,
  `DATE_OF_BIRTH` date NOT NULL,
  `GENDER` char(1) NOT NULL,
  `USER_ADDRESS` text NOT NULL,
  `HOBBY` varchar(160) NOT NULL,
  `PHONE1` varchar(15) NOT NULL,
  `PHONE2` varchar(15) NOT NULL,
  `CONCERN` varchar(128) NOT NULL,
  `ABOUT_ME` text NOT NULL,
  `CV` blob NOT NULL,
  `MIME_CV` varchar(255) NOT NULL,
  `PHOTO` blob NOT NULL,
  `MIME_PHOTO` varchar(255) NOT NULL,
  `DTMCRT` timestamp NOT NULL DEFAULT CURRENT_TIMESTAMP ON UPDATE CURRENT_TIMESTAMP,
  `USRCRT` varchar(30) NOT NULL,
  `DTMUPD` timestamp NOT NULL DEFAULT '0000-00-00 00:00:00',
  `USRUPD` varchar(30) NOT NULL
) ENGINE=InnoDB DEFAULT CHARSET=utf8;

--
-- Dumping data for table `user_detail`
--

INSERT INTO `user_detail` (`GUID`, `USER_ID`, `UNIT_ID`, `FIRSTNAME`, `LASTNAME`, `ID_CARD`, `NIM_NIS`, `EMAIL`, `PLACE_OF_BIRTH`, `DATE_OF_BIRTH`, `GENDER`, `USER_ADDRESS`, `HOBBY`, `PHONE1`, `PHONE2`, `CONCERN`, `ABOUT_ME`, `CV`, `MIME_CV`, `PHOTO`, `MIME_PHOTO`, `DTMCRT`, `USRCRT`, `DTMUPD`, `USRUPD`) VALUES
('6ff867a4-7ec7-11e5-aa82-28d244bd1b19', '3dfe9b79-7ec7-11e5-aa82-28d244bd1b19', '', 'Aa', 'Admin', '', '', '', '', '0000-00-00', '', '', '', '', '', '', '', '', 'application/pdf', '', 'image/png', '2015-11-02 17:44:06', '', '0000-00-00 00:00:00', '');
INSERT INTO `user_detail` (`GUID`, `USER_ID`, `UNIT_ID`, `FIRSTNAME`, `LASTNAME`, `ID_CARD`, `NIM_NIS`, `EMAIL`, `PLACE_OF_BIRTH`, `DATE_OF_BIRTH`, `GENDER`, `USER_ADDRESS`, `HOBBY`, `PHONE1`, `PHONE2`, `CONCERN`, `ABOUT_ME`, `CV`, `MIME_CV`, `PHOTO`, `MIME_PHOTO`, `DTMCRT`, `USRCRT`, `DTMUPD`, `USRUPD`) VALUES
('b3446847-7ee6-11e5-bc1f-28d244bd1b19', 'b33d1077-7ee6-11e5-bc1f-28d244bd1b19', '62c6108f-7d05-11e5-8cd3-28d244bd1b19', 'Azizah', 'Putri', '111', '222', 'azizah@raharja.info', 'Tangerang', '2005-12-25', 'F', 'Cikokol', 'Mengaji', '0813', '0857', 'eb0cb712-7db4-11e5-8cd3-28d244bd1b19', 'Banyak', 0x89504e470d0a1a0a0000000d49484452000000dc000000a0080600000067ba023b0000001974455874536f6674776172650041646f626520496d616765526561647971c9653c00002c024944415478daec9d099c1c577de7ffafaa8fe9999e53f7658d4e5b32b2e413e353c18135e132c9ee66f301823ecb7e36b004c26e966c0c0b982c04074270201bb22c1b6c3e0b641363eb40c63660641b5b3692ad9164d93a6746b7349a7b7afaae7afbfeafdeab7a555d3d977ae4e99ef7d7e7a9aaabaaab6bbadfb77effffff1d05a04d9b366ddab469d3a64d9b366ddab469d3a64d9b366ddab469d3a64d9b366ddab469d3a64d9b366ddab469d3a64d9b366ddab469d3a64d9b366ddab469d3a64d9b366ddab4f9ec995dcfddfdcb6776ddadbf096db56464a65ed8b6ed3bf745a3914d91481428feb329d8b60d3665c5a61dd4b6076d2ab639659052da81eb54d9ced677856cebf8d87ffce890fef9b569e0843dfad8b65fb1c5665c374d8303679a26430f383c9e3118d94bcbb29c57d4e6aff118a7d890cde67cc0a9002adb39b094432df639ebbbe43665d9c1968394bfdf669fcdcf33f8570f7e65bfae52daaa12b87ff9c9561738f76209610597865817af816f04c310db8078fb8dc06be5fd08552e9775be06a27c216c9f552c422a95e280138e35a7992f0bf9020c0d0db970db023ca6bcec7c39e8efef57b7ed0af9f33a58190c6c1b14db7df6ed6f7df3595d4d3570d36efffce8e33ee00cc3e0b08080c7504002e2016528eb0e87b8cd70618390e3e4394ab6b99f2b4156de6f78c7382a4915550d2f232323901a1d75c0a5d45362f66f946d4f8fa6f93a504fc57199ce6420934ebbdf8d19313bd84d63104f303838088542a12cb0cc428167206b975a03e7d9fffb97c75ce09c0a6ef860082fc0e192a079a008a5237e0574a11130a99fe329aa032294f93c0913022741b2cb006753e5181fa0b60ba0edae3b71ab04321c68cf7d46459580cad7087191c1488532abef45808be8868b7da661749b914837bee6ef630a8fdbe3b1d82ef97eb401a6de0185ee66f09ed4284dcc22d57199b4a4b28f14cec3f1d413585140481fc4e83c881af59e9281544480d6c4528899f50a70e0c236a77e19c4230d2e682a6c2414365060e375d6adb8c18aad16086e93ffc439bce39c13a9fb950f52cea1bc27f0b968f5f5f5a5d08bb835994cbaeba2b48b02c9c64675fb66f5fd2d2d2dc1bfe901f6515fd228d514702410c3b138cace42a4fe223424a27cbf53c77add4a2f6fc93206ebcebee86d10f5575ae66201a89f6ffe1a55654efd6a9f2320d750ade635ac712b3d807fb9a8f16ae75a64a5161f1a3512d052b74480540a1ff8123ee0733b3dee2454e3bbb125d0cb3f31b0ad1cb8133d9fb62a072ef863ba6e9ee3fc4df25cec6e1f8fba50110ea877fefaba98784ddce3a9fbde0b02682ab556dcd909f4642f7a8007403d9d7ad6f7f932f552b46cb06ccb0fbd789f4162d0185de8aa9b7a8c01516888ccf7f6294b93c4a131b2b01460b6ac23cd10234de3c23711103d95f5d6357235081c094984f0753a39e8405127efdc95bf768cf9ea6231576955e06291c035f1fdc4fd538ab49f1f4a1579a66243cebae4c2a92a78d12ac0b91c0df93b11fe82076f40c523a41e629054ce47ddf747a00e11770e2502708342b3b5062234a978121ab99a5538b709408272d9bf35360dc0b4c277457e4423ea131e1538203145ad49c90d284f33ca7e0fc61c64d972d077d3b0491e12b0104cdae08b49b5d51070081aaeabed6d8e7b59393aa8ac8c36784d7244578eb2ae829a00d2df486d254df047757a9104b385d3910b95f114e1297999a0d116b839c9d82ec413d156e5c079ce1f04609b7e12a84d1cd123d5ed724ec74dd0854d03579b311cb8311cb8ed6857ca782c44f133e9ac87ce17bbe918aeb6932600fede2257da6c11e7495793cc4ee2fc8df89aa1da4b9a00803f6eab6cce64cae019e4cdbf962b6d16c9eb18ee32cca88a7841c952baea36037c3b9b0f0bc2586f76541642e39023fdfe9e351ab85a4d9a041abf67d25d9f414750f18cd9a0763a869b35319cafa7c90cabd978b9c5a2039d61d4306eb4b469405b0d0227633715bc9968d84d128b19a95db5a36ac2442b5c6dc470c14eb4beb16c30f314ce7fed04704ca8e8a35c630e252de96da2ad4680f3ad13d5b5ac06f520ccc524dccdacbd104e0fd1a9399732089d3aed4135f5b9b2b1b70afb3b2266adf454a13a86ab45852bd10b7572a02a0b8f5c17d3ae05dcc03f164e2b5c6d285c499612887f22a02acc4814988b699a144ca3ba89f34d19a119aa51e0dc5e1dde3c23d5685691d166da0cbc2a762995f95bb4c2d5884b591a8cfbfb51b62596423a5ba8ca2fbd68196059d579c370a79fd059ca9a8be1bad54c989b2f11e0c523f555fdc56306d3aad666037f9672b3c6a8365ccaeea04fa9ceda456a20e5874a879577a6f44c71a769b0a174da85a04ba9cc1ca6ad06800b9ad79dcb3f3372b55b81b99611b872d061a6d4999e5d6dbf269382d2038dea10ae669326307d532bbcf94a47c0a4b4a28914040a5d566c07b4ecc9833556d2040293d76aab21e0bcf1709e2b496a70b2118ce9a63aa29c8a614208ae55040ed874b654520abaa749adba94257d29956701d49a61e37834eabf9778131bc9f420714726c8ae63a8625736ced35dbb6adea554658e4085932634e4b37dd32913a5e2079681f92085c3e54dfe4ac3c1715e13f146e2ba6912bae07b10ac4281f0a236291032765398fc9a26cac544bed6e074ebda6a3669e29fbdab72ae913237a50f28ea0204ee316a1df3a64687c079a842a6d0681facea7bd4e403c65e081df64841b8f279560a24000c0d05495d9f2c68a5e7206520f483a605ae569326214fb1b97c61f31e90a12a9b276ec4eba86bd3900aa93e3d2700b07a1e0e1bf5c14ced1075a48e8b58283a230d5417ce9f4072c4d19b2eb0345bc8075828fbcbc1110433f8b53a0a4a7c6a1af6e41e6d35045c306eab94baf1ca6f7b80c8cec53ed500a93cd4e742962aa50391ad3ec24a3d0b21fe63958270a19a15d5de2794fa9450a58d005196d477bc1f4c757f105c12f0a603cf1f08e4a53cf0f413746adea5e43d4d02ae64a5a08b479330bf6995db2e35903a0f83a98ba23e523e0bf3f279d741fbfc8d62ff05d877e269c741140f1459d0ba0ad62e791bdf7fbeef047bbd526c5fc9cff5b3bddff5250daf5e722bdc7af57b1dd82c80bfdbfa790e06cf52b27f8be6b4c3fb6eddc2cf71a6af8b2f17b36d68995c0a1ef9f9d7c50326d9f10c8285ad57c1efdcfc872e303ff9f577d8e7f68aac273e58a41e7effae4fbb503ef28bbf8404b16199e17575396d9b90a6aa1b493d371eff33c293263a86ab5197121fab1b8fc72b1fbf31e5faf06f3de46e7ffdd4f3f0a35f7dce851aabe85bd7fe2eac5b76077f4f263f027b8f3c29dc5b27e1b176f1db60f3860ff1fdbfdcf70306e80658b968a3fb37ec78e91fdcebceb1986c71eb5ba07dc106f71a16b62e8773bd5d1c22acc02b175e0bab165dcbabf2e94b9dd037dc03776e78b7ab76eb96dd04874eee11e7a4ec5ceb61c5c2f5eef776f5921be1c5d77fe6eebf6aee35ec86718df8fbf6826551fe249ccdd12c6c8a78fd5111b8a356043a0a51d85d8c39d019844f07887f2a31fc8f57d60ddf93b7aa9862014b3e5fa898c2f91ec6c814a3fbe23ef7f5faabee8462c106ab88994167d9d2b0d0dd9f8831456c5ec9b63bfbb0f22e9f7f9dbbfff8d90e78adfb05dfe7ad5d7c2ba44629f4f503a4460016b5aef0ed7fcbf25b9ce7c6e139d9f95632d8a41d3d7d10f61fdbed3bfedae537b3e36cb7ac58b8cee7fbddb8fa6e762e4b9ccf866b96dee8ba909de75fe7c0a498b87d27d3c08b54b67a46d526b3005bead2f095fa61d840f2ee393864360d3c0c52377cd70c70e5827b98862c65d745ffb3e8af9abf89c35614d02d6a5beddb8f2e66a1603bc714b0c26f742bf4b1d3fbe0e0f1e77dc7af59741b8c8e507e6c9181b066e906dffeeb56bd15ac820084ed5fbd5801eee401e81dbc08677a3a3d4057dce21e6bb173ae5200455b3cb71d9aeae6bafb55200f75eff19ecaca4a47310a9f4d35c291a2e90be0e632f83e91c8c047626976dd9673f3b1e4238b6ddf33c7bffd3fff4193544b0ae7a6002a9ca594d0bd71f239dfb6950b1970ac7261a5c6d82d682b166d1215de86052d2bdded677b8ff38ad83370014e5d3cee29dc55d7818d959529c592392b4aceb774fe2a3efa01cfb7b8ad1d12f124df8e90a5b3a3fc3b78e6d5ed9ecac61be02ded3783cd6e08cd0d73f9eba0ad6fbf899fafa97e0eb436cee7dbfa477aa09fb9a75e4692b8aee4d7530df042ce797cb31a96dd1e2b32c5cb3af0a2d259547936b8edfe3e1aba1a00ae5c3c5749e0f034e7fb8f33d772445190bb381c784757dd4969ab975cefba948eba8150b70e48a5080c0e99f0cae117dded739b1730a856f0caba74de8ad0ebb86ef5ad60b18abc7ac95b94f31d74b38d074fbce43b7ec3cab7f28abf6ad17a77dbfee3de3137af7b3b0704dd4f57ddbaf6b830c907a2f0188dc76904fe291387de92717a04ee885bf0de98ea5eda2e6c94dab36cb2f71a76297d2a47d4a9f22ae39e12e5f51ba73c3770c9dc354c711a3874aa3b99165026e28db068ce6a0ec8e239abbc0a7fec00e4f2063fdfbea3fe38eef60defe4ea876a26eda9971ff332974c0531465ab36c832f7e93179ac9a7e180021dbaa178bed54b3d401f7de67b9e6a32b0eba2f5b052714f3970e0ef976a08e8b06488013f1e8df960934d17ef4f14a1d52e42de1ce2c0b9711df57d95da6a2569e26b16a894c2116fdabdce0bfb7cbb562dbe815728840fed74cf513876ea559fcaa1622d9eeb0179eac2717754c369e60ef60e5ef001851575d97cc7053dc98e7df5b007e5f56b6fe39f87c7f98023e028102b073b5f76f7d5d72539746b0470786cdfb03fd6dbb0ea167e0c4f0ee547e1f8b943de34151c32a17084b89fb1af18f1c1e6fd200e74a8fa089ba3705ce564a301d16e650d254d7cbd4c2a988491777a55e11c05b9cb016ede5afeba6fe83c1c39ed01b772f1f5904d3731257180bcc4e0c2e4860ac83e25bbb87ce16a98d3b400d6b56f14709e80c3ddfb598c967201ba6dc36ff3a5037827737347390c4400f25ad76ff836696fbfe1fdd0c6dc5519efa1bdf4da2fddfdbfbbf9a34af6f490e24a068ae10187e554d128810d0d5dcb36705c4a59289de6a1091ab83751e1e42f5b2185739f55c02a59ae300ae7fa8e7999c5a537406b7211d4c793aec21d3df58aa2583730f7d0af6e1c36573d08741c7bd1f7791fbcf73fb9eb271970783c4227edfd777dd853b7538ebae12f64980c04d3806c310d07bb5e5692311b9478ef35fef7f854505c3bda6b9dbff1e0f20d750a0c7d3202df6b00bcebd9b5d8b62580a352e14c0d5d8d0017f0ff7c4a57499712ddab2ec5ad9cd3bc18ae5b7d9757a1993bd979f6388c669c38ae8129d1efdcf66fdcfdaf77753835cef01211c7ce1e74150c6d5dfb26b75ea2c2a1dabc7a5449aeb478099a23a70e786eb4ab3e0657b9b0bffcd899d738ec032397e0cca5ae92fdfc7dc44b9490925117de599799341436b46b4c5351371ec3b92ea5762b6bc0a52c5138e5ae7cb92e2501ffa0d6d74ffaddca7b6efc0377bdf34c0f0c8f9870a8d36bb3bbf9da3b030a474422c28183b0d2717cb72fee72813ab99f43ee264602e6c46f0e684489b15e3bb9c7e7564af733974f3b603205daf3c6af7cfbcf32007385b41bb311efd9cd25446d8a586561e33785881d6c1698858fa5ac45e0823d7c8917785552e1247c38a708264ed4e60154393454b5f3bd171c28bbf6859eea0de61aaa8a2493112a70d2d08d94151fdbc64e5f3ce1db7fa6e70464f3a33ed854a5db73a41428c7ed74403fd4fd9b1275930ae99c2bd0534719e9803d4dcac1c6b39f75d980bb6f57572ee04db699db97b24ccc55e9c983d467ce6165ec3cbf0fd62fbfd3774cf7b9e3eefe37ba3b4260ebf04d52abc642fb4fbcc4152911f31aa74f3145e215df709a1050cd962df09a0b3a8eed16fb89e7fe19a2e33f7bbdf7e8b370e775ef718f3f71f6108ff1f0b84f3567e1ff30b772dbafbfcf41c42ff25c7f37df8f4006bf43090e8e7258438a705ba438c68f40dcf7a0caf1bea64a9652e354cdc09569ec9677e74af4e19323c5d404422870e78fb9d9c2534c8d302eab577a779c3c7fdc4dad733088f3fc6f6a38435a8e9e3e001b57bd4d51b04e476d0400c759ac77cf4df77919458cc71010a94886f7c420acd9e7074ec277b67f91832abf0713e74fc7f63af6df7f6bc9c25fbdf6531815532fe03599a6e12a25a863e0046c750ca03f8c67c6850dc2e73351dd4addb9b2369226a0c026bdccba0a644dc04d9a6085dc7fe2d72547619b19912e1babb841953b7c6abf038fcf6df35cc0fd9dfe5e22677bbbc08c186e79ad7b0f7c77c757e06f1ffd2c3cf8c34fc1890b87c43ed90bc4c97e4aa84df659dd3d6f40246abac58c3ae7eaa3265cc5e2ac3f48e64b275e92cf6a56464a58acc42d1bfe736c94f79f1c0fb6d399b8a78ab61bc34574e2a4ca15ae44e9889a49737ef0e6f852b67eae022ae764ec7062d653e7fae0d2d00598d7ec650c7b872eba0ac153f90cb01bafbeddaf58d2653394f43a7562434ce57ff3d13f87c3270fb8b3489b11d355443ce9a193bf71dbbe226c9f4c80a82ea5f3a713e72ec9b751ff3c29387ece763a21df112ff263ff7134ee32e44006601bee06580c167c24968165863d2e6c6809d3f6dc49275b8967c34e98d83460c9231974f4939ff89826ac6a800bccbc2cfbfef902f6cb8edfbca90846d306f4f619ec9c36bc7ae405f857b7fc5e89821922e6da7f7c3724138d5cf9d0bdec4ff5782ea0dab685bd355875c40ce189f38e6a819833c84dae48d109cc19e9f673241ec4aa5f62c811eb024209d47e2b06699a817ae240379781f477a938646ce7c6c2f3bdecf8045b7b7b240fef89e627e446cae5dc68013eb2f41cfce0ec127e373128fe85dcd5c8b2628ba32da1741aba2a4a9a748f95b82c9b599982c4a552cc151b30788545d579e1e0d3dc6d4c6546e0d2c0050e8accf261bd1f6080edd8fd7fdd395042158988519b3671665556140988d7c40144d56d7f55273ed8648696ba6eb53fcbe8a817c2b8bb10837b0448d7446df85a7306f61522ccdd7464720ebb8edba2c531b39161b0c9edb7b70df1bd8f30e88ac522f68ec6f68e9c021c08e8f828020d5d15264d5457b2927369206cbd7d11c7b114ca71a6b7134ef59c10f398509ffbe72a0d0dce9909fe8ca274810d679a3d23381b81eca2464aaab8a7704a8ce9cdfda5d67faf17b6376318859d8538bc8da957bdd85dcfaeebf6b8c5f659e18085c116badfbbc2db1874680f9fe14d274d02b8e09910405b4357054993a09cf940a3b422f3b38da488804de9de247b7530b5c2a405aa5b24e2242a4c911031e57ee6469a227633dc4ec0fea49d543bc3f07ae53bc783afffa21928f25c226c148913f53a65a2c76b47940ddb59b6e19f73758154be02cf65c226b7dfd63a041f5972165fb5b1d2c24a23f2cd4a5cc4753a915235c005e09353b381fa30c0cbf0294798b25deaf56093804810b0d2474c842d0095417c50badb83eea4fa258b2ca30f2605281f480a4c6a06d59778578e0579bcdb96e85cffcb76145e2c444b618332e095858d84c226edf6d661f840faf1ffca56b117f55c05bc042b31e145b9d0cd76f0aaa6f3b23be98fba6f8ae7c6c955fbfacdd02607379d6f2a0dcf41d0c28a54310e10558a5420e282a42a930a985b8240c118c5754d15d51437821fe4e3f08b5c64022ee458b04159d8e47a9b3d70d707533ffa56abd5bf1c4344569a455c975032986ee3f86c866ee602575242e6439c0271b91c8173172263ccc7afba81e5802a2d8494512b57a16809483041a0c63a8080ffbc3e179529f3a3c538fc7d1a3397632547a60e9b5c8d43aefd5d9927ff92417795703111ba0691c18c69e8aa4ce1d447dc4e3569824f98e9e9354360739026c42b9302aa8cdb3721a0bc0c4979a0c67caff71940bc78ce8b41091c642273ff681d6ccf9ad06b8f91899c126c9ecb594773edef49ef7c685dfe8d1b95b82ea9401799edd0cde476389fbfa766e1a60adc25061bba93b29af85dca717a259129edf2fcd532e726e3c5a213eda128b39a3239eab6051afc065260eb3b2d023bf2362c011bae366d4810509e6f0070380fd05d00f81043e4ceba89c2e6df1e85e2bc5bb27bbecc5e7ee1706cdd3e701b427cfd2d2d51e86ccb6056c7c33cdc7910e918b7ddb16d78d8844cc6e471557885a5e3d5e72901e5bcb7024095fbd8c0b7e134ff898670190fdab834b8f2d94cf92ed8069cc3c1a316559ea7e08cc8a04c87be9fc526121bee884d0e36679da92ad80db7655ffec6c2e2c56fedaadffcb8804df501f2e25df66c83ae6adae14a9328134f9ae47892c41813aacb53290a53a7753cd59af8f94adaf104784e3c4a396cfe095d4bfbac52f1bc851f146dc8120b7e3b4227059bba6365b1eb53f5a399054f34bcebfbc2a5c4040a8ec84d87281d3f53ad835735c373d2e90c3437374f3a698271dbc51e73fc01ab57c2edbb4ca026f25184288de2e2d903d47440c2640a6fcc07ea7bca8fef26479d0792d8ccfd7cd432e04cc1822d116bd2b049632af7fb1f18d9bae0f1c6fbfe5ad43753c91de415f026e7b268e0a657e132994c89da4dc406074db08ae4cd71fba600d478bb27321cd0778cf8b38920918821435e87029f43eaaa1eaaa161d9f01bf6dd658a001f312d16f38d075bf09959cef6566b70f307877ed4fe44f2defb07cc36e95e52e54f25023abbd695ae6a467c97340b4cc89564b1db8831a96c5ff8ce71a02a93b52453cc5a1252be4c043675580e00f15d9333bc07dcb63a99c9344503bfdabb26ca96d12881438609df2c46c29b16c260a3ca76b1394ef3edef4a3dfdd5abf2a7d681d76c30ebdaeaaa673c5c10b6093c2aa9b7373231a0c814812a03152153076a3ca826fbdef0e3826d8ca2c9c3ed6503bca3b6031e2b51032eb0e5e78b269cb2e8f8b0853537e0e8459a6bffadf4b30fadcbb9cd062a74b3a2d9a06a26110ab6c98da772d84f121fd53b1d40c10c02ca97ca20e54ae03c10d25bc59d114df427152a689a123a138aac7c2d45e195c1fa49c326cda476c32de9bd5fbe31b30fa7449b13025d4d2b5df5f434a130e19e26f870459cdfbf3adcbe8903351e54130e2dcb7c76c9c872c3713723dcb564256640b1c1866f772e80e7fb1a02b091716193dbb1d96063e6e057ee4e3df7afc1df07533692fb5ccc5a82aeba6238e5b71c2b67323c6c806591aa71fb260ad444a11abf670b947482264a2f1522c153fa66e26809042f56e700f9bfbbe7c077bbda4a3394e3c0a61ebf2adffdc7ef1ddaf9276c759ea2760d01e86a6ab441f58c87f3646ecc2c25aa1bce1f59364338896c5fe5df4ba152938e9109ee2453b8fee07e3ee05500698ad9c130c67bbe2f093d5903eebf6620cd54ab7e32b0c9edf38a7deffec0d0f6e4ae863bbe33106993d94be952e6c4b228dccbaacf60564dd2a4b4d13b1cb89111675e7c63c6c5519374fbc651df720a4542fa804efd6f2760b3ba5eb03390b74761742407f981b80b2196c32375f052dd5bff220fd1deb16123e14ac8ced1521cbafbdee19f3fd85a1c901d9f9b024a175105ba9ad5ae0a93264a3c17025d6ad4a88e38ea72dcbe8a01e5150a1658340fd9620a52a9340cf7e5a1bfcb84a1a34d307c60190cbf740da40fae82fcf176df639fb11c895ffdea8ee4bbefcf90ba53e5618350d8e43db58ee6db997bf9bdf599376e12ee6530a6ab890c66154d041be88a44c360233c769b0d6edf545d5e9c29d9a245b0ec02d89441966a002bcdea733e0134d30034cd3cc3a21172a3b3dde0594e3d2fa1039cd8cc6c214f24ef7d6073fab98fceb1066e9f0c6c72bb09b4e1a6d157bfcacefeb93712d7ec83f20d3755db07b33a460b805fd528d0d066389c796bfc8a5adb40a98650215c1cac4c0c683ecaa0aa079265c291651e5bde996392a8cd2dcaf3bfc7eabf2afb688ad77df8710cbadcb6c6f77de33d233b47e6177bef9d0c6cd2308379ebe89e87e6172e7dfbd9a63bb7079227d8dda820623a1baab02b5875755e1e631221ec3399cb19ee6f50c1470f4c09aa2b999441a0b014ed3c50a6f0349b0048370229d43925dd0aa6fbf00df03d9fbb5c3b278cb31dfcbf817c441076cf2afeb4f1dd7f7fe7e80b27d7e44efcd16460536d65befb93748418cf35deb11dfc333acb6f8743576d53f1550570ce9d34f0a3077e299ca384105a59a866804a050da1b268813fa3cdc836835d8882914b82996f8258be9155f9880f26d95939e892076f5cbe4e051032f6d05bef66bb3ad896fdec77d91f4f24f0f13f59c5d5c3623ddf70fb76a69c7475bef363e00e38201398eac1b355b9ae4fe057c5a0db065e07672f98169f594dd055c57838b5915b4d9a442936dff4f0ed990ca909a0e47b8b32c6b28b3cbe22c538180ca84801c16a02c34ab840959dff256cc6b390d983822ea3f2de5dac74b3759cdbbde3c73ffee1b3f23d226921e32b53014142673f97bc633b4d11824a47c79888681ce8f029969441f71884cdbc214ab5c4733318381a4c9994dc95a346822ff379701aba67b0db57eebd967407ad3c9f83dc28242192672ea0550f31ab81c135373481a1de783c050baa19945532b5343636a217d13dd0dfff30828590fde091efef1feb6fc0ca2ddbc5c03fbcc65697cf276fdf81cbd5b9ce8f4d06b4a0d2e54974e4a5e45b9f0a421d004f0377193993c190ac899234f1bedf74da28dbd03d13a092564077502857b43087ab56d46a66a515a2c566207674ec8445a882a9e3da68a89aa9f0cd9d3b17e6cd9b0b4d4d4db074e952b63e0feaeaf87c0aedac6c0667c6ebee471efec771ffc610e87cae9e581a0cbaed78190cba8f4ff5fb5c9b3dfec941b3b9e770e29abd227eb394620bd59df1aee58c7ea6d7673ff70597aa152b56407b7b3babac5e7cf27aef53409af7424f4f040a45f2a603e5c65922c6c20c2129c6206a374384811567609976126276ab930d948a33c6ba8428dc750c533e673d1a8d31b8e6c0e2c58bb982216408d7040d6f765b5979e09aabd79e1cef60a54d4cce5d1211d9457441b0111bdbd4daee1a79fe7dab72dd7f3cd5ef3c4be2277fd6fc8ecf0d465abb44667450246cf202420ddce5d8fd9ffd7c2870729af1d7fb9e04abe115b8d813bda240c96f0eaf05632c4c6410db146035411d9d03119a8484bd70828ae525256c5f82c2cb2ada63c0d7d6d6c6a04ac29c396db068910358535363a57e068ce3b68c075e087418d761ef7f9c89191bb09b0574f75d0e74e7a20b1f7baaf91ddf13c17baf800e933605a9b03319baea984448c670ee6399bc001f67e19a0a581301cae70eb218cb4962142041178061d731b092d0008b214edbc0a0b15070265a42b281a1aea365d910894420cedcc0782c06c96412e632f55ab870012c5eb4683abe7aee661e3e72f421a1784363b8976a1c0742797cdfe4738d776e75e2b2a941b7a0d0732f5bfc1326a6c199525ded8132e3e3b8190ddc987d2945e6722c579290c96b3b6f2c16ee60842620465ba10edaa08dcc653e5223f391e63a2a4b9c9b80a33cf2196dca8886607abddc7ac86cd2b82c160b5cc91209760df13898a6090df5f5509748f8be0ffcfcc1c12118181884ce135db0feda75d0d6da3a1d3fc7a759b98f81771f836eff24a1830074db28107375ae6bd2311d7692be2e7d70e381fa0d031032525c0357a94c65a0e3b2fc97cf8fd1bb64bc2e4e769127320c1a810499c3fc9f16a837e6418c3441a3b9b4bcfb0765d2ee5358e7b14926c3ff86baba0453ae38c4e3751c342cf2f1caca13477d9f2dfb35e2eb6c2e07afbcb20fd6af5f074b164f8bda6162a58341872ee6231384ae18f6cb3cdf78c7f63c89a7afce1efd381f693009eb8e2f3f2f405361d3c0552053e9478f82dbad4b26e18a1619f7ab2e0a7710dbb61acd25ec8fae873883aa397a15070cdd415969edf1ba364da2047b6658c522e40b79b6b4789c85ca158b46e1aae5cba1a1a1c1f75ef53a3cc526a1ebce53553df08e1e390af3999b198d46a7eba7799841d7cda07b768ad0f1b6bb979337ff7c20d2dc7b6b6acfe7270adda5c89c3dc36653baf48e5c1d56352ea5fb3cb6405ca30a196f2c16ee609434b09284a6c85248c617409dd10c0de68232fd03c3bb8c8de7d296030b0baa568e290ec65bb1b8136b251b5861a02558fc256f1c6160850125b7955b57c12b5a168c8ca4a0adad753a7f9ead0cbaf649c47445f0b7a1e17af168ddda3d06a55fb83ebdff937534b77ccc1b2718993d0d373e29922439a579a06afa55ce78e0d4cae46b83934993420e1a22f32161ce8144b4051a230ba135d65ea2164137b06c5c0863f5d22805d1b28a904933b8f279a8638a55c75dc2182c5bb694a958138fbdfc508348f73b75110772dab61d0a57f03b9888cae1d262c08d8e4e3b702d22aefb52b903cac474aaca71f80e27aede7b213aff73f70ceffa74939dbaa91c6ccf37defebf2e46179c046f3259095dd50037a3fddecffcd9fdee97884d02cbdbdb95b6aac9b44f851715c489b892a85805065684b96ae80ad6d727a0b5b5558065b82eb0da30efbedfa68a3b4c7d7f87fa3704af437d2dd7c3b6a9ebdd5d9df0ce77be8341bf6cba7f22742b578c77d0184d06d8e28e034d1b05c0ad37a7f6be7d6deed88762b43857be69c06c39b43b79cbe302b63ed11cd08fbb44b65282874d02542b5c25b294107401c3bb364d2ac61a43c18a85020c8f8c401453f04cb9eaebeb61d1c285d0d8d40811d32c4d8352eace7aec4c31eeef608d3361c96bb7d5342a554f434b1ee618a674612ae764368b70e6f469181e1ee6d77c05ac7d22078d93bd94dbd0352cec49def4142b2faec91e5f1bb773cd7d91b6c1f3b1459784a2215cd8ee3624542ea870ba59a05259ca42a1386ed7a689c65c6a41f72f1e8b437373138fb3b09b13361afff4a73bd9f628ac5f7f2dc4d81294071fbacfde561c044aa897d9716619e7331cbb6e306eb0e56d5e4c3accdc49543977c239eab5290663b52078ea7e742107fafba1b7f71257e11b6eb81ee6cf9f3fa37ec931a05363bc8228a96375ab07850a1a627f46409712e0055d4a9d34a9649632c5d4267c9cd6c463ae7a4cb5333710979815c4128d4614c5f02afca64d9b60dbb66d5c2dd6ac590b8b972c164f1b25ee238afd02e750e641a680254d541d83fdb3451d511f9355ba0e651324b8c4e9df53a9140c0d0ef01b12ba94b7dc720b2b375f91dfa7b7b7b712d0a90a6709e046c1dfa86d0b38b3a264046c0555ddf468810ab9946e5b14d0d027a1060b4eed96483440b2a19ea9538cb767a14b28cf25eb3219a3657ce9d22570cf3df7c0eedd2fc1ebafbf0e9d9d9db060c102a61cf37807e092605840e85c03f1544d6456b9c051a184c2ed74dfa7ac53dfbabf4900950c152c9bcd423a9d863c8b27d1f5455bb366355c7ffd26dedc70a5acbbbbbb124a275d414ba8555e00271ffc21ef42c5800a5ad596a19cf14993fff2a77fd625e384e69666d8b8715349bf42042a623a7116aa17660a3115ef298137c77e1870eeacc38ac2a92a820af2eaabfb18705dfcbc262bb8c4de1cc9c62457c938cf4ed681892ea29066aa74f1f2254ef8365b5957131fb69b40c16d0818c665050615c2c50163af7961dbb0b901e3cab56bd77077f84a1a82ffc31ffe982db39bfef6a1bfd93f95730492296a42c500ff33e5d4e6042bd0b4505523be677ceb3c836e23ab805b5a5b5bb76cb8eeba0ee60eb6d437d46fc264464274732a551b5231e0e47b11bc3367ce4057f7491861ee6d4480172c98b9c406676c0e70b645f9c4a984cf64eccce948d8d2906e22b69b09886ccb76012b140bdc4d745f8bd2dcd4042dad2db090a92dc69dc1e4d295b21d3b76c2d9b367f0b33733e09e9dea7902d0a9994cf575d8a053a836d8aa02b8a03dfd8b67beb860fefc07c6fca3a60138f55c58f1317e191e1e81fe8141de549067db54f0103abe94dba2de7a54bcc68ec8782e0f2a0f2e0e288316d513cfd5dcd4c8554c8e7b5341bbd2c03dfbec7370e4c851dec9e072811b03bc71b369d538216ca4da2e187b5034616f8d32ea76250cdd581c67b6640929713fd10d348801236cdd104a864b621a7c3bdf6610d1e0ed345263fd31995b8c6ea4841520bc21fecd3474695f7ae9653876ecd8b46431057874a2c756a345aaf1a22ff5f6f1ceb9a669cea8ebc23169b2a9a0a5a5d98305bc871f0655a934c33a33bff3fefe7ef8f5af5f60cade37ad9fa31f393c030defb47d7dfd3c63a86dfaedc0810370e8d01b9820d15fc62c048ecf75822e1b76d265f11cef56a5adf28649a2bd7b5f65aef2088f37b5cd4ee03ae40ab6479d3d778ecfd7917026c2d15601c3f6b523478e713752ed58ad6d96ba94aa6186efc2858bd0984cf2b809930edaa6e0a6170a70eae429387aec1853b4516544c3d8de462532941ab82ab4d4680a46474779ea1cc19bc6c1973565172e5c8053a7cec039e629a09a4d4ed1c843fa1b9ca5c079e08dc2683acde7ffc046e864b241ffca8a611b5f7fff005cbcd803e7196c98809aa2dbd84d88066e3600d73d9183d2990c64b2193ec10e8297483800ce46c30453efa55ee863a0c9b88c77279b7a7c36c860bbef6fbef1b5218dd0e48c54e345ffe4f1edbf623ff8667f8f10315c46e93d22b7b93d4688336200fb3de2c86c6cc09e4a4f93d2fd816b002819a9eeac4fa61daedc0874675ff01c6a4c8b0a3f34342c66f31a70fb6a6223bbeca7298173fb728a6db6d8a6bee6132e59b6eceb39c8b66dfeebaf3fb85fe3337b5cca07c099a074d296c9667991436d24784e89f265b5582693855c3e07e97486c5af691ec362e6d65660a9b06186788b866d96291cda635b77fc898c2126a3703e4502ef38f77dec1f82875daf5009711f4e5b8786dbb177cb955238ec918f6d8d857cc11d29c021c3213aac84a956b972b90ac794ed21b6fec0835ffdb27623672370688f6ffbe91751ed2a0d9cfb5e754a0331e25b9e0b3b15cbfd0821c228df2fdd4ff7eb0d3ea949998b0541421024141cb2a2c53b06f3be96d841982f3d48ac31209a06e07631e01ef8f2fff8924effcf76e0d0b66edff97eb6789855f0962b095c582ce7db06507a2d621fafc89657d94b0b9d09c075a3a27de981cf3fa231d1c0f96cdb8e9d389fe143ac5adfa781bb6ce076b16d0f7de1bfdfbf4de3a1811bd3b6ef78e26e56ab1f90194c0ddc84811b64eb0f23689ffdf3cf9cd45868e026653b763e7937abdc5b58fddea2812b7b2c42b6955dc3d6cffce9a7b59a69e02edf9ef8d9d338286d8b031fd9a481b33ad872177bbdf5d39ffa844e8268e0a6cf9e7cea17cbd95f8baee67dec252e5b6601701d5810322c1fffa3ffa0dd450ddc9b634fffe299bb19069b9c780f98fa91f62a07ae5b02e6a4f269c7bfdff261dd66a6819b99f6ccaee7d0fddcc4d040f563f0413b7743015a661870bbd8faa050ae6e065cf7bffbb7bfa7dd430d5cedd8f32fecdec8c1030e61bb8008d5b145018ebf9e0270dda248e0d83aed16c07533e0ba197083efbaf71dba3b95366ddab469d3a64d9b366ddab469d3a64d9b366ddab469d3a64d9b366ddab469d3a64d9b366ddab469d3a64d9b366ddab469d3a64d9b366ddab469d3a64d9b366ddab469d3a64d9b366ddab469d3a64ddb9b65ff5f800100ee63ddcac18541a50000000049454e44ae426082, 'application/pdf', 0x89504e470d0a1a0a0000000d4948445200000080000000800806000000c33e61cb000042c74944415478daedbd079c1455b63f7eaaaaa7270766484a141972ce82808a091556454101b324c373f5adfb1606d0ddf53dd734981362ce22eaaa48100328a20282e43ca4214cced333dd55bf7babeeb9f754a7e901fcefe7ffd1d2a6bbab6eddeaaaf33de77c4fa81a0dfe587ed78bf69ffe017f2cffd9e50f00fcce973f00f03b5ffe00c0ef7cf90300bff3e53701c08c7bae1b1430fd83a13e2e1bea13bab355719665b59007d534fbe57cd4e43afa1eb44e23dff93f96e62c161d4f865abaae6b91e609771cfc6e1806e0be8140c09e9ffdf6907dd836282b2bb3f83b3f9efd8f6569f8992eb83f3d1e5d17bc9d2fec3714b0f5756cec162bb978779c277eed738fbebdea54cbea940160c6ddd70ff4fbb41bfd35fa04f6c3b3e8450d1242c48b1fbc8d5eace071ec02858ca1eba26d0f777cdceef57a213333132a2b2ba1b6b6164cd30c3907be9e09dfde876fa7020cfefde184cbd7855b1f6e1f3a9681b39cfdbef7e3326ade78eed1b7569e0ab99d340098e007d55778ff9769c2289c4f4ff2415c936a884bf681915407fcbaeb097ed0d8072e025d5c747ead34fe9f6e81e17c71842b5e7c1513bdfccc5fb66e6a9ab39ffd0e64bbbd83fc2c5fe254e5f134b9061c85753ef1df9710ef81664d53a1acbc16aaaa7d4cd32d6e6fa45a5707caa1da572e8562d942122fb1c6161a28536099ce2013c7b24f268e379df5a64504cefef3d77a989901a8af4c00767da1be2815021589f2ba3320ac8ecba8cd7921f7ed6ffe2300987eefb54966557caebf56bf957d35348f09de96c5e03dad183c2935ec22eb526078e1b96575be1b42107c47143a0a58b701a3919f678fd6712e4deecbf6b2d733a3cd6424b484cfe188d30d005d08596e5597c012dff96f36d80471ec077081f803a87d9a2d940a7f11d499d52056b1636b628c23590900f66fc0529f11202611b0fd9fe980c0068089a0b1e1e18cb7c4dca6b3bfbf3c016a0e3405dfe1a660d5c5d9f0494a4a7a47cb28bae3f9871696fe7f0680e9f75ed32d509aba9099bfae5c0071a71f076fabe360c4fb6d8148edb42f12482db501e0d8002950430ad512c277c0a020e05807a9f97c8c16740c40ad5716c6b9fc9abdaf2606e8aed315ebc53adc8660b5ddb99827c02455ee2f04bf592bb53a23dd0ba96971909f5f0d75f58e2451eb2d21b580b40a9a2dc00028738ec2b5c4e700dd9fabbe5867cf2b80627177c38012f079a076ff69e0db771a58011d3c1e4f1eb30657bd38ef9d75bf3900a6de76d359669df139bbf84db4041fc477de0b7a728d2d145d688573b185f08939b6b593693f5e7c4397d75800c1b0df0105cc41c18583730a01a3b041b36cc1d996839b0d0b24380cc31129bf609a4021b20207206e00a0a3e0a0d12ce79dff6f5a7e28ab2f64c208480de7876ad52a119a66c5c3b61d65505d1500536c434db74dbeb00a26592f850e8e59c0f5a6d07800b785b05d05cee5a0054cb1de64eea17a6367b0aa92f9f5ad4a4cd3af7ceec99797fd6600b8f5ce89fd755fcab7ec60c97a6609c49db10fb8e94741eb44d8b6c6eac4ac0bd3cc856c0b43b384a9772ebdc15d868e3e5dfd305b83754dec8bc0127c01409af8b4e478a8aea997a7e46100e0ae23600380ba0f1b0244f836cb5027692966506fd5412533fbb678250f7084e3f1703fac431517beed122ce5d7519b2d93800085897380dc660921070877b01d81e9081e2c707306badeaf43fdf68ee03fda926ff5e9f1fe0b173cff46cc04316600ccb877621ba84ce726a69996751c3c67e409d246fcbc0692e849f3af11c171df6f83c312daaf497face95cfb2d97501dab82a65ecd0b1af207123d8030e3729bdbd7e35cf8a329fdd3e428c53c7c660d54f98ba5c9470d3789a90662d295f9171011020ab8b45f997d65199c97b202781c870d4882698afd6ded1724927f1666c5bfab1304f24fe73b571859a503e73fb268c72903c0f533ae3092a1e5b7cccc0e839472d03b6e07cd3095d001d9b900808bb153ed17c45057a65a97e65c1038020a6ed635b24e0714be30fb84d98398c7d01d0dd71d236ecf64109000018df34e988190762d237ad5fe52c5e2410919cdb85c2bc91f0acf944070848a00a03e1f41a2c0628a03482b603a5c005d8024920208366924ebf904fe6dddc12c6cceafdbaf664ae1e005f33eaa3d25009876fbcdf77820f1312d8e99d8ce9b408baf0b225f41e65f27e6599a75740d94f1d35050534001108451857752fbc55843237a2bad8c46b4dd61fce8fb55e817cc0174690d2c5bf32b99f0cbed81ee785c81419a63aaf16085d770707888b402324cd4a45570424431867005aee98e2b20a126460701621dd0dad47ac1da3408acda78d0e3ebfff7c5675e9b7dd2009876cfc4161e5f93ddec02a640bb9d0099454adb21c8fc13ffaf0b16a80901e8f6674d82058120ad861092217e95615b0e2b28eca3e000f41d727e9ba091dc800d019d9e2cfe3e1d80187e5b906c7d0d133c07008a900a3958d3516351f8d23d586a6f692dc4b800f1f920ad8919e2022cc21b2c4e3ee97a531c471ccc44ab20dc81a7b239585bfbf20495afc477b0c707af7db1fb840130edbfafd5f4bae487bc7af2bd564a1998ed37d9d2941a0ee8e72d11e7ebc422207347610b6dd414c9439048ad4780e80e680cb18fb4000275d24d088019d20510b71214263aeaae804623007eb5ab0365506fc7f816509f805a0b16119c45b611cb40ad80092a1ac0d090aeb788d64b7720b45e460b2469645a646e2ef080d85f08dfe1088eb530f6f403ada4051c3e7c787e567660daabb98b23a61da30260d42567a7f4ec34e020136c465ddb0d00c9658ec0a589b7489caf2bf6afe1774b84868620680ca1723b0a82867620c99de40054a07608a6489bedf329e0408145014793c2a7a095f6845d9a9a40a99de0a18bd26ba5f920fd3126876868e77c932491fa7350fb2937802e0104cb5796406abcb410268b66704ea1fd221c44eb1408103e509d06f13b46f0f96a771dded066f927ab0b4f080063afbce4864e1dbabd6ac65782afddcf8e800c47f0826b49ad33846d47c1da9b51fb7543689c65034093695f5d0a5b45110c24248ba74bed27c0121aed848f0836d47a8b1c5f23240f8f234e59ec5fed679a6f554b013b98906aad9c010a596ab44812a170c57f52bb0910400a35404820b82d8345c8a30b3c16018025d93fff60897050ba0071203e2661f730d02bb360cd9a3577ad5dbbf6c94603e0b271a38c1619eddfcbcaca1a5797b507ea33f38406d2100f882051a32d79713d62a04d0479e8078ad983b01aaa3600c2f76b92c94bbe80e2e3e40f9470f19dd60a24f9b4f7332470d065d013e79a5f6fd6ba4c3eb59594e52bf286c0d0a4e04d021477860f85afdc038e5569611a15a8e451005d8066391940cc164a7f8feb4124862c953564ef9e92b69070b83fd4d4d47c9d57b4e1c2651ffee46f1400fa0eea9e7cdef08bf779bdde6695adbe076e055c31bf0e2e33abeb685a55c8e5410dc48490a8075066ef2e0c09f34fc824ee87daaf832904e9ec6fe884244a2ba0d2c28800593b10e7571328619aef0365ccdd8b5bf841f13daf1e8a2aa132d9eeac1f48c12acdc630cf24fc41e5084c121a82a3f1b296e01041bf30ff48f8ecdf6039603005b9b07f037bd7ea132075d7259c0c567db76e69abf5dfef286b1400060ceedbf5c251a3b78016d0cadb2d97ac4fa7c2d795162b8ba049526720c993e48f12414d856742d8d41d0417851cd7e07c8ef378202e4e873a5fc08914849f37489888bf01cd0d86948ef0b9d9c710d99217410370933e0206e5e72d2928740ba8d532f72f099e02905bcb0977b0d47c9414a2054010f1b27340980e8607c7ba08cb80a9619ccf14e332f65e06ba3f093efbecb3e13b76ecf8ae5100e8ddbbf73563c78e7d27e02d87d216ab546a17047bd795efe7e55ca5c5baacf26188a7ac81930544262fc3319bc9832078968b504a77a18b848e201ef10c0001a6268e90ddae0443470107120900d4062a98d9afb153b7c127af52bdf20bc9049acaf48bbca069e22712c20599729c5371028b8491968bf805040f50e12082421481100082f16348882e408252bcd20f9d0b71352d60f9f2e533ba0e3aed85775efc22c4d48505c0f5b78ed7b7fcb2e7aecb2ebb2cb73ea1004ab3d6c8781ac3343b1c04a17582c6ebe2c2eb82fddb5c40d71de1da1540cccbab860e64f906b1223a1685c42fc41051269384e550d181028b8af3316c440b01e00b54daa19e264ac778089acc455858e41f1909589aa47a4e0997247d82aa7b922f04258e701bcd099896e54a15abba81292d82890008289ee124843082406038692d0e8eb4a3c321beaa2d7cf5d557f7a7b5d01ff8eaf39f023101a0579f1e71f17189b31800eef7251c81d2cc9f001bac6891c7d17e9a9fe7c216c52149e2741919e8c4fc6b981802cbb5dda91a12c64e5c03828cc6f23aa67d7515db63e148127ef65f9d596527793470d71b94590fb604eab37201e8f72d257c9720a9968bea01cdec2187a0261e82800322027015812cdb3a98017785d07e0548024a5a07675d93c2a19058d51156ac58f168557d71ce965f76d7c50a002f03c09ccb2fbf7c76adf73014a7af91240b44ec2f052b01e0c4fd06f2002c014bc1a99e009937d08184788e3531341a2568f25820dac264b2885607014bc6c2d220508545e25a5f6b96cb3c808573bbceda02d5d187d44d536450b3885906294859e1b33024345dc2a4829740a2a95f092ec7cd98e8c32d5522762c42800180f0061309a1e00026c903887d338b874172752758b66cd93c0680990c00be1801d0dd9be04d9e7be59557e6d4c41d82c2d4d522bc73f6d07545d240a7451af4fd84f8613e5ea6880900645690a688b140a389e33852c1cc1e8d12d0fbe822df2c5a4d548e5fe36cda0735a6d32ca34be1ab44301f83c51d0e6e95ac71db033b774f238190a48d30ebd4bf833bbe9704d1b2045814b934d1b2c8028f02973d9649df3449e6cfc27050949c49bd0084856a5a3a12526a3ac1d2a54b1faff0157200841487220220313e65eeb871e372aa3d07a120e53bc0ab2dab78ba30ffba25b36dca94931e3ed089df17a19f6ef7eaa85a020d1341d40630ab0834c58b29654b12501dfd924601e08897377354b3700f7d3e089d96c5200400217ea8fb52f0ce005b401a287227fdb0a9380235eb109c2340938e2e429a7ab52e80c0090297e3eb494d00499f4c0611508818948791cdcb46426a6d1758b264c9e3e5b5058d01400f6f5242cadcabaeba2aa78a01e078d24a19f649a11ac8e655de1fb5df0105cdc4a902912a03eb32a250605100a0656057b651968b75915676889e6a2dd36c53aeb12b52c584cf2f2fd23a9a2802915a56ba8ea182135a591ac245b80797c662cede92953e05002ced86ba82106b21856cc98ca2b21cc2fca34530553ad812fd00206b02a08080c7615f5a549c0b690c008b172f7ebcb2ae70e6e6f53102a0775f0e80d4b9e3c78fcfa9320e407ec237aabd0b2b6c4804837b0025714333af4badb31b388936a3ef9616c2169c26091d2d0723b790ac9f247f748dfa7407103ccb1700bf247d6828f0dd02e9d1a4be734b6167de2ce7984eca5f692e000df54c997451cc5e0104133bee7542d349b8273902b12a3435ec4d33a0ba34e0987ab10366ff6c43133065d868d210917d3fadfa026852df0d3efdf4d3c7cb7d053337afdb151b00faf4ebc90170df84091366551afbe1b0f76b51b913a4cd91a20000327477560f7982232ccb31eba48a688790a47ad8243d1ed2d2e2e0687e8d1086ea01a0564601c09239062c08e1ec9cf071df0f18ee49cd47c269894d9ab40c384e3a0b0d5d8002884adcd0d0cb92c44d09db525d3b44f8aa39c474bb11a01d434aeb0382b004fca6e000e2b7a0eb1116401e973689b06dad6a2f8426feee3600ca6a8ecddc143b007a79931353efbbf6da6b6755e87970306e8593c0b185862800d1922d626dc2fc9d54b13bd52bd9bb4cf992640ffb2f2bcb0b4db312216f5f39bb00b82f9006134d9a7864feb28f0040e625786edf17a890c294e014424522e858024b6e4761e3770b54120a041195499c204199a6028032eda6eae645c68ffb82e207b23680296292d0095896f2f7a2d40be47896cc03582a329096c08236f5174356a0277cfcf1c78c031c9ff9ebda9db15b8094a4f4fb264e9c38ab9c01e080b14c75d8182417203551913f450655fa57176e0041e1b80843347c08df2f22044796a2742be7c5dcbea5aa7b6cbd07052652c53c67ce5bb96ccf4dce4cc35e432a6450c247eb4073c232a3a859ca0a10f31c304d99820d102b6051219bcacf2bd66fca103000c11c81760651818af0d054da2d7310c405609108ef2368e71f0d59662ff8e8a38f9805e000d8113b00529333ee9b3c79f2ac726d1fecd396382211ccdf710796edaf158bd70500044397554343a47049f20605aa59a4d59bdc28220140fa0b80904a743f80252147a09cf1733a85f44ec7bc0539594cfcb81b435488ab6e24092a7c8153fdf39bceed60011364776ec0b4dc7e587004ac06ca6d40ba84a5aba02ec224e56190f57ee7f63393dc27a06a0666c00a8a0cc046167f6f6f5d0acda0372c5ab4e8f1d2eaa33337fe1c230038094c4b6932f7faebafcf2985bd90677de1b07b43984dddbebcd2ffda17ce105a2ed3c1a25864378308428739034c00694ec156357458ee94afd04069f6758c1c084914e15c6da08c51be3af4eab6b590c45e9ea5294f5ae5012ca5f102749ab04c36f9349c173b0d5bd0f5cc1ff317178eb2021c1842834d12fec9b42e0dedd0d4879243c92bc009e3a455c1a28f408e0a072d794c4900c58b0f3a03c64073ad0f2c5cb89001e01803c0f6d801e0f524ce662e604e20a500f6985f38bedf30496cae130d71341f3514cdbc4c18c91cbe008804802153c1320a605b12e252a0797ab63a16100ea0abc651e7ce1f4e82eaa12e506d4f5a5b570a15b5f9e00fd410e15bcae413b78093ab7e04257c8c5a3ccccf2424e89092c2d878ad09d5d5f5ec184c1bfd42f34dc7570748bf3e460701e9ef298174470632e70f84145a2ad5ec58814068d54f96832d273c446b413a83b2f53f410bbd2fbcfffefbb605d8f0532300101f9764a7828bad9d702cf11b484b4db7d9bf4cbc884290262b8384f5bb2a7ececd20d81ea6c820ade36382c831fead327bc1f8b39e8293590a2a76c0818295b0fdc8275056731034c9082d990e56ecdf11bc4eee55d00d679d274e83e4640f346f1e0fa5a53e2829ab079f2fc0ac80e30202f2a5e276d3525142d8b2af4cfdd2f2b0252a79a4c207a8e54e7bb84c0523db171361a3888c0c1000c6e5d05200a08403e0c76d312682fa76f7267a53e65c75d555b38fd76f81cdbeb7c01b17cf42b5e6909a9c26f3fe782b9886818130d1d8156448532ed61ba04c7e50ee00b382fcd532bd174c3cfb999302002e3c1bb83dffdff0fd8e879955705abf2c2978e522f01c005d8048431bcc0278bd1ac4b3575d7d006a7d267bb7ec9b4291fc05028ae1072c65aea5e0493610858d0d9d98767601c4c47c014601a6cdf6e51c92e8290b64615e8064043bc78d83d33dfde19d77de9957527564d62f3103a04f779e079873f5d557cf3eeedf021babde90cda05e6f0264a464415a723ad3129d147a30878fda4f5c04bf7f174343c2fc5d696350403a8d0360f8a901002e2555fbe0e3b53743555d9162fd581994b90cc51b9080daa1aee15807ae697ebf123e6abecce6615e9ee6f24169248679b26b88a481690dc244668fb795a3d02d92f63569480a0e40844f3185e9e99a7035b4f20e84b7de7acb06c0fa355b1b0580d9d75c73cd9c63759be097cad7d56d5e220af0c4c5316bd08401a109c41b1ed12584168010385bbb9dfa3ebd6144b2705de50250234f4bef0993863f7b4a01c097a2caddb0f0c7c9501fa872257f480e49258c6c9364a9f05003d19421b44e36632801b96ee40492cb07c7cf43842290b21822a388da6e0a378149201219a8a491e31a64744052c23d12c743ebf841f0e69b6fce2baee400d812bb0b48494c770050bf19d695bf42e262c73f620730f7db4909c9909a940e4989e976764fddc3a772f81a29ffca1cbfb8c34716667404400f983cfcb9530e00befc92f72a7cb7f33197157062467141744730c1ee2198a4c9bc3fb951c3cdf6836f0153f13a601e408689ea990060623f2096789d2210123d20407308a066670381a4a2d13df4489e006de2070b00e4cf5af7438c00e8ddaf870d80499326cd39e2fb157e2e5de08ee175272164c84e2047bb0d8f0149f1290c1069f6bb2e7200f85008270114943cc2ccbe66496bd032ad2703c0a9b700cec5f6c3cbdf9e0fd57585a04abd345d4c92489aca1d70de60518185dcba6d4aa19a42fd25000088f6bb856f11e13be65f75f8064cc74604b0e193967d054afca40f000922f603f4499d086d1387c06bafbd36afa8820360738c89a0fe3dbdc90969b3afbffefa39f9351be1c792f9ae8e1d6ecfb1b287c9210353b6ba48f13279c7c72532202441823799b98964f0d01e005dddeda38bab8f7c8093c0eb4e3107a0cbeadd4fc2cf7b9e97c257f9024bba2284066e97757642e894f0ddb500d52b208401a45804cafc2b3760490217305518296f16117e44de0822925132d760aa32304d07f74b9f04ed92ce82575f7d9501e0f0acb5ab630440dffebd782a78ce0d37dc30fb70f52ff043e17c9911d38523b70180757883ded6a5dbe1a2a6a9848d211e07c22389784f82fd4af0b0cf46bc9d1206f1e41024812d990bb86e446417505c910ffff8e05257868fef9b9ed41c2eec3b0d8674ba322a008e946e8477d75c2bf655f900005210125540bb051c50a86e46ef4edd12c68f1c00b071d41dfe61dcafd8bf62f4b421d436ff7cff0011ace5dc0fa0c8a0021358ca7d70b4f5cfb80eda259f05afbcf28a6d01d6aede141b00fa0de86d03e0a69b6e9a7db06a3dac3ef6822281067105fcbb475404319e176364ffbf2e1a393c5cb81e398f2100e46104324e8f8738f66eb0c93c6c609b8cfe70ebb9af44146061c5417876c545e4049c5edd7a76d245a55530e1ac876178b78911f7374d3f3cf5e500a762e8ba18428b5c7584a07c3d10818950ce2dc8a07a80cc0ba834344d11e33300a4053115b838220282e0497763aa1e04534ca432838a08f27503b26e80339287c2cb2fbf3cafb0fc70230030b0b737352963cecd37df6c03e0bbfce79c5bc274d2c727aa82b62540508028f9eaa46348ec909aa5437d25ff81baba151cc1a18b1e004118db36190c7fbef0c388023c5ebe1fe6ad18e21ccfce3718a29398bf7bc0579d02f78fff39aa1578fdbb2ba0a0623b59431a43b5a0ef405c026dd208d260c5fc0948c4779c510109dc256369ca4d99e5a3051e9cc33431245482979f45f608adc5c0a6374287d46136000aca0ecefaf9fb1801d07f601f5e0c9a73ebadb7ce3e50b90e561e7ac6d17c4cfae0cd9506a8277d08a1cb6c1ab1062038427c92c6cc9961ff60ac0dd8cff2d1b122e8440bed9a0c8a0a80636579f07fcb7a2817402b7ac09fee0530ebc2cdd022a37dc439defee106385cf293142d6abea285327528052ffdb6a5e081661ea45570fb78e6edc0cf13477e2140090c4b867a16123e49f2685869bacbbca4055c8684d82842e6e3f30f6e76339c290070bc9403e0d7d8003060505f0980fde50c00879f768a3d48fc483e40e5d175dbcc1b021c4ecbb82a1fa3963bae41d5073c06cea55a3dda67c60080a53d147983e0860f809b067f0e3d5a8f8c38c7fb6b6f87cdf90b1931f5b2571c3b7e9cd2754b4d8addbf547301433620a619f726695f9e4768d9211eca8afc505e1470c5fd4a58eed8ddc9e76377b0207f845fd09230ed1092892552991cca00d021ed04019096d2c40140c53af8f6d0d382fd836acd3248c38620053a0a5baed3658400c255381180477416899b4a0dd23cc206b46f328401606154003cb0a4874cd8a0d0c9b32060cad0c5d0f5f41111e778ebc769b0f1f0dbae75060382870181bfc7e95eac290a12282c810cebc01de649e13b191b7c80ace1d56ced0f04d46360549f5f104740336e053f1584b47e93be4004823751035f0d290d8bf56735bf193aa69f0d0b162c681c00060eee675b802953a6cc3e50b11ebe3af89434fd1a15be247f3a69eee4e553740bba8a067495f8c1ae5fcdc092b2031e4df0815800f0cfc5ddd5f1c599502b100b00361c7e2be2762e549ec5f0e8dc42b068c5b6109a341094e92320b00fd0d5eb6f0501c6b28066f130e4b390509aaafb17933ef84c0027dd1b6aee39f2797592ba0afe6168cb5b25008e951c681c00b8057000b00ebe3cf014e0431dedb89f683f68caf7838677000b62a88b248fae4242274cc4d050b57fa375e0358476cc05dcdd800bf8e7e7dd842b0a0501ff672a0340b728007873cd540680b7a99ba76f2160702c8417e218183828d0de6088284bba109c010495f317ac0ed3c32ad78fc274eedc0a48960ff24e20bc11549a7adc072c99260e88f91008679fc60090315c0060ffac9fbe8b1500431800929bcc99366d1ae3006b6179de93cadc7bb0dd4bf87e7eef9f2126d3d4bd82dcaccb14b0a15c0526891c40182a09a48bd05000e09e8ba200a0340fee5fdc4dde3fa889dc04a6edf93fd338005a4506c01b0c00bf1c725cc06d23bf808ecd86bbb61f2c59cf228d11a8f452f3ef0833f658f90e7862c5052e97c0053075f8db90dddc3df6a9afc6c1cee33f905e3f20cf12163781ba489f73707c2814804afc58c4dc631fa00a430146b49a02d90200478b390036c606804143fa7bd35333e74c9d3ad506c0b27d4fa8989e903f90ec9ff6d0018906f0ee215ddd31146c0d745d66059d7c826693c07b2e8e0e80fb9805506568e754e8fd80d387c50e8071bde6c3b04ed7bab697561f85bf2fee0842f6801f722ede02cd52dbb9c656d414c1035ff4766a8b24db77cff95fc1e919d9aeb1333f1c0c1575079466a35b3003a2bf90081f338401714fa2084c4cbf5bf8787b982b25ccfeb101d064c4490280b980e57b1f17f70108126790162dbc590453bbe8ff251104a7fd5bb07cdd5040b105ce1f1fa3bb3b8acfc81a0cff7d71140e2000204f4053ad690884e9672f86ee5100f0fa0f5361bd00c0855dee874b7afe2564cc9f17a6b85c037f3d7a452178796c17b4dcf16e9a9d83883312ecea2797c2dfc76e81e4f874d7b8dbde6ccb7e62bd8cdd1d8217207d7d2492c0b4b2d46c4b167b544b18d90f2b86226c1dd16a2a743a21009cd5df9b919a2501b074f73c99f89177e0e8a8c16e9760fb7e0059fd5316c250e0d10898b076209e23c4c7c60280b99f0900d0b6312ce3b2d76dc3bf6000881c06beb65a016048fba970eda0dc9031f7339015551f903ec06b24c363e38e879d6fd6c75da1b872bf2d100e82446f063c72d55ed798b2aa42f8dba21e807f9fc0115a406abcea0022b58700b9b114cbbe287c10fb918745d1fb0246b6996a5b001e061e29ca6b0c0006300064ce993e7dfaec7d656b1900721d0d96a65f307a570a1894c0a57b200f6d3054ecef4a1ea1e6f3e651b1be7dd620b8777464001ce500f8b49baba64f4f887fbf6dc41751f300af3200ac1300e8dcf452b8e3bcf742c63cb2fc7cd85ffc03a05dcf4cea00ff18bb39ec7cff5a3c0af616fe20cd7f56723b78e8aa6dae317b8efe0a8f7d7991ab99034035960282400ad994c921207c40d60cb0440ca01e17230925c0b9eda641a7cc91f0d24b2f350e00831900d20500f2180096300ba0daa4d52ddbd82584cc5f3d25cccdfc359135d445a8609034b14c26e9ce8321f8fcdc02fce5920fa20260f627dd42b49e028193b5680078e5fba9b0f6a01306364fea03f78dfd3e64ccf3df4e845ff33f9657aa43e670f8cb854bc3cef7f48a892caaf858c6f99c28cebad4fde0ee9f772f8105ab6f54a61f4c4906559888daac9e070096e20354f8923f08f028eee0588873db4f87ce270f80750c00b98e9fc5a77463fe9e0f364473a8a14abb9a14303e359c9042b99d3e36965a0bc306c0bd973600808fc3b8005d9dd19de74407c0cbdf4d910088d79bc3bc09792163de5f7b2f7cbdf319c903fab4be0aa68d7c3dec7c6ffc70377cb3f379c9d407b6bd06669ce72e682ddff40a2c5c3f9308dffd2c000486edf703968b2750766f8ab6222c37abf42f19cbc69cdb613a746100e01c20bf705f2300307480b7495a533b0ccc2b5d0b8b6d1780027617856456903c2350d7ddb788c93f22a1e3ad659a7c3e802490d295e8d0bee910f86b340094e4c1cc8fbaaa7921940bdc792e03409bc80058c00170e02dfb02f21ebfe72757b0dfe6710b6cebe3f0e1fa59f2fb399d6e876b063d1276be4f37fe0b3efae5ef324ebfb0fb5d70ede07fb9c6bcfbc33fe0cbed4fc9f632aaf152f8a609b4b153651cc9cd9fa65beb2d41fc20880c9ed7c1b100270080810c00590200eb60f1aec744a2472302a61a8e8257c4503ec7cf20d94209080500d035d753453840da330bf0d7cba270000680bf2dea2acd3eba193c23fee9aef3be809ed100b0720afc7c406502efbb742b9cd6a4bd6bcc0f7bde815756df22b5faf23e73e1d25e7f0b3bdf77bbde8005aba6ca9cc184810fc2e85e7f768d796ad9adb07aef1b90e049045e47b75c1aeea4fc649591de0002a0dac1cc20ad07705b0204055b3fea0c0680ac9300804d02b905d8f19834d3f22e5ff4ed82f869a07a05f1cfb4d8a19e88cf2470e87d84a238640385a48e3b341d0cffd30000fee7c3aeae9e3d0802c29f3900da4606c0fc6fdd00b89d91c6deeddce3b71e5e09f3565c2c2fe8cdc35e84611d27879defd7835fc163cb2f955a3975e4cb7076506e21e7bd51b0a768951329b05092a797dd240fef29a4c205090ee5f755c50fbfbb1b461d008dea3003ba343d01000c6100c86000983163c6ecbd1c00db1e75d2be68c20d205dbd1408f88838310681416a02aaf50bd3b88a0f8018cf01f0b7319101708403e083aea4f114641a103fdf336a495400bcf8cd14f869bf02c0e4812fc139414d24c7caf6dbe11d082dbbfbfccfa167ebf3c2ceb7f7d846b8ffdf43641cfeb7d14b435cd0f4055da0b876af4c16d995489e5696a4d092acde2482045a0402701147dbe29894fd2b5770fe9933a06bb3736c12d8680034496f6a5b001b005b1f732eb6a8de0165f8b453185d820c0b55424837dc7d7feac9e26809d4f733b206c2ccb19133811c007f7dbfabab00147c1fe03d172c815e0d00e0c73c0580313dff0e97f7bfd7352660fa61caeba99204de37662db46bda3dec7cc59547e1aeb7db4badcd9db01d5a06f5238c7f92cda5fb48e72ed85620ce8813390070d50d2c62eeb18b883e91c49d14821052787ec75306804765e1067b0331c1039a62f814108a1fe8aa3a880090c010fb8b7bcc9008b669d20fe65cf171640014e7c1bd1f74759d80eae577beff77030078e16b0e8037e5f7111da7c18dc31f0f19f75f6fb7868ada22fb82e78edf0799292d23ce39e98504591c7ae59632888f5319c392ca4298f2f2e9f256454af27483b7c2c52bc162dedf257cb71570997c53158968d5f1fc8eb741370700b9f905fb727efafe440050e2b800d0f1b97ee0f6e522fed788d663fb3748534fab7dce7abeddc25231168ac41f0a6899dc0dfe3961495400dcf35e1779eb3879388c8c06fe72110340bbc80078feab29b08601002f40b79697c1bd61720fb3170d864325bfda17f8b55b6b20da72d75b9de078791e2479d361c12d05ae6d3b0f6d809c0f0729cdc5b42e3842d60da70f8156f35c63896b40e1030923ad20e1f3ff2e38f37666016c0e907b9801e0e71301c03e06804f19000c41f769b72f601d9f3cd409b384f21900327a501cc0a0b7798b420e5a066e765ba6768707277e19150077bfdbc911bca685b801fefacbc54b43481d5d9ee300d8a72cc069297de15f1356878c7bf0b331b0f5c872689ad20ee65d1bfdef30cdfae06cd85bf013b44cef0c8f4fdae4dab67adbe790bbec0a59f9c30213cdff3bcd281ef2ec414bba0417f3c739880b70e6b2543f02fb7c51f6edb60b683400300ae024d001c0632a6123852afafad0f763e867901b3f0950642f810c25491b18c92c56d594b13070203c3869455400fcf99d4ec4e76bd23a2108fe3a3a3a009e5d712bfcb0570120516f0e2fde722064dc0b5f4d8795bb5e85b6cc2d3d387e35445b1efa741cac3bf029746e3e02fe79b51bc09ffefc02bcfadd9db27f1f2c500f7c209cc0e3f13a8db444a3a9f05db5022a7cd783a71cd45c987d1b02c0e600313784b8c2c0e2b5f0d9f65c90377cba9a3e4176f560cb984ceb82d307004009a1e20a384e858ddc2598505a59009d5b0c877f4d8e0e80ff62e636b8250cf077b02f9c85f76e1f1900cf2ce731b902006fdb7a6b7a95dda64e970fd73e60bf7ab51acd22938fa202e0f915b7c3575be7c3f0ecebe0ce8b17b8b6bdfeed5cf878dd834258d8e4a158bcc4851d22c6db8a41bb85218cf01d23a16e47938011e31c008cb48b41270c80bd0200761690123fcdadcd8a0c6af2fe01bcdd5abe8b6dd8250ca8fda24bc8e7ab826a5f05746e39021ebaae0100bcd149857ea40e80609879c9f2a800789a0360cf9bae758f5ebd1d4ecf6aef5ab772fbebf01c238cc33a5e07775cf0925c5f5d5b09490929aeb1efaff9277cf0e33fe1ca8133e1daa17f776dcbfdf466f86ee71b8ab80981490b006a3d7ff40eb704606a2e81d2e64fec2ca6fd076aac33e1059c04363fc701400103c0ea58017016e7000880750c008f49006028a7eb6ee64e2b7f36f327be9f16906828a8feac9cb3bdb4f2b89d23efc200f0f0f5510050940777220020a81a28c030f3d2e5d0e78cc800b0b3727bde70adbbf7c2a5d0efcc735cebd6ef5b0a0f2f1e03e306ce81ab07cd91ebd7eefc060674728ffd66ebebf0349bf796731e87d17d6e736dfb9f3747c1f6232b55ec1e4ef8649df3681d8f8a1840858954f8325924798102c505d93c0ab02d406e7e615ecedad80130c04e043951c03af87c5baeaaef6bd8f8e1f4fb29df8e3d820ec9c3c7b661c8a8ac868a046c02291e2f52efaf85ca9a52fb7397d346c023374406403e07c06b9d24f1c333213d21306b4c74003cb9f416f87eb71b005386bf02e7f79ae45ab7eff866f89ff7fac194739e860b7a4e95eb97ac7fcd4e34b56ada5e8162cf5278f0df63e09ed1efc2b02eeedbd36e7aba0b1455ef5182272090240f433970cc3e27857667322185f2594110cc0f9c2fb21995adbb287b3ab300e70a00eccb89f9ce20ac067212b8875980c5dbe6391a2f9fd7a77cbaaea9873f381539a5d5e81240247e242864a4a09247a555452c02a8b78fdf9503e0a6860090ad7e7e080f00c8e100e81005005fdc62e7ef6953e8d5031e80ab87fed5358e83f2e6f9cd99503f8021d97f92eb3f58fd30746a31147a9f79b65cb7e3f05a98f9ee59f08fabbe861eedce76cdf3a77fa5308ee373a5722910e43b090dedb67283670a3549f254fddf5d2944e1f3f3894b66006097f29c56d36d0ec0ef0d3c5298376bed0f3102c0d510625b80275c4257091f95d431a8f6bb124168e26928e84e1ef9fd75505e532c85c72dc0a30d00e0f657b35d1a2f4f453c6360f6d8e800788201e0fb9d6e0b30aadb0c9876c1132163273e9d0ab3c67e013dda2aa13eb7ec2ee8d47c288cea3341ae3b5e7a08a6cf3f039eb965179c96d95eae2fa92884eb9e3e4d612d48dbc3ba011305c4af95c7c51b543fa1123e5a05c61f21f34c1deaab4c18e89d019d33b12368ffac753103600877019992042edeeefcd5315d947e01dd80a809631edfa329531f9c0fd0a895301481e4ebcbb9f607eaa50de716e0d19ba303e0b605d9ca0504997ffecfeccb9743df6800587c0bac0a0240efd66360ce55a129e8db5feecae6fbc225d47fbc3f8e0162045c39e42ed7d83f3d12079fdc5bef5ab7fdc006b8f7ad81a142c664800ee4112fa1d6c179c8964e846f118b61915010ec27b1276532a562a23ebb39b700236c0bc07b02637e3e006f0acd10e5604e0217ef78d249dc20c933c4831d082974b45a57e348d54f8e13b7efd0ca5f7dc00715d525ce8f11d6a5cbe923e0b1060030e3a56c65fa21a81ec09639577c097dcf8c0c80c73f0f0540ebf47ef0c4cd6b42c6e6bc330afe3e7ea92b44bc7bc130e8de7618dc7ac1c3aeb1f7bc3e0472af77cff1dde6cfe1a17f5f4e327b0408fc72c63b0243b31fec1a9c9a81272443a8cc3f82c7745995511d390718c19f0f90cb2c40cefa358d00007605ef2b590f5fec78ca9dbb47d32e1ffd4a099daafbd347bfd3967147499d9c426955a19dfd930060effc8e9ec76e8d0280c23c98f652b6ca0100b878003fee43937e86ecd3fb449ce3fe77ff049b0e2f76ad4b345ac09b7f3e1432f6a5e5f73041bb9b4627cf6b0fddda0c855957b96f2f9bf7c954b8fb4f2fbad67dfcc30b30ffeb3b54dc1f81f9db8be9e603ca55384f5ea7c2977390870e53809cdf712a746b31d206c0d1e203b10360e0600e00e7c690bd45eb60c9aea755c91754350f0c420a3592e8912490248cb02f90d408eafc3550595de66ae5e29b3900721b02c0fc6cd719d03c004fa4bcf55f85ae624cf072f7cbc3607ff14fae753c19b4e8deda9064d0971b5f83f37bdfe05a37fa018fdd751ccc55167dff0c5c39ec76d7ba9797cf85853f3e182af80802e7e7800c9f867a9c703bf71ea896714b768c80ec2140d7100c805f7e8cf119410800b4004b763c4372f6a4cccb5761c70fa01bc0b4ace62e0793e709d9fe8c67fd1839b26fa644ed1540e0009837253a00a6bea86eb8907900f17e71df2970fb45d19f3134fe9196e0b38a42d63f7bd32e68d5acbd6bddbe639be18c163de4f7c30579309d59a0f4f876f0e63dee3fcebd79df1ae871c610d7ba8717de0cdf6c7bc32dfc482080203711b40fcf0f4414be0498b37e54f614e6026c00cc3b567c70d62f3fc508800183fb79d35304008ad7c3d25dcfba1238a0bb1ff02c7d3c9a7bc071862b5164109054d59483afbe3a6c08d7b575c30098f242b63a01721623ba8d873b2f790112bd2911f7e7029cfa6247fb2190c1cbdc2b9687247802013f0bc79455f875ef1a98f5ee7030fd062c9e5b0b0d2d77bf340ab6e7af0c157c70340024cc0bc90fe02047b9701c6d2895a1a0587f5ec7298c040eb71f1275ace4e0ac0d3fc5f89cc00183f8cda1191200cb763fa78a3f32a9032eb780ed5db24a28dd854ed2c04e363060d6415965b14b73694e9fdfd2356f5a6400f8ea6b59ccfd234d03d8a152bb66dd212521a341812c5cf902bcbefa8eb0db6ebfe055b8a8ffa4a8fb7ff5cb87f0d8e26bec8bfcea1d07a15946cba8e3273fd2050a2bf72872878225ef5690c977afb78242435d81848083460ffcf3791d6e81aecd87c3ebafbf6e0360e3cf313e29149f0fc0ef0ece2bf9c50680d26ab796cb908f640a5d1943d140a8fe9e0030e117da77c450ada7593d0e80c7a74706c0c92e53e60d852335e11f213371d8ffc2c4917f8dbaff07ab9e8057bf756e257becba9fa14bbb3e51c78f9e9302a6e65382b7d436ca07ac601720566278a800242e96fddd725912baffb91d6e86ce4d87f1e704e61e2f3994b3716d8c00e83fb0af6d013800f631002cdff3bc34df34bf2f9f1622cac258155475014d25826c5761404d6d05d4f8aa844b71fb6f7c3a78b7d6bf1d00566ffa12e6bc7b312424853d75b8b8d70cb873cc9351e77869e92c58f4d323f6859e75f9c730bcd7a511c7169717c2350f9f669fa72b028020ad0fc90a2aad770a44cac73b2b343557980c22ff3ef28c1ba14bb361fc51b136007e5d17e3d3c2fb0dece34d4b761e12b5bf6c23acd833df55cc51357c67777c48b4ab2288eb493a38c0337ed5a5b289038f6e10ede743bb7300cc38f500a8aaad846bffd10f0249fb228ee9d77e0cfc73f2a2a8f3fcdf7bd7c3aaedefd8d77fdaf94fc315c3a6451cbb2d6f03dcb5606044c1a372bb4244d2edeb1aef0288735df1ef08a1f09525b06078dbeb9905180aefbefb6eeef1d2c3399b6206c000fe9028e73171fbcb7f85aff7bea4ba77f9007acb176a3aa9f1e37ad0d55ff136759399fe2272269a8b008ad482c30118009ebcedd402c057570bb73d7605ecaf5a0e715e2de4e42db1a25d937ef0fc1d3f469debaee746c18ea32bedcfd79c3d076ebc606ec4b12b377c0e0f2cbc3c4490210cdf06811562c629a9936f32dfa3c9b9148054e9f8ecb693a053d65078efbdf7720bcaf27336af8ff12f86f4eddfdb760137de78e3ec03650c00790bc8a3e035e2b3c90d1e42fb13520c30eda762a924115f2aab4bc01f1029529d9a7e220c01841e6d18006e3f7500d87f6437dcfdf8b550e8ff059252b5a86313f42cf878eed1a863aef9bf8e5052bbdffe7c6ef7ebe06f135e8e3876d1aa17e0d925778408de25680cf401dc7c208cd6bbf613574e4504ee07469ddd6e1264679e6503a09003e09718ff68143e29d401c026f876ff2baeb62e740318f3db32651bbd893ab4c88e87da7216e3e7fbd90f73b4bfaab6dc66ee42f6eaa8e180c05d0003c0d3a700005bf76d80455fbd060bbf7901325ad6414222ed1a09bff067ed7c765f25c47b2327912e66a4ce0287d4753bfd3c98376369c4b1f317cf85f7563d0852f9a98009dd0f16762cc20f760d3479c4df86b6be960160087cf0c1073600b66c68c49f8de32ee0baebae9b7db07c33ac3af8ba148e3bd413be5facf37874486fe981ba1a0b6acb4c7bfa9aba2a46fcaa54a207820b37e0ca04f2895aa676867143ee75fd482de2af554b41e95128af2ab5357ed39e7550509107694d3448cfd445222bb665fc807f41464ad3b0dbb82b7965d51d12b8a9de562c72f87bf8899814966e7c197615ae968251c276876e121441c206f25d924000571e80868ef46691b35a5f031d3307f3bf19c400702467ebc61801d0bb6f4f1b0093274fb601f0fda13789c94781931b4089efb77bfc2d47f37dfe5aa8aea9701d89867b1a100b40b6d5d70194165a6a9d181c1608a41ee089739e5bcc7d7c7ca2f31eee0c1bc011141c319d3b70838489bfa7592bf580287f9d0545c72c97264a59b07f52190079c46105998070c42e44f83168bd14be490e2f3e0f6e351ececc18c4ff6a586e61f9919c6d1b63fddbc17d7b7853990b983469920d80d5f96fbb9a3e5cbe3fe80e21107f34aaceefb3b37dc142c268d2058a6020e8e24c7003b5dc9a6b556440c8e2bb7bee1359429237ae95eef52e4d7481c2720b3658f0106e1f62d6a9f0832d86e93e0c6e1fd8f22a38237d007cf2c927b9451c00bfee89fd2f86700e3071e2c4d9872bb7c00ff9ef280e80b9005914c24490ea04e2febeaaa6c2d5ac09105ef010c522b88449aa3d5ab87770832c64d1c27e8c2ef0902fa1020fa7b5ae702e785c8c820f1735509445dd2e96fecdaf80f66903f89f8eb501b07dd3ded800d0b3370740da9c091326ccceafda0e3f1d7b57c6eeea264e21782cfb3a68603eb2daf6f9542a7a38a1360404faeb822d39b50a9ada8ef991e01373ef0b0d2f56d88fea424712a60b014142a763d1ba85115e58c1ca0d417358a15a8ffbf0bbaefa37bd1cdaa5f683cf3fff9c01e068ce8ecd3102a047af6e3600f81f8d3a52bd0d7e2ef85008117d3db9b11341c1ff623713bcafdea7cc3cbe2c08b10654a8bc21c2ee8809340004227ff71968a196202202dcc28d84070b5d470453ef124e2c42a707a563c90757e887f39b2187702589828f152080e9d7742cb44de9cbff7c7c6e71c5b19c9d5bf6c50680eebdba7a5312d3e68e1b372ee768cd0e5857b4480843903ca0892027eb54555369c7f9724264fc9afb28e1809098c19f7dc7784355900083cc76d848408ba4e15af8ed41820f49068559dc173a745488f9a5da4cd745e010f62633c27cc1fe1d428182730782bef7c9ba0cda24f781254b96e416571ecbd9b5252f4600f4ece24d4e4c9b73e59557ce3e56bb13d6177f0428741d481f2080ddcb57cd34df52a52ab70cc2b07fc9e81b700d40c7440203217b2173c544fe82d53cfa628511347eb6c2ac8e2a782b54b0d4d4bb864711be2c1d071daf77934ba075526f58b66c596e49e5f19c5d5b630440b71e1c00a973aeb8e20a1b001b4a3f01c0b42f6832a6aef555437dbd4f4d148d8de3f7a0783c9a6ba0bf30782efb8dcd95d6d279685215bf19d78c7046271905845d8820ac30dbd0ccf0b6047e7eb5e54a30c11623a2c6074d6e86b134260557d0be3dd34743abc49ef0e5975fda00d8bd6d7f6c00e8dabd931d058c1d3b7676816f176c2cff0cb0e4cb17aef5b5b5d5f65fbca0f17924df2bd7eb91997a0810c4984804ceb6462ce64f6febb88ff27c20f5f230bb44b2f95a98cf612ebe4b5321c2b8204de72d70e9adc07ebe72f17ee777bae63421a2150971116140e3aa0e5aa1bfab7bea45360056ac58610360cff603b101a073b76cce01e68c1933667661fd6ed854b158549e4ca8652cdf1ff087eedc0010f8d7a42ce747d69484110e61f3e1801056986c31e29c9377256ea268fc8918836861a165451ecc3ff23e7d3bb9550da1a69e8c8f55f098f809091bc378b1ae2917c0e9f13de0ebafbfce2da93a9eb377fbc1d800d0a94b479e099c7be9a597e614d6ef814d959fb1f0cea78a399126111f6466376876bb4bcb12172388edcb0f943300844fe2844bf045caf845933839be6d00883042a8851541f3832844682e208c80a2f878b9398ce0655010ce8584f9695d93ce87d3e2bbc337df7c935b5a5590b377478c00c8ee7ca69d0abee8a28b661fa9d90ebf56fcbb813dc29bea4840884814234ca8d18822c28123ca399c35b142d745b1fe11d85d6462174d2ba3f9f8b082171ba4b708064f04e1f3a553c279d032ae2bac5cb932b7acba3067dfce43b101a063a70edec4f8e4d9e79e7bee9c42ff1ed8ee5b123a3a42101dce4c87054224b31e6d3dc6e61a444fef3622eb17eb12250a8cccd0e9f6c66abcd86006ef13659ee0551dbde7400b4f1758b56a556e794d514edeaec3b101a043c7f63600ce39e79c394581bdb0b37e59e85ed1b228102a40c101c31f351cd98b24c4081143ac808879892132b4c20924787f2bb2b0a2093e281a8c6a39c2fe6cf6a183670434333ac1ead5ab6d00ecdf9d1f1b00cee8d0ce9b109f3473e4c891f7975a0760a77f690c7b852e91c2b9684070ad8e900368e877b83012830b6850d6b18c8f81d4d15511058fc2a724c48a02b070abc43e1c00597a470e80472a6a4be61ed8132300dab56febf51871779e77de798f56c171d86e7ee6be708dd4a848408898dd0b1ae75aa74599fb047edb092d11b27e61b79355217504b2114d3d8f6a4c4c8bc72878d72602ac8efaf990a6b582efbefbeefe9afaca870eee8b11006ddab68eabadf18d6361e03b7ead06365bef3b1b7472a413b8d091b4372259a403d0ff0783301a0f89e987c47881ad2843a298e3689943be04a702f8fd275cf836081af1fbc281ab0b8c817848e789a0dbb43873c1a1bc2375315d8a2edd3a1bdbb7ee183279f2e42f3d1e4fc216fd030840ad7baf707bc6088c886c1fa2b8075c478e1155fbe9d8b071dd092e0d692084114618731e22af48a63ef8ba46e00bc13f823f5ea69b79157fec7ce0bdf7debbb8e5e9cdbe397cf0a83fda25934bbf017db4f56b37741f3d7af4a2a64d9b661f34be87727d7ff83d4fc2e446f3e70d8221ccbe5a4363ac309f4f7071297324d34e0647137ac45da3fdc6701689ac4b355b419bc0d9505a5a7a70f1e2c597f71fd2eb97756b7e0d9931da356bdbb973e747060c1830be52cf8783712ba35fdc084599589786c010952fc43469e37e52d8682e4681045703a3e514c26e8b06d048ae2868fce9f5432035d01a366fdefcd9962d5bf8532cf6869b2ee2f568deb2697a4559d5e4b163c73ea1e960ec4bf802eab52af79ee1841d4388186d6988d4e1573dea4ea7660993e80b3f48bc07a5e66504e26ae084c66bbb150318e83a0312e08cda8b40b30c6bc99225339352bdf38fe51715879b22e2a56bdbbe75dc81bc43c3860e1dfa6c9b366dba967a764341fc86f03358113ed375274b1aa3fcdab0a0887a76d1172bca8648899c90a1961b00318128cc1c0dffa8d0315975dd21a33e1b8e1f3fbe6fd5aa55339ab5c8fcbae058715db85d1aba44ed333232ee1a356ad45dbc127c306505d4eb158df7a13a8402a3b10bb9a0b19e41b81440a4e1617d7a84ed0d4d60598ddf27785d63c23f3ac6632642abaa7398f67b2c16fecd2f2c2c7cb453b70ebb776edd1b7686a8e2c8ccca482a2e2abdb85fbf7e0fb46fdfbe6bad510c4753579d1c893a59f2488e1b2d43d8a8b91a733e0d44015663e789056c0d710ff2fb9b550d82c4fa66909f9fbf77eddab53999cd323e2f2e28ad88b47bd44bd5be435b2d6fef818e5eaff7666605fe1c1f1f9f5091b0074a92b6c67896519668ea18ed82c5306dcc1b4e221208b1ce8d9dcb8293137e98f569b5d9905e930df5f5f575df7efbedb3353535f33b64b7d9be77d74133c22c0d8b20a3495a626949f988acacacdb181f18a3b1a52c691b5424ed6d68d7d89786ac4230d93cd9581e1a8f07abd11b228c8d218f70223f28a9b635645476e78f87b1d6ad5bb794f9ff673332d3be2a2d2eaf8a324bc30068ddb6955670bca085afb66e6cbb76ed6ee9d1a3c7400e82f2e49d5099bca71167df88255c42e7142ca7689ad8260c43e0788790158871aa46687e72755b48ade28fcfd761c78e1d1bf6eeddfb527ca2f7e3162d9be51fd87738ea69c764849b36cb320a0b8ace641fafe8d0a1c3c4ce9d3bf7e420a84a3a0095a93bc1d202b14c7372cba966f427b3c422f87063a280b9a12a5fd86d960629951d21a9aaadfd95097edbeeddbbdf611f3f6cd6326b47c1d1a2060513f3656dda2cd35b5850ccff5ce79f5ab76e7d59b76eddfae96c09786aa0227d2bd4c517c73ad56fbb682797f0e37d8676ef5ea40e9113f2138dd82546cd8fab4b8794b22ee0f12773b36feedcb973d38103073e659b3e69da227353e1b1625f8c972bf625ab6993f8a2c2120e82d1a9a9a9e7f4eedd7b68325bf8360e80ead43ca8f7169f92c4cc89468d27acf168a6b54630f9933cf08908dfc3049f54d10ebcbe2cfb3b237a359b366d5a535e5efe0dfbfa4556b3269b8b0a4aa2ff7123b2345a544db232bc2545a5dc1d9ccbbcc0592c3c1cc45e1d3c6ce1dbb945a84b28027f7c0904e2aaecefb2d92ec68bd290e6c6c2151b75c0935d4e56f81105af81e14f00dd9f0471be0cf0d666b1ef49f626bfdf1f3878f0601e5b7e364d933f9b764566d38c5dc585a531693e2e27a4ab1919e946557575cbfabafafeeceb5026fbaecc2d746dd5aa55eb44b69c824bfa9b2ed609a9f87fe678c1fbd6b2e5e8d1a3870f1d3ab48d857bdbd92a2efc9f3232d38f941697f91b3bff091bebaca6595a4d754d727575757bf6953f27ad177bb54d4f4f6f939191d1bc095bd8e764c330bc9a16fdf10cfc24edbf1944de1b751227b0cf6f31dfa9f80d740e1ed2f97cbe5a6ee64b4b4b4bd8eb785959d941b689bff89f25db90949cb8372929a99291f4133af8497b6bc6050c7fc09fc2c0d08a7dedc85edc3db466af4cf6e2fc8077c61b277d657e9f0b4fe0f0460cde48cf59763e7bf167d3eef6c4790e25262456b0e5a442b053564763daae31b4c633df94c65e9ca1f05713f64a65afb8ffd415fcfff9c24d7a2538c22f62aeb698bdca1212127ccc1a982739b7bdfc2685546615b44020a0b39747987f4d3bd9c774fc8e16e206b8173099d0033ce266da7ecac9cb1f52f99d2f7f00e077befc0180dff9f207007ee7cbff035b6589d9f40d17b50000000049454e44ae426082, 'image/png', '2015-11-02 17:44:06', 'azizah', '0000-00-00 00:00:00', '');
INSERT INTO `user_detail` (`GUID`, `USER_ID`, `UNIT_ID`, `FIRSTNAME`, `LASTNAME`, `ID_CARD`, `NIM_NIS`, `EMAIL`, `PLACE_OF_BIRTH`, `DATE_OF_BIRTH`, `GENDER`, `USER_ADDRESS`, `HOBBY`, `PHONE1`, `PHONE2`, `CONCERN`, `ABOUT_ME`, `CV`, `MIME_CV`, `PHOTO`, `MIME_PHOTO`, `DTMCRT`, `USRCRT`, `DTMUPD`, `USRUPD`) VALUES
('cd9b386f-7ec7-11e5-aa82-28d244bd1b19', 'cd8ed273-7ec7-11e5-aa82-28d244bd1b19', '61ddb5a0-7d01-11e5-8cd3-28d244bd1b19', 'Satu', 'User', '1234', '1234', 'user1@gmail.com', 'Tangerang', '2015-10-30', 'M', 'Tangerang', 'hobi', '0813', '0856', 'eb0cb712-7db4-11e5-8cd3-28d244bd1b19', 'Kemampuan user 1', 0x255044462d312e370a332030206f626a0a3c3c2f54797065202f50616765202f506172656e74203120302052202f4d65646961426f78205b302030203834312e3839203539352e32385d202f47726f7570203c3c202f54797065202f47726f7570202f53202f5472616e73706172656e6379202f4353202f446576696365524742203e3e202f5265736f75726365732032203020520a2f436f6e74656e74732034203020523e3e20656e646f626a0a342030206f626a0a3c3c2f46696c746572202f466c6174654465636f6465202f4c656e67746820333139323e3e2073747265616d0a789ced5d4d8fdcc611bdeb57f0981cc4b067c82127b7185602484060037b337c18402b2bd18e042f2c18c8af0f875d1faf1e67bbc7b668e8b087c4787adb55afaaba7af91c20eada616c7e6d76cdeba66bfedbfcf0e3fc8fb7f37ffed5a4b6ebbae6a717dfdc357ffb676a5237e3e6ee5df3eaee45f7fb0e5da8bb5f33b76b76c9393d663f53cff073937f18fffbf1a7660e3e07785cfe600ef0eaeef227fb21b5fdb1198643db1d9bbbb7cd0f7ff9f6f4ee97d363f3dde3a7b79f3ffcf5c7e6eef5e567bfbf267c25aef0337f80da3d537fb887cfd433f54c3d53cfd433f54cfd795f29d73ec55ea4633bee9bfed8b75d6ace00a75df32070d84d6d3706385de06efe000436433a2b911f38f2bb921cc970860c4bc2e1d8a62ec063bac67657d43da97d814fc80919ce003bcf6f25395c0ace729045756bed18b928c786e5199684de7f6a38b120a7ae7d81ef6ef9e6bfaaf8fa977e6ac7a119bab13d0ef943ffdf9ff4ebfe777e8e3ed5ae6908ed12a825cf1007227019c8a16b0f076733a4b3d82e8cfcf4f43cc319322c09d3786c7bc453d7eec6ab7c7745e093f24bd73be63823ee4083afb4e37cc5b226e749e3aa068a5f96e58f92a759d2fa30a8fbc4a2a65b6ad8e2ae8fa99da670d7df7c7a7bdf7c737a3c7dfc698b4bbfd4078f0460af3fd18c12ce680ebf437ec17cdefb47f14b334d78d52c4d7e00bbaeed034eed6e7f95efaecb7cb28ce2031fd29c117720c317df71be7b5916f051e6ba8c18bf2ccb9f2e4f234db7a1f010984759b794b1c512a4e3aeddf5f1c53f9d4ff42f76bee8d33f1798466ca0616b401ae39cd218e7749c223f633e0f0d8cf10b734d63bc6e9226a79de7784019f31cfbf12adf3d25f389328a5b10d29c117720c3ab779cabcfb2802799ab3262fcb22c1fa2a7b1a6cb507808cca3ac5bcad8620b86b46f775dd882d79fcf0fa7f79b2cc0a5b61df62ec51720e338227c7fa7796503bf603e0fbd8bf14b23dde14db334f9bb65feed8ddfc587c3fcad789defaecb7cb28cd202c43467c41dc8b0ea00e76f8e2c0bf828735d468c5f9665438434d2741b0a0f817994754b199b2cc071dff6f1d7c09bfb5fee2f5f42a78f372fc19774cb254b3cf6975fa96689c721daaa79970fd165a1071656209dcd911f3872d1124b8633ba3c37bd087580c8463915edfdad1ed42db18514a825299482450eb0a86ead1d2397e5e8b0348324d4fe53c3898d722ada057e694b3c5e92f6975f407dde8c1417e2cb5c6db14ad0ad057ac58b91f279a8af420b2cac403a0bddc2c845476c77097c1d385ec7e0dc021f1555e4976f77cc7176ac2b23d8365ab1de30d1643c695cd540f12bb2ec4dd23492568741dd279634556bd8e6aaa76edf7653b8eb6fbe7dd9759b5c783546d638c5587ba2f9249c8f1829e333e6f3d63b8a5f76c370cddccf81db05ec7e2df024ab5a46e56d0f69ce8e75a504dbd22bd67b27b29c8f32d765c4f81559f66c691a6bba0c8587c03cc9aa96b1d1024c7d3bf66101b2116e3edc6ff3ea8b2ff2fe0986fad318c794c638a6c547017fc17cdefb17e397cd70b86d6ae7c0ec0276bb167892552da3b20421cdd9b186156cd52bd6ea4596f3247355468c5f916543d434d0f465283c04e64956b58c6d9660d8ed176b825f3cf31f6df46b408d91372fc517408d13ce08df5f3552c667cce7bd79317ed90dc355733f076e17b0fbb5c093ac6a19e50d8869ce8ef5434bb0566758bf374496f351e6ba8c18bf224b876869ace932141e02f324ab5ac67a03feccff45b7640a87beed3bf7a8c3107dcefef21d176c0f9a526105d2d91cf98123973d6ace7046db7588d6093d22b1514e457b7fab293cb847d59002b5248552b0c80116d5adb563e4b21c1d96669084da7f6a38b1514e45bbc06d3ceabc15d33ebfd8bb0d3d2a746b815ef1626d7c1eea74d0940a2b90ce42b73072d9a3ea5d02a77520af14fc21f35151457ef976c71cee516d6504db462bd61b269a8c278dab1a287e4596bd499a46d2ea30a8fbc492a66a0ddb5c75f5a870d7178fbac98557bb628d538cb5279a4fc2f988bd313e633e6fbda3f8158fead7cc5dd6815c523087cc93ac6a1995b73da4718f6a2b25d8965eb1de3b91e57c94b92e23c6afc8b2674bd358d365283c04e64956b58c8d16403c2a2c8079d46d5e7db12bde3fc1507f1ae398d218c7b4d81be02f98cf7bff62fc8a47c5dba62eeb402e299843e64956b58cca128434ee512dac60ab5eb1562fb29c2799ab3262fc8a2c1ba2a681a62f43e121304fb2aa656cb304ea516109b247dd6603c4ae78f3527c01d4cee08cf0fd557b637cc67cde9b17e3573caa5f357759077249c11c324fb2aa65943720a6718f6a1f5a82b53ac3fabd21b29c8f32d765c4f815593a444b634d97a1f010982759d532d61bf0b578d47ddf1ec0a3ee87e873f6ed6188b6074da9b002e96c8efcc091cb1e356738a3ed02170a50db8a6c9453d1dedf6a0ac1a36a48815a92422958e4008bead6da3172598e0e4b334842ed3f359cd828a7a25de0361eb59f2fa6bcd8fb0d3d2a746b815ef1626d7c1eea74d0940a2b90ce42b73072d9a3ea5d02a7851ed43078a9c0474515f9e5db1d73b847b595116c1bad586f9868329e34ae6aa0f81559f626691a49abc3a0ee134b9aaa356c73d5d5a3c25d5f3cea26175eed8a354e31d69e683e09e723f6c6f88cf9bcf58ee2573caa5f337759e8411dbb8b0a3cc9aa965179db431af7a8b652826de915ebbd1359ce4799eb3262fc8a2c7bb6348d355d86c243609e6455cbd86801c4a3c2029847dde6d517bbe2fd130cf5a7318e298d714c8bbd01fe82f9bcf72fc6af7854bc6deab2d0833a7617157892552da3b204218d7b540b2bd8aa57acd58b2ce749e6aa8c18bf22cb86a869a0e9cb507808cc93ac6a19db2c817a545882ec51b7d900b12bdebc145f00b53338237c7fd5de189f319ff7e6c5f8158fea57cd5d167a50c7eea2024fb2aa65943720a6718f6a1f5a82b53ac3fabd21b29c8f32d765c4f815593a444b634d97a1f010982759d532d61bf0b578d434ff2639ba474d43f439fbcb6760b03d684a8515486773e4078e5cf6a839c3196dd710ad137a4462a39c8af6fe565338b847d59002b5248552b0c80116d5adb563e4b21c1d96669084da7f6a38b1514e45bbc06d3cea2e5db66879b1fb0d3d2a746b815ef1626d7c1eea74d0940a2b90ce42b73072d9a3ea5d02a73590570afe90f9a8a822bf7cbb630ef7a8b632826da315eb0d134dc693c6550d14bf22cbde244d23697518d47d624953b5866daeba7a54b8eb8b47dde4c2ab5db1c629c6da13cd27e17cc4de189f319fb7de51fc8a47f56be62e6b209714cc21f324ab5a46e56d0f69dca3da4a09b6a557acf74e64391f65aecb88f12bb2ecd9d234d674190a0f817992552d63a305108f0a0b601e759b575fec8af74f30d49fc638a634c6312df606f80be6f3debf18bfe251f1b6a9cb1ac8250573c83cc9aa9651598290c63daa85156cd52bd6ea4596f3247355468c5f916543d434d0f465283c04e64956b58c6d96403d2a2c41f6a8db6c80d8156f5e8a2f80da199c11bebf6a6f8ccf98cf7bf362fc8a47f5abe62e6b209714cc21f324ab5a467903621af7a8f6a12558ab33acdf1b22cbf928735d468c5f91a543b434d674190a0f817992552d63bd015f8947dd1ffbcb4e9f0d0eec73ba3ec0604a85cd90ce4ae4078e5cf6a839c31932e897b858a7e011572cc8a96bbfcd144ee0513564865692422938cb4116d5adb563e4a21c1b96669084da7f6a38b1414e4dbbc06d3c6ab76cd5f2620fdb7954ecd602bd62b1363a0f81c1940a9b219dc56e61e4b247d5bbe41926f4a086dd4b310f8aeaf26f3483137a545b998c7da315eb0dcb9a9c278dab1a287e5996bf499a46d2ea30a8fbc4464df51ab6b9eaea51e1ae2f1e75930b2f76c51ba7186b4f349f84f331fb23fc82f9bcf78ee2573caa5f334b33a107756c2e8a7994754b19379ac1093daaad54c6bef48af5de6559c04799eb3262fcb22c7fb6348d355d86c243603ecaaa97b1d10288478505308fbacdab9fed0af44f30d49fc638a634c63189fd317ec67c1efa17e3573c2ade364933a107756c2e8a7994754b19379ac1093daa85cdd8ab57acd56759c093cc5519317e59960f51d340d397a1f010988fb2ea656cb304ea516109b247dd6603b25d81e6a5f802b89df119e1fbebf647f805f379685e8c5ff1a87ed52ccd841ed4b1b928e651d62d65dc680627f4a8f6a195b1556758bf37b22ce0a3cc7519317e59960dd1d258d365283c04e6a3ac7a19eb0df84afecf876fd848fdd1dff437431cf6edfe38ff639ecf41fe6688ff7cb87ff87c7afc70fad87c7ab87fdffce3d4bcfadffb13fc25119b8999dafdfc6e0df3e51031df9dde9ee67ebcec8e2f775d1a9ab4fffb70b8a6e496d6bd78f1f3b59ffbfe8632ae1c7bf17f6834f8aa0a656e6473747265616d20656e646f626a0a312030206f626a203c3c2f54797065202f506167657320202f4b696473205b203320302052205d202f436f756e742031203e3e2020656e646f626a0a352030206f626a0a3c3c202f54797065202f4f4347202f4e616d652028feff007000720069006e007429202f5573616765203c3c202f5072696e74203c3c2f5072696e745374617465202f4f4e3e3e202f56696577203c3c2f566965775374617465202f4f46463e3e203e3e203e3e20656e646f626a0a362030206f626a0a3c3c202f54797065202f4f4347202f4e616d652028feff007600690065007729202f5573616765203c3c202f5072696e74203c3c2f5072696e745374617465202f4f46463e3e202f56696577203c3c2f566965775374617465202f4f4e3e3e203e3e203e3e20656e646f626a0a372030206f626a0a3c3c2f54797065202f466f6e74202f53756274797065202f5479706531202f42617365466f6e74202f48656c766574696361202f4e616d65202f4631202f456e636f64696e67202f57696e416e7369456e636f64696e67203e3e20656e646f626a0a382030206f626a0a3c3c2f54797065202f466f6e74202f53756274797065202f5479706531202f42617365466f6e74202f48656c7665746963612d426f6c64202f4e616d65202f4632202f456e636f64696e67202f57696e416e7369456e636f64696e67203e3e20656e646f626a0a322030206f626a203c3c202f50726f63536574205b2f504446202f54657874202f496d61676542202f496d61676543202f496d616765495d202f466f6e74203c3c202f4631203720302052202f4632203820302052203e3e202f584f626a656374203c3c203e3e202f50726f70657274696573203c3c2f4f4331203520302052202f4f43322036203020523e3e202f457874475374617465203c3c203e3e203e3e20656e646f626a0a392030206f626a0a3c3c202f43726561746f722028feff00480054004d004c00320050004400460020002d00200054004300500044004629202f50726f64756365722028feff0054004300500044004600200035002e0030002e0030003000320020005c280068007400740070003a002f002f007700770077002e00740063007000640066002e006f00720067005c290020005c2800540043005000440046005c2929202f4372656174696f6e446174652028443a32303135313030393133353634382b30302730302729202f4d6f64446174652028443a32303135313030393133353634382b30302730302729203e3e20656e646f626a0a31302030206f626a0a3c3c202f54797065202f436174616c6f67202f5061676573203120302052202f4f70656e416374696f6e205b3320302052202f4669745d202f506167654c61796f7574202f53696e676c6550616765202f506167654d6f6465202f5573654e6f6e65202f4e616d6573203c3c203e3e202f566965776572507265666572656e636573203c3c202f446972656374696f6e202f4c3252203e3e202f4f4350726f70657274696573203c3c2f4f434773205b35203020522036203020525d202f44203c3c2f4f4e205b35203020525d202f4f4646205b36203020525d202f4153205b3c3c2f4576656e74202f5072696e74202f4f434773205b35203020522036203020525d202f43617465676f7279205b2f5072696e745d3e3e203c3c2f4576656e74202f56696577202f4f434773205b35203020522036203020525d202f43617465676f7279205b2f566965775d3e3e5d3e3e3e3e203e3e20656e646f626a0a787265660a302031310a303030303030303030302036353533352066200a30303030303033343338203030303030206e200a30303030303033393531203030303030206e200a30303030303030303039203030303030206e200a30303030303030313735203030303030206e200a30303030303033343938203030303030206e200a30303030303033363137203030303030206e200a30303030303033373334203030303030206e200a30303030303033383430203030303030206e200a30303030303034313230203030303030206e200a30303030303034333639203030303030206e200a747261696c6572203c3c202f53697a65203131202f526f6f7420313020302052202f496e666f203920302052203e3e0a7374617274787265660a343732390a2525454f460a, 'application/pdf', 0x89504e470d0a1a0a0000000d4948445200000080000000800806000000c33e61cb000042c74944415478daedbd079c1455b63f7eaaaaa7270766484a141972ce82808a091556454101b324c373f5adfb1606d0ddf53dd734981362ce22eaaa48100328a20282e43ca4214cced333dd55bf7babeeb9f754a7e901fcefe7ffd1d2a6bbab6eddeaaaf33de77c4fa81a0dfe587ed78bf69ffe017f2cffd9e50f00fcce973f00f03b5ffe00c0ef7cf90300bff3e53701c08c7bae1b1430fd83a13e2e1bea13bab355719665b59007d534fbe57cd4e43afa1eb44e23dff93f96e62c161d4f865abaae6b91e609771cfc6e1806e0be8140c09e9ffdf6907dd836282b2bb3f83b3f9efd8f6569f8992eb83f3d1e5d17bc9d2fec3714b0f5756cec162bb978779c277eed738fbebdea54cbea940160c6ddd70ff4fbb41bfd35fa04f6c3b3e8450d1242c48b1fbc8d5eace071ec02858ca1eba26d0f777cdceef57a213333132a2b2ba1b6b6164cd30c3907be9e09dfde876fa7020cfefde184cbd7855b1f6e1f3a9681b39cfdbef7e3326ade78eed1b7569e0ab99d340098e007d55778ff9769c2289c4f4ff2415c936a884bf681915407fcbaeb097ed0d8072e025d5c747ead34fe9f6e81e17c71842b5e7c1513bdfccc5fb66e6a9ab39ffd0e64bbbd83fc2c5fe254e5f134b9061c85753ef1df9710ef81664d53a1acbc16aaaa7d4cd32d6e6fa45a5707caa1da572e8562d942122fb1c6161a28536099ce2013c7b24f268e379df5a64504cefef3d77a989901a8af4c00767da1be2815021589f2ba3320ac8ecba8cd7921f7ed6ffe2300987eefb54966557caebf56bf957d35348f09de96c5e03dad183c2935ec22eb526078e1b96575be1b42107c47143a0a58b701a3919f678fd6712e4deecbf6b2d733a3cd6424b484cfe188d30d005d08596e5597c012dff96f36d80471ec077081f803a87d9a2d940a7f11d499d52056b1636b628c23590900f66fc0529f11202611b0fd9fe980c0068089a0b1e1e18cb7c4dca6b3bfbf3c016a0e3405dfe1a660d5c5d9f0494a4a7a47cb28bae3f9871696fe7f0680e9f75ed32d509aba9099bfae5c0071a71f076fabe360c4fb6d8148edb42f12482db501e0d8002950430ad512c277c0a020e05807a9f97c8c16740c40ad5716c6b9fc9abdaf2606e8aed315ebc53adc8660b5ddb99827c02455ee2f04bf592bb53a23dd0ba96971909f5f0d75f58e2451eb2d21b580b40a9a2dc00028738ec2b5c4e700dd9fabbe5867cf2b80627177c38012f079a076ff69e0db771a58011d3c1e4f1eb30657bd38ef9d75bf3900a6de76d359669df139bbf84db4041fc477de0b7a728d2d145d688573b185f08939b6b593693f5e7c4397d75800c1b0df0105cc41c18583730a01a3b041b36cc1d996839b0d0b24380cc31129bf609a4021b20207206e00a0a3e0a0d12ce79dff6f5a7e28ab2f64c208480de7876ad52a119a66c5c3b61d65505d1500536c434db74dbeb00a26592f850e8e59c0f5a6d07800b785b05d05cee5a0054cb1de64eea17a6367b0aa92f9f5ad4a4cd3af7ceec99797fd6600b8f5ce89fd755fcab7ec60c97a6609c49db10fb8e94741eb44d8b6c6eac4ac0bd3cc856c0b43b384a9772ebdc15d868e3e5dfd305b83754dec8bc0127c01409af8b4e478a8aea997a7e46100e0ae23600380ba0f1b0244f836cb5027692966506fd5412533fbb678250f7084e3f1703fac431517beed122ce5d7519b2d93800085897380dc660921070877b01d81e9081e2c707306badeaf43fdf68ee03fda926ff5e9f1fe0b173cff46cc04316600ccb877621ba84ce726a69996751c3c67e409d246fcbc0692e849f3af11c171df6f83c312daaf497face95cfb2d97501dab82a65ecd0b1af207123d8030e3729bdbd7e35cf8a329fdd3e428c53c7c660d54f98ba5c9470d3789a90662d295f9171011020ab8b45f997d65199c97b202781c870d4882698afd6ded1724927f1666c5bfab1304f24fe73b571859a503e73fb268c72903c0f533ae3092a1e5b7cccc0e839472d03b6e07cd3095d001d9b900808bb153ed17c45057a65a97e65c1038020a6ed635b24e0714be30fb84d98398c7d01d0dd71d236ecf64109000018df34e988190762d237ad5fe52c5e2410919cdb85c2bc91f0acf944070848a00a03e1f41a2c0628a03482b603a5c005d8024920208366924ebf904fe6dddc12c6cceafdbaf664ae1e005f33eaa3d25009876fbcdf77820f1312d8e99d8ce9b408baf0b225f41e65f27e6599a75740d94f1d35050534001108451857752fbc55843237a2bad8c46b4dd61fce8fb55e817cc0174690d2c5bf32b99f0cbed81ee785c81419a63aaf16085d770707888b402324cd4a45570424431867005aee98e2b20a126460701621dd0dad47ac1da3408acda78d0e3ebfff7c5675e9b7dd2009876cfc4161e5f93ddec02a640bb9d0099454adb21c8fc13ffaf0b16a80901e8f6674d82058120ad861092217e95615b0e2b28eca3e000f41d727e9ba091dc800d019d9e2cfe3e1d80187e5b906c7d0d133c07008a900a3958d3516351f8d23d586a6f692dc4b800f1f920ad8919e2022cc21b2c4e3ee97a531c471ccc44ab20dc81a7b239585bfbf20495afc477b0c707af7db1fb840130edbfafd5f4bae487bc7af2bd564a1998ed37d9d2941a0ee8e72d11e7ebc422207347610b6dd414c9439048ad4780e80e680cb18fb4000275d24d088019d20510b71214263aeaae804623007eb5ab0365506fc7f816509f805a0b16119c45b611cb40ad80092a1ac0d090aeb788d64b7720b45e460b2469645a646e2ef080d85f08dfe1088eb530f6f403ada4051c3e7c787e567660daabb98b23a61da30260d42567a7f4ec34e020136c465ddb0d00c9658ec0a589b7489caf2bf6afe1774b84868620680ca1723b0a82867620c99de40054a07608a6489bedf329e0408145014793c2a7a095f6845d9a9a40a99de0a18bd26ba5f920fd3126876868e77c932491fa7350fb2937802e0104cb5796406abcb410268b66704ea1fd221c44eb1408103e509d06f13b46f0f96a771dded066f927ab0b4f080063afbce4864e1dbabd6ac65782afddcf8e800c47f0826b49ad33846d47c1da9b51fb7543689c65034093695f5d0a5b45110c24248ba74bed27c0121aed848f0836d47a8b1c5f23240f8f234e59ec5fed679a6f554b013b98906aad9c010a596ab44812a170c57f52bb0910400a35404820b82d8345c8a30b3c16018025d93fff60897050ba0071203e2661f730d02bb360cd9a3577ad5dbbf6c94603e0b271a38c1619eddfcbcaca1a5797b507ea33f38406d2100f882051a32d79713d62a04d0479e8078ad983b01aaa3600c2f76b92c94bbe80e2e3e40f9470f19dd60a24f9b4f7332470d065d013e79a5f6fd6ba4c3eb59594e52bf286c0d0a4e04d021477860f85afdc038e5569611a15a8e451005d8066391940cc164a7f8feb4124862c953564ef9e92b69070b83fd4d4d47c9d57b4e1c2651ffee46f1400fa0eea9e7cdef08bf779bdde6695adbe076e055c31bf0e2e33abeb685a55c8e5410dc48490a8075066ef2e0c09f34fc824ee87daaf832904e9ec6fe884244a2ba0d2c28800593b10e7571328619aef0365ccdd8b5bf841f13daf1e8a2aa132d9eeac1f48c12acdc630cf24fc41e5084c121a82a3f1b296e01041bf30ff48f8ecdf6039603005b9b07f037bd7ea132075d7259c0c567db76e69abf5dfef286b1400060ceedbf5c251a3b78016d0cadb2d97ac4fa7c2d795162b8ba049526720c993e48f12414d856742d8d41d0417851cd7e07c8ef378202e4e873a5fc08914849f37489888bf01cd0d86948ef0b9d9c710d99217410370933e0206e5e72d2928740ba8d532f72f099e02905bcb0977b0d47c9414a2054010f1b27340980e8607c7ba08cb80a9619ccf14e332f65e06ba3f093efbecb3e13b76ecf8ae5100e8ddbbf73563c78e7d27e02d87d216ab546a17047bd795efe7e55ca5c5baacf26188a7ac81930544262fc3319bc9832078968b504a77a18b848e201ef10c0001a6268e90ddae0443470107120900d4062a98d9afb153b7c127af52bdf20bc9049acaf48bbca069e22712c20599729c5371028b8491968bf805040f50e12082421481100082f16348882e408252bcd20f9d0b71352d60f9f2e533ba0e3aed85775efc22c4d48505c0f5b78ed7b7fcb2e7aecb2ebb2cb73ea1004ab3d6c8781ac3343b1c04a17582c6ebe2c2eb82fddb5c40d71de1da1540cccbab860e64f906b1223a1685c42fc41051269384e550d181028b8af3316c440b01e00b54daa19e264ac778089acc455858e41f1909589aa47a4e0997247d82aa7b922f04258e701bcd099896e54a15abba81292d82890008289ee124843082406038692d0e8eb4a3c321beaa2d7cf5d557f7a7b5d01ff8eaf39f023101a0579f1e71f17189b31800eef7251c81d2cc9f001bac6891c7d17e9a9fe7c216c52149e2741919e8c4fc6b981802cbb5dda91a12c64e5c03828cc6f23aa67d7515db63e148127ef65f9d596527793470d71b94590fb604eab37201e8f72d257c9720a9968bea01cdec2187a0261e82800322027015812cdb3a98017785d07e0548024a5a07675d93c2a19058d51156ac58f168557d71ce965f76d7c50a002f03c09ccb2fbf7c76adf73014a7af91240b44ec2f052b01e0c4fd06f2002c014bc1a99e009937d08184788e3531341a2568f25820dac264b2885607014bc6c2d220508545e25a5f6b96cb3c808573bbceda02d5d187d44d536450b3885906294859e1b33024345dc2a4829740a2a95f092ec7cd98e8c32d5522762c42800180f0061309a1e00026c903887d338b874172752758b66cd93c0680990c00be1801d0dd9be04d9e7be59557e6d4c41d82c2d4d522bc73f6d07545d240a7451af4fd84f8613e5ea6880900645690a688b140a389e33852c1cc1e8d12d0fbe822df2c5a4d548e5fe36cda0735a6d32ca34be1ab44301f83c51d0e6e95ac71db033b774f238190a48d30ebd4bf833bbe9704d1b2045814b934d1b2c8028f02973d9649df3449e6cfc27050949c49bd0084856a5a3a12526a3ac1d2a54b1faff0157200841487220220313e65eeb871e372aa3d07a120e53bc0ab2dab78ba30ffba25b36dca94931e3ed089df17a19f6ef7eaa85a020d1341d40630ab0834c58b29654b12501dfd924601e08897377354b3700f7d3e089d96c5200400217ea8fb52f0ce005b401a287227fdb0a9380235eb109c2340938e2e429a7ab52e80c0090297e3eb494d00499f4c0611508818948791cdcb46426a6d1758b264c9e3e5b5058d01400f6f5242cadcabaeba2aa78a01e078d24a19f649a11ac8e655de1fb5df0105cdc4a902912a03eb32a250605100a0656057b651968b75915676889e6a2dd36c53aeb12b52c584cf2f2fd23a9a2802915a56ba8ea182135a591ac245b80797c662cede92953e05002ced86ba82106b21856cc98ca2b21cc2fca34530553ad812fd00206b02a08080c7615f5a549c0b690c008b172f7ebcb2ae70e6e6f53102a0775f0e80d4b9e3c78fcfa9320e407ec237aabd0b2b6c4804837b0025714333af4badb31b388936a3ef9616c2169c26091d2d0723b790ac9f247f748dfa7407103ccb1700bf247d6828f0dd02e9d1a4be734b6167de2ce7984eca5f692e000df54c997451cc5e0104133bee7542d349b8273902b12a3435ec4d33a0ba34e0987ab10366ff6c43133065d868d210917d3fadfa026852df0d3efdf4d3c7cb7d053337afdb151b00faf4ebc90170df84091366551afbe1b0f76b51b913a4cd91a20000327477560f7982232ccb31eba48a688790a47ad8243d1ed2d2e2e0687e8d1086ea01a0564601c09239062c08e1ec9cf071df0f18ee49cd47c269894d9ab40c384e3a0b0d5d8002884adcd0d0cb92c44d09db525d3b44f8aa39c474bb11a01d434aeb0382b004fca6e000e2b7a0eb1116401e973689b06dad6a2f8426feee3600ca6a8ecddc143b007a79931353efbbf6da6b6755e87970306e8593c0b185862800d1922d626dc2fc9d54b13bd52bd9bb4cf992640ffb2f2bcb0b4db312216f5f39bb00b82f9006134d9a7864feb28f0040e625786edf17a890c294e014424522e858024b6e4761e3770b54120a041195499c204199a6028032eda6eae645c68ffb82e207b23680296292d0095896f2f7a2d40be47896cc03582a329096c08236f5174356a0277cfcf1c78c031c9ff9ebda9db15b8094a4f4fb264e9c38ab9c01e080b14c75d8182417203551913f450655fa57176e0041e1b80843347c08df2f22044796a2742be7c5dcbea5aa7b6cbd07052652c53c67ce5bb96ccf4dce4cc35e432a6450c247eb4073c232a3a859ca0a10f31c304d99820d102b6051219bcacf2bd66fca103000c11c81760651818af0d054da2d7310c405609108ef2368e71f0d59662ff8e8a38f9805e000d8113b00529333ee9b3c79f2ac726d1fecd396382211ccdf710796edaf158bd70500044397554343a47049f20605aa59a4d59bdc28220140fa0b80904a743f80252147a09cf1733a85f44ec7bc0539594cfcb81b435488ab6e24092a7c8153fdf39bceed60011364776ec0b4dc7e587004ac06ca6d40ba84a5aba02ec224e56190f57ee7f63393dc27a06a0666c00a8a0cc046167f6f6f5d0acda0372c5ab4e8f1d2eaa33337fe1c230038094c4b6932f7faebafcf2985bd90677de1b07b43984dddbebcd2ffda17ce105a2ed3c1a25864378308428739034c00694ec156357458ee94afd04069f6758c1c084914e15c6da08c51be3af4eab6b590c45e9ea5294f5ae5012ca5f102749ab04c36f9349c173b0d5bd0f5cc1ff317178eb2021c1842834d12fec9b42e0dedd0d4879243c92bc009e3a455c1a28f408e0a072d794c4900c58b0f3a03c64073ad0f2c5cb89001e01803c0f6d801e0f524ce662e604e20a500f6985f38bedf30496cae130d71341f3514cdbc4c18c91cbe008804802153c1320a605b12e252a0797ab63a16100ea0abc651e7ce1f4e82eaa12e506d4f5a5b570a15b5f9e00fd410e15bcae413b78093ab7e04257c8c5a3ccccf2424e89092c2d878ad09d5d5f5ec184c1bfd42f34dc7570748bf3e460701e9ef298174470632e70f84145a2ad5ec58814068d54f96832d273c446b413a83b2f53f410bbd2fbcfffefbb605d8f0532300101f9764a7828bad9d702cf11b484b4db7d9bf4cbc884290262b8384f5bb2a7ececd20d81ea6c820ade36382c831fead327bc1f8b39e8293590a2a76c0818295b0fdc8275056731034c9082d990e56ecdf11bc4eee55d00d679d274e83e4640f346f1e0fa5a53e2829ab079f2fc0ac80e30202f2a5e276d3525142d8b2af4cfdd2f2b0252a79a4c207a8e54e7bb84c0523db171361a3888c0c1000c6e5d05200a08403e0c76d312682fa76f7267a53e65c75d555b38fd76f81cdbeb7c01b17cf42b5e6909a9c26f3fe782b9886818130d1d8156448532ed61ba04c7e50ee00b382fcd532bd174c3cfb999302002e3c1bb83dffdff0fd8e879955705abf2c2978e522f01c005d8048431bcc0278bd1ac4b3575d7d006a7d267bb7ec9b4291fc05028ae1072c65aea5e0493610858d0d9d98767601c4c47c014601a6cdf6e51c92e8290b64615e8064043bc78d83d33dfde19d77de9957527564d62f3103a04f779e079873f5d557cf3eeedf021babde90cda05e6f0264a464415a723ad3129d147a30878fda4f5c04bf7f174343c2fc5d696350403a8d0360f8a901002e2555fbe0e3b53743555d9162fd581994b90cc51b9080daa1aee15807ae697ebf123e6abecce6615e9ee6f24169248679b26b88a481690dc244668fb795a3d02d92f63569480a0e40844f3185e9e99a7035b4f20e84b7de7acb06c0fa355b1b0580d9d75c73cd9c63759be097cad7d56d5e220af0c4c5316bd08401a109c41b1ed12584168010385bbb9dfa3ebd6144b2705de50250234f4bef0993863f7b4a01c097a2caddb0f0c7c9501fa872257f480e49258c6c9364a9f05003d19421b44e36632801b96ee40492cb07c7cf43842290b21822a388da6e0a378149201219a8a491e31a64744052c23d12c743ebf841f0e69b6fce2baee400d812bb0b48494c770050bf19d695bf42e262c73f620730f7db4909c9909a940e4989e976764fddc3a772f81a29ffca1cbfb8c34716667404400f983cfcb9530e00befc92f72a7cb7f33197157062467141744730c1ee2198a4c9bc3fb951c3cdf6836f0153f13a601e408689ea990060623f2096789d2210123d20407308a066670381a4a2d13df4489e006de2070b00e4cf5af7438c00e8ddaf870d80499326cd39e2fb157e2e5de08ee175272164c84e2047bb0d8f0149f1290c1069f6bb2e7200f85008270114943cc2ccbe66496bd032ad2703c0a9b700cec5f6c3cbdf9e0fd57585a04abd345d4c92489aca1d70de60518185dcba6d4aa19a42fd25000088f6bb856f11e13be65f75f8064cc74604b0e193967d054afca40f000922f603f4499d086d1387c06bafbd36afa8820360738c89a0fe3dbdc90969b3afbffefa39f9351be1c792f9ae8e1d6ecfb1b287c9210353b6ba48f13279c7c72532202441823799b98964f0d01e005dddeda38bab8f7c8093c0eb4e3107a0cbeadd4fc2cf7b9e97c257f9024bba2284066e97757642e894f0ddb500d52b208401a45804cafc2b3760490217305518296f16117e44de0822925132d760aa32304d07f74b9f04ed92ce82575f7d9501e0f0acb5ab630440dffebd782a78ce0d37dc30fb70f52ff043e17c9911d38523b70180757883ded6a5dbe1a2a6a9848d211e07c22389784f82fd4af0b0cf46bc9d1206f1e41024812d990bb86e446417505c910ffff8e05257868fef9b9ed41c2eec3b0d8674ba322a008e946e8477d75c2bf655f900005210125540bb051c50a86e46ef4edd12c68f1c00b071d41dfe61dcafd8bf62f4b421d436ff7cff0011ace5dc0fa0c8a0021358ca7d70b4f5cfb80eda259f05afbcf28a6d01d6aede141b00fa0de86d03e0a69b6e9a7db06a3dac3ef6822281067105fcbb475404319e176364ffbf2e1a393c5cb81e398f2100e46104324e8f8738f66eb0c93c6c609b8cfe70ebb9af44146061c5417876c545e4049c5edd7a76d245a55530e1ac876178b78911f7374d3f3cf5e500a762e8ba18428b5c7584a07c3d10818950ce2dc8a07a80cc0ba834344d11e33300a4053115b838220282e0497763aa1e04534ca432838a08f27503b26e80339287c2cb2fbf3cafb0fc70230030b0b737352963cecd37df6c03e0bbfce79c5bc274d2c727aa82b62540508028f9eaa46348ec909aa5437d25ff81baba151cc1a18b1e004118db36190c7fbef0c388023c5ebe1fe6ad18e21ccfce3718a29398bf7bc0579d02f78fff39aa1578fdbb2ba0a0623b59431a43b5a0ef405c026dd208d260c5fc0948c4779c510109dc256369ca4d99e5a3051e9cc33431245482979f45f608adc5c0a6374287d46136000aca0ecefaf9fb1801d07f601f5e0c9a73ebadb7ce3e50b90e561e7ac6d17c4cfae0cd9506a8277d08a1cb6c1ab1062038427c92c6cc9961ff60ac0dd8cff2d1b122e8440bed9a0c8a0a80636579f07fcb7a2817402b7ac09fee0530ebc2cdd022a37dc439defee106385cf293142d6abea285327528052ffdb6a5e081661ea45570fb78e6edc0cf13477e2140090c4b867a16123e49f2685869bacbbca4055c8684d82842e6e3f30f6e76339c290070bc9403e0d7d8003060505f0980fde50c00879f768a3d48fc483e40e5d175dbcc1b021c4ecbb82a1fa3963bae41d5073c06cea55a3dda67c60080a53d147983e0860f809b067f0e3d5a8f8c38c7fb6b6f87cdf90b1931f5b2571c3b7e9cd2754b4d8addbf547301433620a619f726695f9e4768d9211eca8afc505e1470c5fd4a58eed8ddc9e76377b0207f845fd09230ed1092892552991cca00d021ed04019096d2c40140c53af8f6d0d382fd836acd3248c38620053a0a5baed3658400c255381180477416899b4a0dd23cc206b46f328401606154003cb0a4874cd8a0d0c9b32060cad0c5d0f5f41111e778ebc769b0f1f0dbae75060382870181bfc7e95eac290a12282c810cebc01de649e13b191b7c80ace1d56ced0f04d46360549f5f104740336e053f1584b47e93be4004823751035f0d290d8bf56735bf193aa69f0d0b162c681c00060eee675b802953a6cc3e50b11ebe3af89434fd1a15be247f3a69eee4e553740bba8a067495f8c1ae5fcdc092b2031e4df0815800f0cfc5ddd5f1c599502b100b00361c7e2be2762e549ec5f0e8dc42b068c5b6109a341094e92320b00fd0d5eb6f0501c6b28066f130e4b390509aaafb17933ef84c0027dd1b6aee39f2797592ba0afe6168cb5b25008e951c681c00b8057000b00ebe3cf014e0431dedb89f683f68caf7838677000b62a88b248fae4242274cc4d050b57fa375e0358476cc05dcdd800bf8e7e7dd842b0a0501ff672a0340b728007873cd540680b7a99ba76f2160702c8417e218183828d0de6088284bba109c010495f317ac0ed3c32ad78fc274eedc0a48960ff24e20bc11549a7adc072c99260e88f91008679fc60090315c0060ffac9fbe8b1500431800929bcc99366d1ae3006b6179de93cadc7bb0dd4bf87e7eef9f2126d3d4bd82dcaccb14b0a15c0526891c40182a09a48bd05000e09e8ba200a0340fee5fdc4dde3fa889dc04a6edf93fd338005a4506c01b0c00bf1c725cc06d23bf808ecd86bbb61f2c59cf228d11a8f452f3ef0833f658f90e7862c5052e97c0053075f8db90dddc3df6a9afc6c1cee33f905e3f20cf12163781ba489f73707c2814804afc58c4dc631fa00a430146b49a02d90200478b390036c606804143fa7bd35333e74c9d3ad506c0b27d4fa8989e903f90ec9ff6d0018906f0ee215ddd31146c0d745d66059d7c826693c07b2e8e0e80fb9805506568e754e8fd80d387c50e8071bde6c3b04ed7bab697561f85bf2fee0842f6801f722ede02cd52dbb9c656d414c1035ff4766a8b24db77cff95fc1e919d9aeb1333f1c0c1575079466a35b3003a2bf90081f338401714fa2084c4cbf5bf8787b982b25ccfeb101d064c4490280b980e57b1f17f70108126790162dbc590453bbe8ff251104a7fd5bb07cdd5040b105ce1f1fa3bb3b8acfc81a0cff7d71140e2000204f4053ad690884e9672f86ee5100f0fa0f5361bd00c0855dee874b7afe2564cc9f17a6b85c037f3d7a452178796c17b4dcf16e9a9d83883312ecea2797c2dfc76e81e4f874d7b8dbde6ccb7e62bd8cdd1d8217207d7d2492c0b4b2d46c4b167b544b18d90f2b86226c1dd16a2a743a21009cd5df9b919a2501b074f73c99f89177e0e8a8c16e9760fb7e0059fd5316c250e0d10898b076209e23c4c7c60280b99f0900d0b6312ce3b2d76dc3bf6000881c06beb65a016048fba970eda0dc9031f7339015551f903ec06b24c363e38e879d6fd6c75da1b872bf2d100e82446f063c72d55ed798b2aa42f8dba21e807f9fc0115a406abcea0022b58700b9b114cbbe287c10fb918745d1fb0246b6996a5b001e061e29ca6b0c0006300064ce993e7dfaec7d656b1900721d0d96a65f307a570a1894c0a57b200f6d3054ecef4a1ea1e6f3e651b1be7dd620b8777464001ce500f8b49baba64f4f887fbf6dc41751f300af3200ac1300e8dcf452b8e3bcf742c63cb2fc7cd85ffc03a05dcf4cea00ff18bb39ec7cff5a3c0af616fe20cd7f56723b78e8aa6dae317b8efe0a8f7d7991ab99034035960282400ad994c921207c40d60cb0440ca01e17230925c0b9eda641a7cc91f0d24b2f350e00831900d20500f2180096300ba0daa4d52ddbd82584cc5f3d25cccdfc359135d445a8609034b14c26e9ce8321f8fcdc02fce5920fa20260f627dd42b49e028193b5680078e5fba9b0f6a01306364fea03f78dfd3e64ccf3df4e845ff33f9657aa43e670f8cb854bc3cef7f48a892caaf858c6f99c28cebad4fde0ee9f772f8105ab6f54a61f4c4906559888daac9e070096e20354f8923f08f028eee0588873db4f87ce270f80750c00b98e9fc5a77463fe9e0f364473a8a14abb9a14303e359c9042b99d3e36965a0bc306c0bd973600808fc3b8005d9dd19de74407c0cbdf4d910088d79bc3bc09792163de5f7b2f7cbdf319c903fab4be0aa68d7c3dec7c6ffc70377cb3f379c9d407b6bd06669ce72e682ddff40a2c5c3f9308dffd2c000486edf703968b2750766f8ab6222c37abf42f19cbc69cdb613a746100e01c20bf705f2300307480b7495a533b0ccc2b5d0b8b6d1780027617856456903c2350d7ddb788c93f22a1e3ad659a7c3e802490d295e8d0bee910f86b340094e4c1cc8fbaaa7921940bdc792e03409bc80058c00170e02dfb02f21ebfe72757b0dfe6710b6cebe3f0e1fa59f2fb399d6e876b063d1276be4f37fe0b3efae5ef324ebfb0fb5d70ede07fb9c6bcfbc33fe0cbed4fc9f632aaf152f8a609b4b153651cc9cd9fa65beb2d41fc20880c9ed7c1b100270080810c00590200eb60f1aec744a2472302a61a8e8257c4503ec7cf20d94209080500d035d753453840da330bf0d7cba270000680bf2dea2acd3eba193c23fee9aef3be809ed100b0720afc7c406502efbb742b9cd6a4bd6bcc0f7bde815756df22b5faf23e73e1d25e7f0b3bdf77bbde8005aba6ca9cc184810fc2e85e7f768d796ad9adb07aef1b90e049045e47b75c1aeea4fc649591de0002a0dac1cc20ad07705b0204055b3fea0c0680ac9300804d02b905d8f19834d3f22e5ff4ed82f869a07a05f1cfb4d8a19e88cf2470e87d84a238640385a48e3b341d0cffd30000fee7c3aeae9e3d0802c29f3900da4606c0fc6fdd00b89d91c6deeddce3b71e5e09f3565c2c2fe8cdc35e84611d27879defd7835fc163cb2f955a3975e4cb7076506e21e7bd51b0a768951329b05092a797dd240fef29a4c205090ee5f755c50fbfbb1b461d008dea3003ba343d01000c6100c86000983163c6ecbd1c00db1e75d2be68c20d205dbd1408f88838310681416a02aaf50bd3b88a0f8018cf01f0b7319101708403e083aea4f114641a103fdf336a495400bcf8cd14f869bf02c0e4812fc139414d24c7caf6dbe11d082dbbfbfccfa167ebf3c2ceb7f7d846b8ffdf43641cfeb7d14b435cd0f4055da0b876af4c16d995489e5696a4d092acde2482045a0402701147dbe29894fd2b5770fe9933a06bb3736c12d8680034496f6a5b001b005b1f732eb6a8de0165f8b453185d820c0b55424837dc7d7feac9e26809d4f733b206c2ccb19133811c007f7dbfabab00147c1fe03d172c815e0d00e0c73c0580313dff0e97f7bfd7352660fa61caeba99204de37662db46bda3dec7cc59547e1aeb7db4badcd9db01d5a06f5238c7f92cda5fb48e72ed85620ce8813390070d50d2c62eeb18b883e91c49d14821052787ec75306804765e1067b0331c1039a62f814108a1fe8aa3a880090c010fb8b7bcc9008b669d20fe65cf171640014e7c1bd1f74759d80eae577beff77030078e16b0e8037e5f7111da7c18dc31f0f19f75f6fb7868ada22fb82e78edf0799292d23ce39e98504591c7ae59632888f5319c392ca4298f2f2e9f256454af27483b7c2c52bc162dedf257cb71570997c53158968d5f1fc8eb741370700b9f905fb727efafe440050e2b800d0f1b97ee0f6e522fed788d663fb3748534fab7dce7abeddc25231168ac41f0a6899dc0dfe3961495400dcf35e1779eb3879388c8c06fe72110340bbc80078feab29b08601002f40b79697c1bd61720fb3170d864325bfda17f8b55b6b20da72d75b9de078791e2479d361c12d05ae6d3b0f6d809c0f0729cdc5b42e3842d60da70f8156f35c63896b40e1030923ad20e1f3ff2e38f37666016c0e907b9801e0e71301c03e06804f19000c41f769b72f601d9f3cd409b384f21900327a501cc0a0b7798b420e5a066e765ba6768707277e19150077bfdbc911bca685b801fefacbc54b43481d5d9ee300d8a72cc069297de15f1356878c7bf0b331b0f5c872689ad20ee65d1bfdef30cdfae06cd85bf013b44cef0c8f4fdae4dab67adbe790bbec0a59f9c30213cdff3bcd281ef2ec414bba0417f3c739880b70e6b2543f02fb7c51f6edb60b683400300ae024d001c0632a6123852afafad0f763e867901b3f0950642f810c25491b18c92c56d594b13070203c3869455400fcf99d4ec4e76bd23a2108fe3a3a3a009e5d712bfcb0570120516f0e2fde722064dc0b5f4d8795bb5e85b6cc2d3d387e35445b1efa741cac3bf029746e3e02fe79b51bc09ffefc02bcfadd9db27f1f2c500f7c209cc0e3f13a8db444a3a9f05db5022a7cd783a71cd45c987d1b02c0e600313784b8c2c0e2b5f0d9f65c90377cba9a3e4176f560cb984ceb82d307004009a1e20a384e858ddc2598505a59009d5b0c877f4d8e0e80ff62e636b8250cf077b02f9c85f76e1f1900cf2ce731b902006fdb7a6b7a95dda64e970fd73e60bf7ab51acd22938fa202e0f915b7c3575be7c3f0ecebe0ce8b17b8b6bdfeed5cf878dd834258d8e4a158bcc4851d22c6db8a41bb85218cf01d23a16e47938011e31c008cb48b41270c80bd0200761690123fcdadcd8a0c6af2fe01bcdd5abe8b6dd8250ca8fda24bc8e7ab826a5f05746e39021ebaae0100bcd149857ea40e80609879c9f2a800789a0360cf9bae758f5ebd1d4ecf6aef5ab772fbebf01c238cc33a5e07775cf0925c5f5d5b09490929aeb1efaff9277cf0e33fe1ca8133e1daa17f776dcbfdf466f86ee71b8ab80981490b006a3d7ff40eb704606a2e81d2e64fec2ca6fd076aac33e1059c04363fc701400103c0ea58017016e7000880750c008f49006028a7eb6ee64e2b7f36f327be9f16906828a8feac9cb3bdb4f2b89d23efc200f0f0f5510050940777220020a81a28c030f3d2e5d0e78cc800b0b3727bde70adbbf7c2a5d0efcc735cebd6ef5b0a0f2f1e03e306ce81ab07cd91ebd7eefc060674728ffd66ebebf0349bf796731e87d17d6e736dfb9f3747c1f6232b55ec1e4ef8649df3681d8f8a1840858954f8325924798102c505d93c0ab02d406e7e615ecedad80130c04e043951c03af87c5baeaaef6bd8f8e1f4fb29df8e3d820ec9c3c7b661c8a8ac868a046c02291e2f52efaf85ca9a52fb7397d346c023374406403e07c06b9d24f1c333213d21306b4c74003cb9f416f87eb71b005386bf02e7f79ae45ab7eff866f89ff7fac194739e860b7a4e95eb97ac7fcd4e34b56ada5e8162cf5278f0df63e09ed1efc2b02eeedbd36e7aba0b1455ef5182272090240f433970cc3e27857667322185f2594110cc0f9c2fb21995adbb287b3ab300e70a00eccb89f9ce20ac067212b8875980c5dbe6391a2f9fd7a77cbaaea9873f381539a5d5e81240247e242864a4a09247a555452c02a8b78fdf9503e0a6860090ad7e7e080f00c8e100e81005005fdc62e7ef6953e8d5031e80ab87fed5358e83f2e6f9cd99503f8021d97f92eb3f58fd30746a31147a9f79b65cb7e3f05a98f9ee59f08fabbe861eedce76cdf3a77fa5308ee373a5722910e43b090dedb67283670a3549f254fddf5d2944e1f3f3894b66006097f29c56d36d0ec0ef0d3c5298376bed0f3102c0d510625b80275c4257091f95d431a8f6bb124168e26928e84e1ef9fd75505e532c85c72dc0a30d00e0f657b35d1a2f4f453c6360f6d8e800788201e0fb9d6e0b30aadb0c9876c1132163273e9d0ab3c67e013dda2aa13eb7ec2ee8d47c288cea3341ae3b5e7a08a6cf3f039eb965179c96d95eae2fa92884eb9e3e4d612d48dbc3ba011305c4af95c7c51b543fa1123e5a05c61f21f34c1deaab4c18e89d019d33b12368ffac753103600877019992042edeeefcd5315d947e01dd80a809631edfa329531f9c0fd0a895301481e4ebcbb9f607eaa50de716e0d19ba303e0b605d9ca0504997ffecfeccb9743df6800587c0bac0a0240efd66360ce55a129e8db5feecae6fbc225d47fbc3f8e0162045c39e42ed7d83f3d12079fdc5bef5ab7fdc006b8f7ad81a142c664800ee4112fa1d6c179c8964e846f118b61915010ec27b1276532a562a23ebb39b700236c0bc07b02637e3e006f0acd10e5604e0217ef78d249dc20c933c4831d082974b45a57e348d54f8e13b7efd0ca5f7dc00715d525ce8f11d6a5cbe923e0b1060030e3a56c65fa21a81ec09639577c097dcf8c0c80c73f0f0540ebf47ef0c4cd6b42c6e6bc330afe3e7ea92b44bc7bc130e8de7618dc7ac1c3aeb1f7bc3e0472af77cff1dde6cfe1a17f5f4e327b0408fc72c63b0243b31fec1a9c9a81272443a8cc3f82c7745995511d390718c19f0f90cb2c40cefa358d00007605ef2b590f5fec78ca9dbb47d32e1ffd4a099daafbd347bfd3967147499d9c426955a19dfd930060effc8e9ec76e8d0280c23c98f652b6ca0100b878003fee43937e86ecd3fb449ce3fe77ff049b0e2f76ad4b345ac09b7f3e1432f6a5e5f73041bb9b4627cf6b0fddda0c855957b96f2f9bf7c954b8fb4f2fbad67dfcc30b30ffeb3b54dc1f81f9db8be9e603ca55384f5ea7c2977390870e53809cdf712a746b31d206c0d1e203b10360e0600e00e7c690bd45eb60c9aea755c91754350f0c420a3592e8912490248cb02f90d408eafc3550595de66ae5e29b3900721b02c0fc6cd719d03c004fa4bcf55f85ae624cf072f7cbc3607ff14fae753c19b4e8deda9064d0971b5f83f37bdfe05a37fa018fdd751ccc55167dff0c5c39ec76d7ba9797cf85853f3e182af80802e7e7800c9f867a9c703bf71ea896714b768c80ec2140d7100c805f7e8cf119410800b4004b763c4372f6a4cccb5761c70fa01bc0b4ace62e0793e709d9fe8c67fd1839b26fa644ed1540e0009837253a00a6bea86eb8907900f17e71df2970fb45d19f3134fe9196e0b38a42d63f7bd32e68d5acbd6bddbe639be18c163de4f7c30579309d59a0f4f876f0e63dee3fcebd79df1ae871c610d7ba8717de0cdf6c7bc32dfc482080203711b40fcf0f4414be0498b37e54f614e6026c00cc3b567c70d62f3fc508800183fb79d35304008ad7c3d25dcfba1238a0bb1ff02c7d3c9a7bc071862b5164109054d59483afbe3a6c08d7b575c30098f242b63a01721623ba8d873b2f790112bd2911f7e7029cfa6247fb2190c1cbdc2b9687247802013f0bc79455f875ef1a98f5ee7030fd062c9e5b0b0d2d77bf340ab6e7af0c157c70340024cc0bc90fe02047b9701c6d2895a1a0587f5ec7298c040eb71f1275ace4e0ac0d3fc5f89cc00183f8cda1191200cb763fa78a3f32a9032eb780ed5db24a28dd854ed2c04e363060d6415965b14b73694e9fdfd2356f5a6400f8ea6b59ccfd234d03d8a152bb66dd212521a341812c5cf902bcbefa8eb0db6ebfe055b8a8ffa4a8fb7ff5cb87f0d8e26bec8bfcea1d07a15946cba8e3273fd2050a2bf72872878225ef5690c977afb78242435d81848083460ffcf3791d6e81aecd87c3ebafbf6e0360e3cf313e29149f0fc0ef0ece2bf9c50680d26ab796cb908f640a5d1943d140a8fe9e0030e117da77c450ada7593d0e80c7a74706c0c92e53e60d852335e11f213371d8ffc2c4917f8dbaff07ab9e8057bf756e257becba9fa14bbb3e51c78f9e9302a6e65382b7d436ca07ac601720566278a800242e96fddd725912baffb91d6e86ce4d87f1e704e61e2f3994b3716d8c00e83fb0af6d013800f631002cdff3bc34df34bf2f9f1622cac258155475014d25826c5761404d6d05d4f8aa844b71fb6f7c3a78b7d6bf1d00566ffa12e6bc7b312424853d75b8b8d70cb873cc9351e77869e92c58f4d323f6859e75f9c730bcd7a511c7169717c2350f9f669fa72b028020ad0fc90a2aad770a44cac73b2b343557980c22ff3ef28c1ba14bb361fc51b136007e5d17e3d3c2fb0dece34d4b761e12b5bf6c23acd833df55cc51357c67777c48b4ab2288eb493a38c0337ed5a5b289038f6e10ede743bb7300cc38f500a8aaad846bffd10f0249fb228ee9d77e0cfc73f2a2a8f3fcdf7bd7c3aaedefd8d77fdaf94fc315c3a6451cbb2d6f03dcb5606044c1a372bb4244d2edeb1aef0288735df1ef08a1f09525b06078dbeb9905180aefbefb6eeef1d2c3399b6206c000fe9028e73171fbcb7f85aff7bea4ba77f9007acb176a3aa9f1e37ad0d55ff136759399fe2272269a8b008ad482c30118009ebcedd402c057570bb73d7605ecaf5a0e715e2de4e42db1a25d937ef0fc1d3f469debaee746c18ea32bedcfd79c3d076ebc606ec4b12b377c0e0f2cbc3c4490210cdf06811562c629a9936f32dfa3c9b9148054e9f8ecb693a053d65078efbdf7720bcaf27336af8ff12f86f4eddfdb760137de78e3ec03650c00790bc8a3e035e2b3c90d1e42fb13520c30eda762a924115f2aab4bc01f1029529d9a7e220c01841e6d18006e3f7500d87f6437dcfdf8b550e8ff059252b5a86313f42cf878eed1a863aef9bf8e5052bbdffe7c6ef7ebe06f135e8e3876d1aa17e0d925778408de25680cf401dc7c208cd6bbf613574e4504ee07469ddd6e1264679e6503a09003e09718ff68143e29d401c026f876ff2baeb62e740318f3db32651bbd893ab4c88e87da7216e3e7fbd90f73b4bfaab6dc66ee42f6eaa8e180c05d0003c0d3a700005bf76d80455fbd060bbf7901325ad6414222ed1a09bff067ed7c765f25c47b2327912e66a4ce0287d4753bfd3c98376369c4b1f317cf85f7563d0852f9a98009dd0f16762cc20f760d3479c4df86b6be960160087cf0c1073600b66c68c49f8de32ee0baebae9b7db07c33ac3af8ba148e3bd413be5facf37874486fe981ba1a0b6acb4c7bfa9aba2a46fcaa54a207820b37e0ca04f2895aa676867143ee75fd482de2af554b41e95128af2ab5357ed39e7550509107694d3448cfd445222bb665fc807f41464ad3b0dbb82b7965d51d12b8a9de562c72f87bf8899814966e7c197615ae968251c276876e121441c206f25d924000571e80868ef46691b35a5f031d3307f3bf19c400702467ebc61801d0bb6f4f1b0093274fb601f0fda13789c94781931b4089efb77bfc2d47f37dfe5aa8aea9701d89867b1a100b40b6d5d70194165a6a9d181c1608a41ee089739e5bcc7d7c7ca2f31eee0c1bc011141c319d3b70838489bfa7592bf580287f9d0545c72c97264a59b07f52190079c46105998070c42e44f83168bd14be490e2f3e0f6e351ececc18c4ff6a586e61f9919c6d1b63fddbc17d7b7853990b983469920d80d5f96fbb9a3e5cbe3fe80e21107f34aaceefb3b37dc142c268d2058a6020e8e24c7003b5dc9a6b556440c8e2bb7bee1359429237ae95eef52e4d7481c2720b3658f0106e1f62d6a9f0832d86e93e0c6e1fd8f22a38237d007cf2c927b9451c00bfee89fd2f86700e3071e2c4d9872bb7c00ff9ef280e80b9005914c24490ea04e2febeaaa6c2d5ac09105ef010c522b88449aa3d5ab87770832c64d1c27e8c2ef0902fa1020fa7b5ae702e785c8c820f1735509445dd2e96fecdaf80f66903f89f8eb501b07dd3ded800d0b3370740da9c091326ccceafda0e3f1d7b57c6eeea264e21782cfb3a68603eb2daf6f9542a7a38a1360404faeb822d39b50a9ada8ef991e01373ef0b0d2f56d88fea424712a60b014142a763d1ba85115e58c1ca0d417358a15a8ffbf0bbaefa37bd1cdaa5f683cf3fff9c01e068ce8ecd3102a047af6e3600f81f8d3a52bd0d7e2ef85008117d3db9b11341c1ff623713bcafdea7cc3cbe2c08b10654a8bc21c2ee8809340004227ff71968a196202202dcc28d84070b5d470453ef124e2c42a707a563c90757e887f39b2187702589828f152080e9d7742cb44de9cbff7c7c6e71c5b19c9d5bf6c50680eebdba7a5312d3e68e1b372ee768cd0e5857b4480843903ca0892027eb54555369c7f9724264fc9afb28e1809098c19f7dc7784355900083cc76d848408ba4e15af8ed41820f49068559dc173a745488f9a5da4cd745e010f62633c27cc1fe1d428182730782bef7c9ba0cda24f781254b96e416571ecbd9b5252f4600f4ece24d4e4c9b73e59557ce3e56bb13d6177f0428741d481f2080ddcb57cd34df52a52ab70cc2b07fc9e81b700d40c7440203217b2173c544fe82d53cfa628511347eb6c2ac8e2a782b54b0d4d4bb864711be2c1d071daf77934ba075526f58b66c596e49e5f19c5d5b630440b71e1c00a973aeb8e20a1b001b4a3f01c0b42f6832a6aef555437dbd4f4d148d8de3f7a0783c9a6ba0bf30782efb8dcd95d6d279685215bf19d78c7046271905845d8820ac30dbd0ccf0b6047e7eb5e54a30c11623a2c6074d6e86b134260557d0be3dd34743abc49ef0e5975fda00d8bd6d7f6c00e8dabd931d058c1d3b7676816f176c2cff0cb0e4cb17aef5b5b5d5f65fbca0f17924df2bd7eb91997a0810c4984804ceb6462ce64f6febb88ff27c20f5f230bb44b2f95a98cf612ebe4b5321c2b8204de72d70e9adc07ebe72f17ee777bae63421a2150971116140e3aa0e5aa1bfab7bea45360056ac58610360cff603b101a073b76cce01e68c1933667661fd6ed854b158549e4ca8652cdf1ff087eedc0010f8d7a42ce747d69484110e61f3e1801056986c31e29c9377256ea268fc8918836861a165451ecc3ff23e7d3bb9550da1a69e8c8f55f098f809091bc378b1ae2917c0e9f13de0ebafbfce2da93a9eb377fbc1d800d0a94b479e099c7be9a597e614d6ef814d959fb1f0cea78a399126111f6466376876bb4bcb12172388edcb0f943300844fe2844bf045caf845933839be6d00883042a8851541f3832844682e208c80a2f878b9398ce0655010ce8584f9695d93ce87d3e2bbc337df7c935b5a5590b377478c00c8ee7ca69d0abee8a28b661fa9d90ebf56fcbb813dc29bea4840884814234ca8d18822c28123ca399c35b142d745b1fe11d85d6462174d2ba3f9f8b082171ba4b708064f04e1f3a553c279d032ae2bac5cb932b7acba3067dfce43b101a063a70edec4f8e4d9e79e7bee9c42ff1ed8ee5b123a3a42101dce4c87054224b31e6d3dc6e61a444fef3622eb17eb12250a8cccd0e9f6c66abcd86006ef13659ee0551dbde7400b4f1758b56a556e794d514edeaec3b101a043c7f63600ce39e79c394581bdb0b37e59e85ed1b228102a40c101c31f351cd98b24c4081143ac808879892132b4c20924787f2bb2b0a2093e281a8c6a39c2fe6cf6a183670434333ac1ead5ab6d00ecdf9d1f1b00cee8d0ce9b109f3473e4c891f7975a0760a77f690c7b852e91c2b9684070ad8e900368e877b83012830b6850d6b18c8f81d4d15511058fc2a724c48a02b070abc43e1c00597a470e80472a6a4be61ed8132300dab56febf51871779e77de798f56c171d86e7ee6be708dd4a848408898dd0b1ae75aa74599fb047edb092d11b27e61b79355217504b2114d3d8f6a4c4c8bc72878d72602ac8efaf990a6b582efbefbeefe9afaca870eee8b11006ddab68eabadf18d6361e03b7ead06365bef3b1b7472a413b8d091b4372259a403d0ff0783301a0f89e987c47881ad2843a298e3689943be04a702f8fd275cf836081af1fbc281ab0b8c817848e789a0dbb43873c1a1bc2375315d8a2edd3a1bdbb7ee183279f2e42f3d1e4fc216fd030840ad7baf707bc6088c886c1fa2b8075c478e1155fbe9d8b071dd092e0d692084114618731e22af48a63ef8ba46e00bc13f823f5ea69b79157fec7ce0bdf7debbb8e5e9cdbe397cf0a83fda25934bbf017db4f56b37741f3d7af4a2a64d9b661f34be87727d7ff83d4fc2e446f3e70d8221ccbe5a4363ac309f4f7071297324d34e0647137ac45da3fdc6701689ac4b355b419bc0d9505a5a7a70f1e2c597f71fd2eb97756b7e0d9931da356bdbb973e747060c1830be52cf8783712ba35fdc084599589786c010952fc43469e37e52d8682e4681045703a3e514c26e8b06d048ae2868fce9f5432035d01a366fdefcd9962d5bf8532cf6869b2ee2f568deb2697a4559d5e4b163c73ea1e960ec4bf802eab52af79ee1841d4388186d6988d4e1573dea4ea7660993e80b3f48bc07a5e66504e26ae084c66bbb150318e83a0312e08cda8b40b30c6bc99225339352bdf38fe51715879b22e2a56bdbbe75dc81bc43c3860e1dfa6c9b366dba967a764341fc86f03358113ed375274b1aa3fcdab0a0887a76d1172bca8648899c90a1961b00318128cc1c0dffa8d0315975dd21a33e1b8e1f3fbe6fd5aa55339ab5c8fcbae058715db85d1aba44ed333232ee1a356ad45dbc127c306505d4eb158df7a13a8402a3b10bb9a0b19e41b81440a4e1617d7a84ed0d4d60598ddf27785d63c23f3ac6632642abaa7398f67b2c16fecd2f2c2c7cb453b70ebb776edd1b7686a8e2c8ccca482a2e2abdb85fbf7e0fb46fdfbe6bad510c4753579d1c893a59f2488e1b2d43d8a8b91a733e0d44015663e789056c0d710ff2fb9b550d82c4fa66909f9fbf77eddab53999cd323e2f2e28ad88b47bd44bd5be435b2d6fef818e5eaff7666605fe1c1f1f9f5091b0074a92b6c67896519668ea18ed82c5306dcc1b4e221208b1ce8d9dcb8293137e98f569b5d9905e930df5f5f575df7efbedb3353535f33b64b7d9be77d74133c22c0d8b20a3495a626949f988acacacdb181f18a3b1a52c691b5424ed6d68d7d89786ac4230d93cd9581e1a8f07abd11b228c8d218f70223f28a9b635645476e78f87b1d6ad5bb794f9ff673332d3be2a2d2eaf8a324bc30068ddb6955670bca085afb66e6cbb76ed6ee9d1a3c7400e82f2e49d5099bca71167df88255c42e7142ca7689ad8260c43e0788790158871aa46687e72755b48ade28fcfd761c78e1d1bf6eeddfb527ca2f7e3162d9be51fd87738ea69c764849b36cb320a0b8ace641fafe8d0a1c3c4ce9d3bf7e420a84a3a0095a93bc1d202b14c7372cba966f427b3c422f87063a280b9a12a5fd86d960629951d21a9aaadfd95097edbeeddbbdf611f3f6cd6326b47c1d1a2060513f3656dda2cd35b5850ccff5ce79f5ab76e7d59b76eddfae96c09786aa0227d2bd4c517c73ad56fbb682797f0e37d8676ef5ea40e9113f2138dd82546cd8fab4b8794b22ee0f12773b36feedcb973d38103073e659b3e69da227353e1b1625f8c972bf625ab6993f8a2c2120e82d1a9a9a9e7f4eedd7b68325bf8360e80ead43ca8f7169f92c4cc89468d27acf168a6b54630f9933cf08908dfc3049f54d10ebcbe2cfb3b237a359b366d5a535e5efe0dfbfa4556b3269b8b0a4aa2ff7123b2345a544db232bc2545a5dc1d9ccbbcc0592c3c1cc45e1d3c6ce1dbb945a84b28027f7c0904e2aaecefb2d92ec68bd290e6c6c2151b75c0935d4e56f81105af81e14f00dd9f0471be0cf0d666b1ef49f626bfdf1f3878f0601e5b7e364d933f9b764566d38c5dc585a531693e2e27a4ab1919e946557575cbfabafafeeceb5026fbaecc2d746dd5aa55eb44b69c824bfa9b2ed609a9f87fe678c1fbd6b2e5e8d1a3870f1d3ab48d857bdbd92a2efc9f3232d38f941697f91b3bff091bebaca6595a4d754d727575757bf6953f27ad177bb54d4f4f6f939191d1bc095bd8e764c330bc9a16fdf10cfc24edbf1944de1b751227b0cf6f31dfa9f80d740e1ed2f97cbe5a6ee64b4b4b4bd8eb785959d941b689bff89f25db90949cb8372929a99291f4133af8497b6bc6050c7fc09fc2c0d08a7dedc85edc3db466af4cf6e2fc8077c61b277d657e9f0b4fe0f0460cde48cf59763e7bf167d3eef6c4790e25262456b0e5a442b053564763daae31b4c633df94c65e9ca1f05713f64a65afb8ffd415fcfff9c24d7a2538c22f62aeb698bdca1212127ccc1a982739b7bdfc2685546615b44020a0b39747987f4d3bd9c774fc8e16e206b8173099d0033ce266da7ecac9cb1f52f99d2f7f00e077befc0180dff9f207007ee7cbff035b6589d9f40d17b50000000049454e44ae426082, 'image/png', '2015-11-02 18:19:29', 'user1', '2015-11-02 18:19:29', 'user1');
INSERT INTO `user_detail` (`GUID`, `USER_ID`, `UNIT_ID`, `FIRSTNAME`, `LASTNAME`, `ID_CARD`, `NIM_NIS`, `EMAIL`, `PLACE_OF_BIRTH`, `DATE_OF_BIRTH`, `GENDER`, `USER_ADDRESS`, `HOBBY`, `PHONE1`, `PHONE2`, `CONCERN`, `ABOUT_ME`, `CV`, `MIME_CV`, `PHOTO`, `MIME_PHOTO`, `DTMCRT`, `USRCRT`, `DTMUPD`, `USRUPD`) VALUES
('f40d18cf-7ec7-11e5-aa82-28d244bd1b19', 'f3f1e27d-7ec7-11e5-aa82-28d244bd1b19', '61ddb5a0-7d01-11e5-8cd3-28d244bd1b19', 'lcu1', 'LCU 1', '1234', '1234', 'lcu1@lcu1.com', 'Tangerang', '2015-10-30', 'M', 'Cimone', 'Hobi LCU 1', '0813', '0856', '', '', 0x89504e470d0a1a0a0000000d49484452000000dc000000a0080600000067ba023b0000001974455874536f6674776172650041646f626520496d616765526561647971c9653c00002c024944415478daec9d099c1c577de7ffafaa8fe9999e53f7658d4e5b32b2e413e353c18135e132c9ee66f301823ecb7e36b004c26e966c0c0b982c04074270201bb22c1b6c3e0b641363eb40c63660641b5b3692ad9164d93a6746b7349a7b7afaae7afbfeafdeab7a555d3d977ae4e99ef7d7e7a9aaabaaab6bbadfb77effffff1d05a04d9b366ddab469d3a64d9b366ddab469d3a64d9b366ddab469d3a64d9b366ddab469d3a64d9b366ddab469d3a64d9b366ddab469d3a64d9b366ddab469d3a64d9b366ddab4f9ec995dcfddfdcb6776ddadbf096db56464a65ed8b6ed3bf745a3914d91481428feb329d8b60d3665c5a61dd4b6076d2ab639659052da81eb54d9ced677856cebf8d87ffce890fef9b569e0843dfad8b65fb1c5665c374d8303679a26430f383c9e3118d94bcbb29c57d4e6aff118a7d890cde67cc0a9002adb39b094432df639ebbbe43665d9c1968394bfdf669fcdcf33f8570f7e65bfae52daaa12b87ff9c9561738f76209610597865817af816f04c310db8078fb8dc06be5fd08552e9775be06a27c216c9f552c422a95e280138e35a7992f0bf9020c0d0db970db023ca6bcec7c39e8efef57b7ed0af9f33a58190c6c1b14db7df6ed6f7df3595d4d3570d36efffce8e33ee00cc3e0b08080c7504002e2016528eb0e87b8cd70618390e3e4394ab6b99f2b4156de6f78c7382a4915550d2f232323901a1d75c0a5d45362f66f946d4f8fa6f93a504fc57199ce6420934ebbdf8d19313bd84d63104f303838088542a12cb0cc428167206b975a03e7d9fffb97c75ce09c0a6ef860082fc0e192a079a008a5237e0574a11130a99fe329aa032294f93c0913022741b2cb006753e5181fa0b60ba0edae3b71ab04321c68cf7d46459580cad7087191c1488532abef45808be8868b7da661749b914837bee6ef630a8fdbe3b1d82ef97eb401a6de0185ee66f09ed4284dcc22d57199b4a4b28f14cec3f1d413585140481fc4e83c881af59e9281544480d6c4528899f50a70e0c236a77e19c4230d2e682a6c2414365060e375d6adb8c18aad16086e93ffc439bce39c13a9fb950f52cea1bc27f0b968f5f5f5a5d08bb835994cbaeba2b48b02c9c64675fb66f5fd2d2d2dc1bfe901f6515fd228d514702410c3b138cace42a4fe223424a27cbf53c77add4a2f6fc93206ebcebee86d10f5575ae66201a89f6ffe1a55654efd6a9f2320d750ade635ac712b3d807fb9a8f16ae75a64a5161f1a3512d052b74480540a1ff8123ee0733b3dee2454e3bbb125d0cb3f31b0ad1cb8133d9fb62a072ef863ba6e9ee3fc4df25cec6e1f8fba50110ea877fefaba98784ddce3a9fbde0b02682ab556dcd909f4642f7a8007403d9d7ad6f7f932f552b46cb06ccb0fbd789f4162d0185de8aa9b7a8c01516888ccf7f6294b93c4a131b2b01460b6ac23cd10234de3c23711103d95f5d6357235081c094984f0753a39e8405127efdc95bf768cf9ea6231576955e06291c035f1fdc4fd538ab49f1f4a1579a66243cebae4c2a92a78d12ac0b91c0df93b11fe82076f40c523a41e629054ce47ddf747a00e11770e2502708342b3b5062234a978121ab99a5538b709408272d9bf35360dc0b4c277457e4423ea131e1538203145ad49c90d284f33ca7e0fc61c64d972d077d3b0491e12b0104cdae08b49b5d51070081aaeabed6d8e7b59393aa8ac8c36784d7244578eb2ae829a00d2df486d254df047757a9104b385d3910b95f114e1297999a0d116b839c9d82ec413d156e5c079ce1f04609b7e12a84d1cd123d5ed724ec74dd0854d03579b311cb8311cb8ed6857ca782c44f133e9ac87ce17bbe918aeb6932600fede2257da6c11e7495793cc4ee2fc8df89aa1da4b9a00803f6eab6cce64cae019e4cdbf962b6d16c9eb18ee32cca88a7841c952baea36037c3b9b0f0bc2586f76541642e39023fdfe9e351ab85a4d9a041abf67d25d9f414750f18cd9a0763a869b35319cafa7c90cabd978b9c5a2039d61d4306eb4b469405b0d0227633715bc9968d84d128b19a95db5a36ac2442b5c6dc470c14eb4beb16c30f314ce7fed04704ca8e8a35c630e252de96da2ad4680f3ad13d5b5ac06f520ccc524dccdacbd104e0fd1a9399732089d3aed4135f5b9b2b1b70afb3b2266adf454a13a86ab45852bd10b7572a02a0b8f5c17d3ae05dcc03f164e2b5c6d285c499612887f22a02acc4814988b699a144ca3ba89f34d19a119aa51e0dc5e1dde3c23d5685691d166da0cbc2a762995f95bb4c2d5884b591a8cfbfb51b62596423a5ba8ca2fbd68196059d579c370a79fd059ca9a8be1bad54c989b2f11e0c523f555fdc56306d3aad666037f9672b3c6a8365ccaeea04fa9ceda456a20e5874a879577a6f44c71a769b0a174da85a04ba9cc1ca6ad06800b9ad79dcb3f3372b55b81b99611b872d061a6d4999e5d6dbf269382d2038dea10ae669326307d532bbcf94a47c0a4b4a28914040a5d566c07b4ecc9833556d2040293d76aab21e0bcf1709e2b496a70b2118ce9a63aa29c8a614208ae55040ed874b654520abaa749adba94257d29956701d49a61e37834eabf9778131bc9f420714726c8ae63a8625736ced35dbb6adea554658e4085932634e4b37dd32913a5e2079681f92085c3e54dfe4ac3c1715e13f146e2ba6912bae07b10ac4281f0a236291032765398fc9a26cac544bed6e074ebda6a3669e29fbdab72ae913237a50f28ea0204ee316a1df3a64687c079a842a6d0681facea7bd4e403c65e081df64841b8f279560a24000c0d05495d9f2c68a5e7206520f483a605ae569326214fb1b97c61f31e90a12a9b276ec4eba86bd3900aa93e3d2700b07a1e0e1bf5c14ced1075a48e8b58283a230d5417ce9f4072c4d19b2eb0345bc8075828fbcbc1110433f8b53a0a4a7c6a1af6e41e6d35045c306eab94baf1ca6f7b80c8cec53ed500a93cd4e742962aa50391ad3ec24a3d0b21fe63958270a19a15d5de2794fa9450a58d005196d477bc1f4c757f105c12f0a603cf1f08e4a53cf0f413746adea5e43d4d02ae64a5a08b479330bf6995db2e35903a0f83a98ba23e523e0bf3f279d741fbfc8d62ff05d877e269c741140f1459d0ba0ad62e791bdf7fbeef047bbd526c5fc9cff5b3bddff5250daf5e722bdc7af57b1dd82c80bfdbfa790e06cf52b27f8be6b4c3fb6eddc2cf71a6af8b2f17b36d68995c0a1ef9f9d7c50326d9f10c8285ad57c1efdcfc872e303ff9f577d8e7f68aac273e58a41e7effae4fbb503ef28bbf8404b16199e17575396d9b90a6aa1b493d371eff33c293263a86ab5197121fab1b8fc72b1fbf31e5faf06f3de46e7ffdd4f3f0a35f7dce851aabe85bd7fe2eac5b76077f4f263f027b8f3c29dc5b27e1b176f1db60f3860ff1fdbfdcf70306e80658b968a3fb37ec78e91fdcebceb1986c71eb5ba07dc106f71a16b62e8773bd5d1c22acc02b175e0bab165dcbabf2e94b9dd037dc03776e78b7ab76eb96dd04874eee11e7a4ec5ceb61c5c2f5eef776f5921be1c5d77fe6eebf6aee35ec86718df8fbf6826551fe249ccdd12c6c8a78fd5111b8a356043a0a51d85d8c39d019844f07887f2a31fc8f57d60ddf93b7aa9862014b3e5fa898c2f91ec6c814a3fbe23ef7f5faabee8462c106ab88994167d9d2b0d0dd9f8831456c5ec9b63bfbb0f22e9f7f9dbbfff8d90e78adfb05dfe7ad5d7c2ba44629f4f503a4460016b5aef0ed7fcbf25b9ce7c6e139d9f95632d8a41d3d7d10f61fdbed3bfedae537b3e36cb7ac58b8cee7fbddb8fa6e762e4b9ccf866b96dee8ba909de75fe7c0a498b87d27d3c08b54b67a46d526b3005bead2f095fa61d840f2ee393864360d3c0c52377cd70c70e5827b98862c65d745ffb3e8af9abf89c35614d02d6a5beddb8f2e66a1603bc714b0c26f742bf4b1d3fbe0e0f1e77dc7af59741b8c8e507e6c9181b066e906dffeeb56bd15ac820084ed5fbd5801eee401e81dbc08677a3a3d4057dce21e6bb173ae5200455b3cb71d9aeae6bafb55200f75eff19ecaca4a47310a9f4d35c291a2e90be0e632f83e91c8c047626976dd9673f3b1e4238b6ddf33c7bffd3fff4193544b0ae7a6002a9ca594d0bd71f239dfb6950b1970ac7261a5c6d82d682b166d1215de86052d2bdded677b8ff38ad83370014e5d3cee29dc55d7818d959529c592392b4aceb774fe2a3efa01cfb7b8ad1d12f124df8e90a5b3a3fc3b78e6d5ed9ecac61be02ded3783cd6e08cd0d73f9eba0ad6fbf899fafa97e0eb436cee7dbfa477aa09fb9a75e4692b8aee4d7530df042ce797cb31a96dd1e2b32c5cb3af0a2d259547936b8edfe3e1aba1a00ae5c3c5749e0f034e7fb8f33d772445190bb381c784757dd4969ab975cefba948eba8150b70e48a5080c0e99f0cae117dded739b1730a856f0caba74de8ad0ebb86ef5ad60b18abc7ac95b94f31d74b38d074fbce43b7ec3cab7f28abf6ad17a77dbfee3de3137af7b3b0704dd4f57ddbaf6b830c907a2f0188dc76904fe291387de92717a04ee885bf0de98ea5eda2e6c94dab36cb2f71a76297d2a47d4a9f22ae39e12e5f51ba73c3770c9dc354c711a3874aa3b99165026e28db068ce6a0ec8e239abbc0a7fec00e4f2063fdfbea3fe38eef60defe4ea876a26eda9971ff332974c0531465ab36c832f7e93179ac9a7e180021dbaa178bed54b3d401f7de67b9e6a32b0eba2f5b052714f3970e0ef976a08e8b06488013f1e8df960934d17ef4f14a1d52e42de1ce2c0b9711df57d95da6a2569e26b16a894c2116fdabdce0bfb7cbb562dbe815728840fed74cf513876ea559fcaa1622d9eeb0179eac2717754c369e60ef60e5ef001851575d97cc7053dc98e7df5b007e5f56b6fe39f87c7f98023e028102b073b5f76f7d5d72539746b0470786cdfb03fd6dbb0ea167e0c4f0ee547e1f8b943de34151c32a17084b89fb1af18f1c1e6fd200e74a8fa089ba3705ce564a301d16e650d254d7cbd4c2a988491777a55e11c05b9cb016ede5afeba6fe83c1c39ed01b772f1f5904d3731257180bcc4e0c2e4860ac83e25bbb87ce16a98d3b400d6b56f14709e80c3ddfb598c967201ba6dc36ff3a5037827737347390c4400f25ad76ff836696fbfe1fdd0c6dc5519efa1bdf4da2fddfdbfbbf9a34af6f490e24a068ae10187e554d128810d0d5dcb36705c4a59289de6a1091ab83751e1e42f5b2185739f55c02a59ae300ae7fa8e7999c5a537406b7211d4c793aec21d3df58aa2583730f7d0af6e1c36573d08741c7bd1f7791fbcf73fb9eb271970783c4227edfd777dd853b7538ebae12f64980c04d3806c310d07bb5e5692311b9478ef35fef7f854505c3bda6b9dbff1e0f20d750a0c7d3202df6b00bcebd9b5d8b62580a352e14c0d5d8d0017f0ff7c4a57499712ddab2ec5ad9cd3bc18ae5b7d9757a1993bd979f6388c669c38ae8129d1efdcf66fdcfdaf77753835cef01211c7ce1e74150c6d5dfb26b75ea2c2a1dabc7a5449aeb478099a23a70e786eb4ab3e0657b9b0bffcd899d738ec032397e0cca5ae92fdfc7dc44b9490925117de599799341436b46b4c5351371ec3b92ea5762b6bc0a52c5138e5ae7cb92e2501ffa0d6d74ffaddca7b6efc0377bdf34c0f0c8f9870a8d36bb3bbf9da3b030a474422c28183b0d2717cb72fee72813ab99f43ee264602e6c46f0e684489b15e3bb9c7e7564af733974f3b603205daf3c6af7cfbcf32007385b41bb311efd9cd25446d8a586561e33785881d6c1698858fa5ac45e0823d7c8917785552e1247c38a708264ed4e60154393454b5f3bd171c28bbf6859eea0de61aaa8a2493112a70d2d08d94151fdbc64e5f3ce1db7fa6e70464f3a33ed854a5db73a41428c7ed74403fd4fd9b1275930ae99c2bd0534719e9803d4dcac1c6b39f75d980bb6f57572ee04db699db97b24ccc55e9c983d467ce6165ec3cbf0fd62fbfd3774cf7b9e3eefe37ba3b4260ebf04d52abc642fb4fbcc4152911f31aa74f3145e215df709a1050cd962df09a0b3a8eed16fb89e7fe19a2e33f7bbdf7e8b370e775ef718f3f71f6108ff1f0b84f3567e1ff30b772dbafbfcf41c42ff25c7f37df8f4006bf43090e8e7258438a705ba438c68f40dcf7a0caf1bea64a9652e354cdc09569ec9677e74af4e19323c5d404422870e78fb9d9c2534c8d302eab577a779c3c7fdc4dad733088f3fc6f6a38435a8e9e3e001b57bd4d51b04e476d0400c759ac77cf4df77919458cc71010a94886f7c420acd9e7074ec277b67f91832abf0713e74fc7f63af6df7f6bc9c25fbdf6531815532fe03599a6e12a25a863e0046c750ca03f8c67c6850dc2e73351dd4addb9b2369226a0c026bdccba0a644dc04d9a6085dc7fe2d72547619b19912e1babb841953b7c6abf038fcf6df35cc0fd9dfe5e22677bbbc08c186e79ad7b0f7c77c757e06f1ffd2c3cf8c34fc1890b87c43ed90bc4c97e4aa84df659dd3d6f40246abac58c3ae7eaa3265cc5e2ac3f48e64b275e92cf6a56464a58acc42d1bfe736c94f79f1c0fb6d399b8a78ab61bc34574e2a4ca15ae44e9889a49737ef0e6f852b67eae022ae764ec7062d653e7fae0d2d00598d7ec650c7b872eba0ac153f90cb01bafbeddaf58d2653394f43a7562434ce57ff3d13f87c3270fb8b3489b11d355443ce9a193bf71dbbe226c9f4c80a82ea5f3a713e72ec9b751ff3c29387ece763a21df112ff263ff7134ee32e44006601bee06580c167c24968165863d2e6c6809d3f6dc49275b8967c34e98d83460c9231974f4939ff89826ac6a800bccbc2cfbfef902f6cb8edfbca90846d306f4f619ec9c36bc7ae405f857b7fc5e89821922e6da7f7c3724138d5cf9d0bdec4ff5782ea0dab685bd355875c40ce189f38e6a819833c84dae48d109cc19e9f673241ec4aa5f62c811eb024209d47e2b06699a817ae240379781f477a938646ce7c6c2f3bdecf8045b7b7b240fef89e627e446cae5dc68013eb2f41cfce0ec127e373128fe85dcd5c8b2628ba32da1741aba2a4a9a748f95b82c9b599982c4a552cc151b30788545d579e1e0d3dc6d4c6546e0d2c0050e8accf261bd1f6080edd8fd7fdd395042158988519b3671665556140988d7c40144d56d7f55273ed8648696ba6eb53fcbe8a817c2b8bb10837b0448d7446df85a7306f61522ccdd7464720ebb8edba2c531b39161b0c9edb7b70df1bd8f30e88ac522f68ec6f68e9c021c08e8f828020d5d15264d5457b2927369206cbd7d11c7b114ca71a6b7134ef59c10f398509ffbe72a0d0dce9909fe8ca274810d679a3d23381b81eca2464aaab8a7704a8ce9cdfda5d67faf17b6376318859d8538bc8da957bdd85dcfaeebf6b8c5f659e18085c116badfbbc2db1874680f9fe14d274d02b8e09910405b4357054993a09cf940a3b422f3b38da488804de9de247b7530b5c2a405aa5b24e2242a4c911031e57ee6469a227633dc4ec0fea49d543bc3f07ae53bc783afffa21928f25c226c148913f53a65a2c76b47940ddb59b6e19f73758154be02cf65c226b7dfd63a041f5972165fb5b1d2c24a23f2cd4a5cc4753a915235c005e09353b381fa30c0cbf0294798b25deaf56093804810b0d2474c842d0095417c50badb83eea4fa258b2ca30f2605281f480a4c6a06d59778578e0579bcdb96e85cffcb76145e2c444b618332e095858d84c226edf6d661f840faf1ffca56b117f55c05bc042b31e145b9d0cd76f0aaa6f3b23be98fba6f8ae7c6c955fbfacdd02607379d6f2a0dcf41d0c28a54310e10558a5420e282a42a930a985b8240c118c5754d15d51437821fe4e3f08b5c64022ee458b04159d8e47a9b3d70d707533ffa56abd5bf1c4344569a455c975032986ee3f86c866ee602575242e6439c0271b91c8173172263ccc7afba81e5802a2d8494512b57a16809483041a0c63a8080ffbc3e179529f3a3c538fc7d1a3397632547a60e9b5c8d43aefd5d9927ff92417795703111ba0691c18c69e8aa4ce1d447dc4e3569824f98e9e9354360739026c42b9302aa8cdb3721a0bc0c4979a0c67caff71940bc78ce8b41091c642273ff681d6ccf9ad06b8f91899c126c9ecb594773edef49ef7c685dfe8d1b95b82ea9401799edd0cde476389fbfa766e1a60adc25061bba93b29af85dca717a259129edf2fcd532e726e3c5a213eda128b39a3239eab6051afc065260eb3b2d023bf2362c011bae366d4810509e6f0070380fd05d00f81043e4ceba89c2e6df1e85e2bc5bb27bbecc5e7ee1706cdd3e701b427cfd2d2d51e86ccb6056c7c33cdc7910e918b7ddb16d78d8844cc6e471557885a5e3d5e72901e5bcb7024095fbd8c0b7e134ff898670190fdab834b8f2d94cf92ed8069cc3c1a316559ea7e08cc8a04c87be9fc526121bee884d0e36679da92ad80db7655ffec6c2e2c56fedaadffcb8804df501f2e25df66c83ae6adae14a9328134f9ae47892c41813aacb53290a53a7753cd59af8f94adaf104784e3c4a396cfe095d4bfbac52f1bc851f146dc8120b7e3b4227059bba6365b1eb53f5a399054f34bcebfbc2a5c4040a8ec84d87281d3f53ad835735c373d2e90c3437374f3a698271dbc51e73fc01ab57c2edbb4ca026f25184288de2e2d903d47440c2640a6fcc07ea7bca8fef26479d0792d8ccfd7cd432e04cc1822d116bd2b049632af7fb1f18d9bae0f1c6fbfe5ad43753c91de415f026e7b268e0a657e132994c89da4dc406074db08ae4cd71fba600d478bb27321cd0778cf8b38920918821435e87029f43eaaa1eaaa161d9f01bf6dd658a001f312d16f38d075bf09959cef6566b70f307877ed4fe44f2defb07cc36e95e52e54f25023abbd695ae6a467c97340b4cc89564b1db8831a96c5ff8ce71a02a93b52453cc5a1252be4c043675580e00f15d9333bc07dcb63a99c9344503bfdabb26ca96d12881438609df2c46c29b16c260a3ca76b1394ef3edef4a3dfdd5abf2a7d681d76c30ebdaeaaa673c5c10b6093c2aa9b7373231a0c814812a03152153076a3ca826fbdef0e3826d8ca2c9c3ed6503bca3b6031e2b51032eb0e5e78b269cb2e8f8b0853537e0e8459a6bffadf4b30fadcbb9cd062a74b3a2d9a06a26110ab6c98da772d84f121fd53b1d40c10c02ca97ca20e54ae03c10d25bc59d114df427152a689a123a138aac7c2d45e195c1fa49c326cda476c32de9bd5fbe31b30fa7449b13025d4d2b5df5f434a130e19e26f870459cdfbf3adcbe8903351e54130e2dcb7c76c9c872c3713723dcb564256640b1c1866f772e80e7fb1a02b091716193dbb1d96063e6e057ee4e3df7afc1df07533692fb5ccc5a82aeba6238e5b71c2b67323c6c806591aa71fb260ad444a11abf670b947482264a2f1522c153fa66e26809042f56e700f9bfbbe7c077bbda4a3394e3c0a61ebf2adffdc7ef1ddaf9276c759ea2760d01e86a6ab441f58c87f3646ecc2c25aa1bce1f59364338896c5fe5df4ba152938e9109ee2453b8fee07e3ee05500698ad9c130c67bbe2f093d5903eebf6620cd54ab7e32b0c9edf38a7deffec0d0f6e4ae863bbe33106993d94be952e6c4b228dccbaacf60564dd2a4b4d13b1cb89111675e7c63c6c5519374fbc651df720a4542fa804efd6f2760b3ba5eb03390b74761742407f981b80b2196c32375f052dd5bff220fd1deb16123e14ac8ced1521cbafbdee19f3fd85a1c901d9f9b024a175105ba9ad5ae0a93264a3c17025d6ad4a88e38ea72dcbe8a01e5150a1658340fd9620a52a9340cf7e5a1bfcb84a1a34d307c60190cbf740da40fae82fcf176df639fb11c895ffdea8ee4bbefcf90ba53e5618350d8e43db58ee6db997bf9bdf599376e12ee6530a6ab890c66154d041be88a44c360233c769b0d6edf545d5e9c29d9a245b0ec02d89441966a002bcdea733e0134d30034cd3cc3a21172a3b3dde0594e3d2fa1039cd8cc6c214f24ef7d6073fab98fceb1066e9f0c6c72bb09b4e1a6d157bfcacefeb93712d7ec83f20d3755db07b33a460b805fd528d0d066389c796bfc8a5adb40a98650215c1cac4c0c683ecaa0aa079265c291651e5bde996392a8cd2dcaf3bfc7eabf2afb688ad77df8710cbadcb6c6f77de33d233b47e6177bef9d0c6cd2308379ebe89e87e6172e7dfbd9a63bb7079227d8dda820623a1baab02b5875755e1e631221ec3399cb19ee6f50c1470f4c09aa2b999441a0b014ed3c50a6f0349b0048370229d43925dd0aa6fbf00df03d9fbb5c3b278cb31dfcbf817c441076cf2afeb4f1dd7f7fe7e80b27d7e44efcd16460536d65befb93748418cf35deb11dfc333acb6f8743576d53f1550570ce9d34f0a3077e299ca384105a59a866804a050da1b268813fa3cdc836835d8882914b82996f8258be9155f9880f26d95939e892076f5cbe4e051032f6d05bef66bb3ad896fdec77d91f4f24f0f13f59c5d5c3623ddf70fb76a69c7475bef363e00e38201398eac1b355b9ae4fe057c5a0db065e07672f98169f594dd055c57838b5915b4d9a442936dff4f0ed990ca909a0e47b8b32c6b28b3cbe22c538180ca84801c16a02c34ab840959dff256cc6b390d983822ea3f2de5dac74b3759cdbbde3c73ffee1b3f23d226921e32b53014142673f97bc633b4d11824a47c79888681ce8f029969441f71884cdbc214ab5c4733318381a4c9994dc95a346822ff379701aba67b0db57eebd967407ad3c9f83dc28242192672ea0550f31ab81c135373481a1de783c050baa19945532b5343636a217d13dd0dfff30828590fde091efef1feb6fc0ca2ddbc5c03fbcc65697cf276fdf81cbd5b9ce8f4d06b4a0d2e54974e4a5e45b9f0a421d004f0377193993c190ac899234f1bedf74da28dbd03d13a092564077502857b43087ab56d46a66a515a2c566207674ec8445a882a9e3da68a89aa9f0cd9d3b17e6cd9b0b4d4d4db074e952b63e0feaeaf87c0aedac6c0667c6ebee471efec771ffc610e87cae9e581a0cbaed78190cba8f4ff5fb5c9b3dfec941b3b9e770e29abd227eb394620bd59df1aee58c7ea6d7673ff70597aa152b56407b7b3babac5e7cf27aef53409af7424f4f040a45f2a603e5c65922c6c20c2129c6206a374384811567609976126276ab930d948a33c6ba8428dc750c533e673d1a8d31b8e6c0e2c58bb982216408d7040d6f765b5979e09aabd79e1cef60a54d4cce5d1211d9457441b0111bdbd4daee1a79fe7dab72dd7f3cd5ef3c4be2277fd6fc8ecf0d465abb44667450246cf202420ddce5d8fd9ffd7c2870729af1d7fb9e04abe115b8d813bda240c96f0eaf05632c4c6410db146035411d9d03119a8484bd70828ae525256c5f82c2cb2ada63c0d7d6d6c6a04ac29c396db068910358535363a57e068ce3b68c075e087418d761ef7f9c89191bb09b0574f75d0e74e7a20b1f7baaf91ddf13c17baf800e933605a9b03319baea984448c670ee6399bc001f67e19a0a581301cae70eb218cb4962142041178061d731b092d0008b214edbc0a0b15070265a42b281a1aea365d910894420cedcc0782c06c96412e632f55ab870012c5eb4683abe7aee661e3e72f421a1784363b8976a1c0742797cdfe4738d776e75e2b2a941b7a0d0732f5bfc1326a6c199525ded8132e3e3b8190ddc987d2945e6722c579290c96b3b6f2c16ee60842620465ba10edaa08dcc653e5223f391e63a2a4b9c9b80a33cf2196dca8886607abddc7ac86cd2b82c160b5cc91209760df13898a6090df5f5509748f8be0ffcfcc1c12118181884ce135db0feda75d0d6da3a1d3fc7a759b98f81771f836eff24a1830074db28107375ae6bd2311d7692be2e7d70e381fa0d031032525c0357a94c65a0e3b2fc97cf8fd1bb64bc2e4e769127320c1a810499c3fc9f16a837e6418c3441a3b9b4bcfb0765d2ee5358e7b14926c3ff86baba0453ae38c4e3751c342cf2f1caca13477d9f2dfb35e2eb6c2e07afbcb20fd6af5f074b164f8bda6162a58341872ee6231384ae18f6cb3cdf78c7f63c89a7afce1efd381f693009eb8e2f3f2f405361d3c0552053e9478f82dbad4b26e18a1619f7ab2e0a7710dbb61acd25ec8fae873883aa397a15070cdd415969edf1ba364da2047b6658c522e40b79b6b4789c85ca158b46e1aae5cba1a1a1c1f75ef53a3cc526a1ebce53553df08e1e390af3999b198d46a7eba7799841d7cda07b768ad0f1b6bb979337ff7c20d2dc7b6b6acfe7270adda5c89c3dc36653baf48e5c1d56352ea5fb3cb6405ca30a196f2c16ee609434b09284a6c85248c617409dd10c0de68232fd03c3bb8c8de7d296030b0baa568e290ec65bb1b8136b251b5861a02558fc256f1c6160850125b7955b57c12b5a168c8ca4a0adad753a7f9ead0cbaf649c47445f0b7a1e17af168ddda3d06a55fb83ebdff937534b77ccc1b2718993d0d373e29922439a579a06afa55ce78e0d4cae46b83934993420e1a22f32161ce8144b4051a230ba135d65ea2164137b06c5c0863f5d22805d1b28a904933b8f279a8638a55c75dc2182c5bb694a958138fbdfc508348f73b75110772dab61d0a57f03b9888cae1d262c08d8e4e3b702d22aefb52b903cac474aaca71f80e27aede7b213aff73f70ceffa74939dbaa91c6ccf37defebf2e46179c046f3259095dd50037a3fddecffcd9fdee97884d02cbdbdb95b6aac9b44f851715c489b892a85805065684b96ae80ad6d727a0b5b5558065b82eb0da30efbedfa68a3b4c7d7f87fa3704af437d2dd7c3b6a9ebdd5d9df0ce77be8341bf6cba7f22742b578c77d0184d06d8e28e034d1b05c0ad37a7f6be7d6deed88762b43857be69c06c39b43b79cbe302b63ed11cd08fbb44b65282874d02542b5c25b294107401c3bb364d2ac61a43c18a85020c8f8c401453f04cb9eaebeb61d1c285d0d8d40811d32c4d8352eace7aec4c31eeef608d3361c96bb7d5342a554f434b1ee618a674612ae764368b70e6f469181e1ee6d77c05ac7d22078d93bd94dbd0352cec49def4142b2faec91e5f1bb773cd7d91b6c1f3b1459784a2215cd8ee3624542ea870ba59a05259ca42a1386ed7a689c65c6a41f72f1e8b437373138fb3b09b13361afff4a73bd9f628ac5f7f2dc4d81294071fbacfde561c044aa897d9716619e7331cbb6e306eb0e56d5e4c3accdc49543977c239eab5290663b52078ea7e742107fafba1b7f71257e11b6eb81ee6cf9f3fa37ec931a05363bc8228a96375ab07850a1a627f46409712e0055d4a9d34a9649632c5d4267c9cd6c463ae7a4cb5333710979815c4128d4614c5f02afca64d9b60dbb66d5c2dd6ac590b8b972c164f1b25ee238afd02e750e641a680254d541d83fdb3451d511f9355ba0e651324b8c4e9df53a9140c0d0ef01b12ba94b7dc720b2b375f91dfa7b7b7b712d0a90a6709e046c1dfa86d0b38b3a264046c0555ddf468810ab9946e5b14d0d027a1060b4eed96483440b2a19ea9538cb767a14b28cf25eb3219a3657ce9d22570cf3df7c0eedd2fc1ebafbf0e9d9d9db060c102a61cf37807e092605840e85c03f1544d6456b9c051a184c2ed74dfa7ac53dfbabf4900950c152c9bcd423a9d863c8b27d1f5455bb366355c7ffd26dedc70a5acbbbbbb124a275d414ba8555e00271ffc21ef42c5800a5ad596a19cf14993fff2a77fd625e384e69666d8b8715349bf42042a623a7116aa17660a3115ef298137c77e1870eeacc38ac2a92a820af2eaabfb18705dfcbc262bb8c4de1cc9c62457c938cf4ed681892ea29066aa74f1f2254ef8365b5957131fb69b40c16d0818c665050615c2c50163af7961dbb0b901e3cab56bd77077f84a1a82ffc31ffe982db39bfef6a1bfd93f95730492296a42c500ff33e5d4e6042bd0b4505523be677ceb3c836e23ab805b5a5b5bb76cb8eeba0ee60eb6d437d46fc264464274732a551b5231e0e47b11bc3367ce4057f7491861ee6d4480172c98b9c406676c0e70b645f9c4a984cf64eccce948d8d2906e22b69b09886ccb76012b140bdc4d745f8bd2dcd4042dad2db090a92dc69dc1e4d295b21d3b76c2d9b367f0b33733e09e9dea7902d0a9994cf575d8a053a836d8aa02b8a03dfd8b67beb860fefc07c6fca3a60138f55c58f1317e191e1e81fe8141de549067db54f0103abe94dba2de7a54bcc68ec8782e0f2a0f2e0e288316d513cfd5dcd4c8554c8e7b5341bbd2c03dfbec7370e4c851dec9e072811b03bc71b369d538216ca4da2e187b5034616f8d32ea76250cdd581c67b6640929713fd10d348801236cdd104a864b621a7c3bdf6610d1e0ed345263fd31995b8c6ea4841520bc21fecd3474695f7ae9653876ecd8b46431057874a2c756a345aaf1a22ff5f6f1ceb9a669cea8ebc23169b2a9a0a5a5d98305bc871f0655a934c33a33bff3fefe7ef8f5af5f60cade37ad9fa31f393c030defb47d7dfd3c63a86dfaedc0810370e8d01b9820d15fc62c048ecf75822e1b76d265f11cef56a5adf28649a2bd7b5f65aef2088f37b5cd4ee03ae40ab6479d3d778ecfd7917026c2d15601c3f6b523478e713752ed58ad6d96ba94aa6186efc2858bd0984cf2b809930edaa6e0a6170a70eae429387aec1853b4516544c3d8de462532941ab82ab4d4680a46474779ea1cc19bc6c1973565172e5c8053a7cec039e629a09a4d4ed1c843fa1b9ca5c079e08dc2683acde7ffc046e864b241ffca8a611b5f7fff005cbcd803e7196c98809aa2dbd84d88066e3600d73d9183d2990c64b2193ec10e8297483800ce46c30453efa55ee863a0c9b88c77279b7a7c36c860bbef6fbef1b5218dd0e48c54e345ffe4f1edbf623ff8667f8f10315c46e93d22b7b93d4688336200fb3de2c86c6cc09e4a4f93d2fd816b002819a9eeac4fa61daedc0874675ff01c6a4c8b0a3f34342c66f31a70fb6a6223bbeca7298173fb728a6db6d8a6bee6132e59b6eceb39c8b66dfeebaf3fb85fe3337b5cca07c099a074d296c9667991436d24784e89f265b5582693855c3e07e97486c5af691ec362e6d65660a9b06186788b866d96291cda635b77fc898c2126a3703e4502ef38f77dec1f82875daf5009711f4e5b8786dbb177cb955238ec918f6d8d857cc11d29c021c3213aac84a956b972b90ac794ed21b6fec0835ffdb27623672370688f6ffbe91751ed2a0d9cfb5e754a0331e25b9e0b3b15cbfd0821c228df2fdd4ff7eb0d3ea949998b0541421024141cb2a2c53b06f3be96d841982f3d48ac31209a06e07631e01ef8f2fff8924effcf76e0d0b66edff97eb6789855f0962b095c582ce7db06507a2d621fafc89657d94b0b9d09c075a3a27de981cf3fa231d1c0f96cdb8e9d389fe143ac5adfa781bb6ce076b16d0f7de1bfdfbf4de3a1811bd3b6ef78e26e56ab1f90194c0ddc84811b64eb0f23689ffdf3cf9cd45868e026653b763e7937abdc5b58fddea2812b7b2c42b6955dc3d6cffce9a7b59a69e02edf9ef8d9d338286d8b031fd9a481b33ad872177bbdf5d39ffa844e8268e0a6cf9e7cea17cbd95f8baee67dec252e5b6601701d5810322c1fffa3ffa0dd450ddc9b634fffe299bb19069b9c780f98fa91f62a07ae5b02e6a4f269c7bfdff261dd66a6819b99f6ccaee7d0fddcc4d040f563f0413b7743015a661870bbd8faa050ae6e065cf7bffbb7bfa7dd430d5cedd8f32fecdec8c1030e61bb8008d5b145018ebf9e0270dda248e0d83aed16c07533e0ba197083efbaf71dba3b95366ddab469d3a64d9b366ddab469d3a64d9b366ddab469d3a64d9b366ddab469d3a64d9b366ddab469d3a64d9b366ddab469d3a64d9b366ddab469d3a64d9b366ddab469d3a64d9b366ddab469d3a64ddb9b65ff5f800100ee63ddcac18541a50000000049454e44ae426082, 'application/pdf', 0x89504e470d0a1a0a0000000d494844520000005000000026080300000064b4ec430000009c504c5445000000e1e1e1e1e1e1e1e1e1e1e1e1e1e1e1e1e1e1e1e1e1e1e1e1e1e1e1e1e1e1e1e1e1e1e1e1e1e1e1e1e1e1e1e1e1e1e1e1e1e1e1e1e1e1e1e1e1e1e1e1e1e1e1e1e1e1e1e1e1e1e1e1e1e1e1e1e1e1e1e1e1e1e1e1e1e1e1e1e1e1e1e1e1e1e1e1e1e1e1e1e1e1e1e1e1e1e1e1e1e1e1e1e1e1e1e1e1e1e1e1e1e1e1e1e1e1e1e1e1e1e1e1e1e1e1e1e1e1e1e1e1e1e1e1e1e1e1e1e1e1e1e1e1342f7b3e0000003374524e5300e7e3faf5f2d805ebdceea909b8ae96d3c56de0a212cdcac173613b342c22540d908bb37f195a4d2f9e7a6740bd452684481e24b6536a000004514944415448c7bd96c7d69b301085d591442fa6638a29c6155befff6e1126d9c5bf374e66011c95efdc91ee0801b08fa0fa52c0680f4005fb27f8523c7b58816b0ebe18f91560eb9b400b0305be1aeabf018d9367e2ecb51c8f2b0ec35008817470782b6dbe08956de3ee118e7de17c06d61e9ad5a9794d518a23e6fb8860ac48d40444ce42b96b1f6802a95848ec8fc047aad8fc52685c1cefe0f330f1a477b513a71c0e4ab0045f4ba0e3162bea41f951616913c54c12acc0fd344d33961c7bc1f4a82fe08ca850094167b01685e25240f8016854a6240a99e46c6c0d7b938704069b316c0a398e39e9f4f749628611fa04dcbb94620da4bf81bb130e3971ee2fde43c050a95010d35a13465c859f80c3c2a9f2e3d0a4f906bc258a29361a2f782443a4148d797a37224c9186873f03ad4c2815d72dd4c04d6087b50e77f75a8d9b4e90a29478506439229048fe610daddc5334b9814cfe01e6027b2a7e6ce5ef2a41509753c879ea5129599b0af913b0a93dace0f2dccfd4d9804f5ba190f4bbcd4e4c2779ad2a4e18e30a61d85726a23f008d474208a6b67980dca1e3aaf81c6281ede326bfa74caa163c758bad385487ea7980841fde020b5bd807df4f7d3f715cb902effeea8b601378f175f66c04bb2b118c308572a3b27f021e4d3d5b524a30a1be2b6b00868e2244ccfda6bf8710297700cdc9c31411bcecc0f127e0de25588396b6ed5c8666ae810f4443e96d3ba227e31087b5269789e248270c8c9f80fb4e2aeed716300ced371ac969ad2d44f902b6c89092ca5dd536a982d49b8c15c8897c7338681e4da6dfd5314b533ec0995081d3f2b7e30f541252af038c9663ae0fa39f814c88f44ff9ee5acf65c79d2b532682adcdaa6316874eb5554f4aa266ab7b4f30f3efc05b79bc1b7ffcf32cabc2b28e977b590c2b4d77ec6f97a2187ed3cbe9be19b72a8b4bf977e065cc733dcc2acf5996058f66a883f3581f571941bb4ccd3afd52e8d7308ebbd5f2f943bfee97fdbb5f80c37cdb37cba117717a4ddafd394922d376eaa634fdd48bfb6135625200507a5eadf72d60f31d348bdf5b6f80507481ad4ee54cda2c388dda44667dee887d0b9453678cdd74a52875da818b52f3131c7d6557a0f05552bc0126da1113ec8b367d25d174dea89fd738c85e94be0093e333a70405c2f10d4c44457b2bbb323f6bfe0e8cd9dcc6b0de7728eabab6b6fad039670b73ef450cd3ae7e1aa04ba7919d41293c38820043f7fe74daa9bd166f80307518ccab4e26cee19a5927e4d9889a05300a370dbd65d71ce429c3b375142debef5d9276c702dad995076f8087fc322651dec6e3edf6a8ac25747307478351944311f8b47ea4e4105176abc479365df3642e974025734cdff8504465738cd32c4aaa9d8ec18535b8476150b47eb1db2db8379328085cec4e301f7de51ccd3933c5693c25fc4da5785dee4a7772e16b97cb169d8171417edeab43101ce2ccb32f001c591a84e7ca54ee103973ea0e60b7907f78b7f9fa75eefb17ce0af6c3b770430fabaf5fda7f0101d79842eebec02c0000000049454e44ae426082, 'image/png', '2015-11-02 17:44:06', 'aa', '2015-10-30 05:37:11', 'lcu1');
INSERT INTO `user_detail` (`GUID`, `USER_ID`, `UNIT_ID`, `FIRSTNAME`, `LASTNAME`, `ID_CARD`, `NIM_NIS`, `EMAIL`, `PLACE_OF_BIRTH`, `DATE_OF_BIRTH`, `GENDER`, `USER_ADDRESS`, `HOBBY`, `PHONE1`, `PHONE2`, `CONCERN`, `ABOUT_ME`, `CV`, `MIME_CV`, `PHOTO`, `MIME_PHOTO`, `DTMCRT`, `USRCRT`, `DTMUPD`, `USRUPD`) VALUES
('fc92bb41-7ec7-11e5-aa82-28d244bd1b19', 'fc73573d-7ec7-11e5-aa82-28d244bd1b19', '62c6108f-7d05-11e5-8cd3-28d244bd1b19', 'lcu2', 'LCU 2', '1234', '4321', 'lcu2@lcu2.com', 'Tangerang', '2015-10-01', 'F', 'Cikokol', 'Hobi LCU 2', '0812', '0857', '', '', 0x89504e470d0a1a0a0000000d49484452000000dc000000a0080600000067ba023b0000001974455874536f6674776172650041646f626520496d616765526561647971c9653c00002c024944415478daec9d099c1c577de7ffafaa8fe9999e53f7658d4e5b32b2e413e353c18135e132c9ee66f301823ecb7e36b004c26e966c0c0b982c04074270201bb22c1b6c3e0b641363eb40c63660641b5b3692ad9164d93a6746b7349a7b7afaae7afbfeafdeab7a555d3d977ae4e99ef7d7e7a9aaabaaab6bbadfb77effffff1d05a04d9b366ddab469d3a64d9b366ddab469d3a64d9b366ddab469d3a64d9b366ddab469d3a64d9b366ddab469d3a64d9b366ddab469d3a64d9b366ddab469d3a64d9b366ddab4f9ec995dcfddfdcb6776ddadbf096db56464a65ed8b6ed3bf745a3914d91481428feb329d8b60d3665c5a61dd4b6076d2ab639659052da81eb54d9ced677856cebf8d87ffce890fef9b569e0843dfad8b65fb1c5665c374d8303679a26430f383c9e3118d94bcbb29c57d4e6aff118a7d890cde67cc0a9002adb39b094432df639ebbbe43665d9c1968394bfdf669fcdcf33f8570f7e65bfae52daaa12b87ff9c9561738f76209610597865817af816f04c310db8078fb8dc06be5fd08552e9775be06a27c216c9f552c422a95e280138e35a7992f0bf9020c0d0db970db023ca6bcec7c39e8efef57b7ed0af9f33a58190c6c1b14db7df6ed6f7df3595d4d3570d36efffce8e33ee00cc3e0b08080c7504002e2016528eb0e87b8cd70618390e3e4394ab6b99f2b4156de6f78c7382a4915550d2f232323901a1d75c0a5d45362f66f946d4f8fa6f93a504fc57199ce6420934ebbdf8d19313bd84d63104f303838088542a12cb0cc428167206b975a03e7d9fffb97c75ce09c0a6ef860082fc0e192a079a008a5237e0574a11130a99fe329aa032294f93c0913022741b2cb006753e5181fa0b60ba0edae3b71ab04321c68cf7d46459580cad7087191c1488532abef45808be8868b7da661749b914837bee6ef630a8fdbe3b1d82ef97eb401a6de0185ee66f09ed4284dcc22d57199b4a4b28f14cec3f1d413585140481fc4e83c881af59e9281544480d6c4528899f50a70e0c236a77e19c4230d2e682a6c2414365060e375d6adb8c18aad16086e93ffc439bce39c13a9fb950f52cea1bc27f0b968f5f5f5a5d08bb835994cbaeba2b48b02c9c64675fb66f5fd2d2d2dc1bfe901f6515fd228d514702410c3b138cace42a4fe223424a27cbf53c77add4a2f6fc93206ebcebee86d10f5575ae66201a89f6ffe1a55654efd6a9f2320d750ade635ac712b3d807fb9a8f16ae75a64a5161f1a3512d052b74480540a1ff8123ee0733b3dee2454e3bbb125d0cb3f31b0ad1cb8133d9fb62a072ef863ba6e9ee3fc4df25cec6e1f8fba50110ea877fefaba98784ddce3a9fbde0b02682ab556dcd909f4642f7a8007403d9d7ad6f7f932f552b46cb06ccb0fbd789f4162d0185de8aa9b7a8c01516888ccf7f6294b93c4a131b2b01460b6ac23cd10234de3c23711103d95f5d6357235081c094984f0753a39e8405127efdc95bf768cf9ea6231576955e06291c035f1fdc4fd538ab49f1f4a1579a66243cebae4c2a92a78d12ac0b91c0df93b11fe82076f40c523a41e629054ce47ddf747a00e11770e2502708342b3b5062234a978121ab99a5538b709408272d9bf35360dc0b4c277457e4423ea131e1538203145ad49c90d284f33ca7e0fc61c64d972d077d3b0491e12b0104cdae08b49b5d51070081aaeabed6d8e7b59393aa8ac8c36784d7244578eb2ae829a00d2df486d254df047757a9104b385d3910b95f114e1297999a0d116b839c9d82ec413d156e5c079ce1f04609b7e12a84d1cd123d5ed724ec74dd0854d03579b311cb8311cb8ed6857ca782c44f133e9ac87ce17bbe918aeb6932600fede2257da6c11e7495793cc4ee2fc8df89aa1da4b9a00803f6eab6cce64cae019e4cdbf962b6d16c9eb18ee32cca88a7841c952baea36037c3b9b0f0bc2586f76541642e39023fdfe9e351ab85a4d9a041abf67d25d9f414750f18cd9a0763a869b35319cafa7c90cabd978b9c5a2039d61d4306eb4b469405b0d0227633715bc9968d84d128b19a95db5a36ac2442b5c6dc470c14eb4beb16c30f314ce7fed04704ca8e8a35c630e252de96da2ad4680f3ad13d5b5ac06f520ccc524dccdacbd104e0fd1a9399732089d3aed4135f5b9b2b1b70afb3b2266adf454a13a86ab45852bd10b7572a02a0b8f5c17d3ae05dcc03f164e2b5c6d285c499612887f22a02acc4814988b699a144ca3ba89f34d19a119aa51e0dc5e1dde3c23d5685691d166da0cbc2a762995f95bb4c2d5884b591a8cfbfb51b62596423a5ba8ca2fbd68196059d579c370a79fd059ca9a8be1bad54c989b2f11e0c523f555fdc56306d3aad666037f9672b3c6a8365ccaeea04fa9ceda456a20e5874a879577a6f44c71a769b0a174da85a04ba9cc1ca6ad06800b9ad79dcb3f3372b55b81b99611b872d061a6d4999e5d6dbf269382d2038dea10ae669326307d532bbcf94a47c0a4b4a28914040a5d566c07b4ecc9833556d2040293d76aab21e0bcf1709e2b496a70b2118ce9a63aa29c8a614208ae55040ed874b654520abaa749adba94257d29956701d49a61e37834eabf9778131bc9f420714726c8ae63a8625736ced35dbb6adea554658e4085932634e4b37dd32913a5e2079681f92085c3e54dfe4ac3c1715e13f146e2ba6912bae07b10ac4281f0a236291032765398fc9a26cac544bed6e074ebda6a3669e29fbdab72ae913237a50f28ea0204ee316a1df3a64687c079a842a6d0681facea7bd4e403c65e081df64841b8f279560a24000c0d05495d9f2c68a5e7206520f483a605ae569326214fb1b97c61f31e90a12a9b276ec4eba86bd3900aa93e3d2700b07a1e0e1bf5c14ced1075a48e8b58283a230d5417ce9f4072c4d19b2eb0345bc8075828fbcbc1110433f8b53a0a4a7c6a1af6e41e6d35045c306eab94baf1ca6f7b80c8cec53ed500a93cd4e742962aa50391ad3ec24a3d0b21fe63958270a19a15d5de2794fa9450a58d005196d477bc1f4c757f105c12f0a603cf1f08e4a53cf0f413746adea5e43d4d02ae64a5a08b479330bf6995db2e35903a0f83a98ba23e523e0bf3f279d741fbfc8d62ff05d877e269c741140f1459d0ba0ad62e791bdf7fbeef047bbd526c5fc9cff5b3bddff5250daf5e722bdc7af57b1dd82c80bfdbfa790e06cf52b27f8be6b4c3fb6eddc2cf71a6af8b2f17b36d68995c0a1ef9f9d7c50326d9f10c8285ad57c1efdcfc872e303ff9f577d8e7f68aac273e58a41e7effae4fbb503ef28bbf8404b16199e17575396d9b90a6aa1b493d371eff33c293263a86ab5197121fab1b8fc72b1fbf31e5faf06f3de46e7ffdd4f3f0a35f7dce851aabe85bd7fe2eac5b76077f4f263f027b8f3c29dc5b27e1b176f1db60f3860ff1fdbfdcf70306e80658b968a3fb37ec78e91fdcebceb1986c71eb5ba07dc106f71a16b62e8773bd5d1c22acc02b175e0bab165dcbabf2e94b9dd037dc03776e78b7ab76eb96dd04874eee11e7a4ec5ceb61c5c2f5eef776f5921be1c5d77fe6eebf6aee35ec86718df8fbf6826551fe249ccdd12c6c8a78fd5111b8a356043a0a51d85d8c39d019844f07887f2a31fc8f57d60ddf93b7aa9862014b3e5fa898c2f91ec6c814a3fbe23ef7f5faabee8462c106ab88994167d9d2b0d0dd9f8831456c5ec9b63bfbb0f22e9f7f9dbbfff8d90e78adfb05dfe7ad5d7c2ba44629f4f503a4460016b5aef0ed7fcbf25b9ce7c6e139d9f95632d8a41d3d7d10f61fdbed3bfedae537b3e36cb7ac58b8cee7fbddb8fa6e762e4b9ccf866b96dee8ba909de75fe7c0a498b87d27d3c08b54b67a46d526b3005bead2f095fa61d840f2ee393864360d3c0c52377cd70c70e5827b98862c65d745ffb3e8af9abf89c35614d02d6a5beddb8f2e66a1603bc714b0c26f742bf4b1d3fbe0e0f1e77dc7af59741b8c8e507e6c9181b066e906dffeeb56bd15ac820084ed5fbd5801eee401e81dbc08677a3a3d4057dce21e6bb173ae5200455b3cb71d9aeae6bafb55200f75eff19ecaca4a47310a9f4d35c291a2e90be0e632f83e91c8c047626976dd9673f3b1e4238b6ddf33c7bffd3fff4193544b0ae7a6002a9ca594d0bd71f239dfb6950b1970ac7261a5c6d82d682b166d1215de86052d2bdded677b8ff38ad83370014e5d3cee29dc55d7818d959529c592392b4aceb774fe2a3efa01cfb7b8ad1d12f124df8e90a5b3a3fc3b78e6d5ed9ecac61be02ded3783cd6e08cd0d73f9eba0ad6fbf899fafa97e0eb436cee7dbfa477aa09fb9a75e4692b8aee4d7530df042ce797cb31a96dd1e2b32c5cb3af0a2d259547936b8edfe3e1aba1a00ae5c3c5749e0f034e7fb8f33d772445190bb381c784757dd4969ab975cefba948eba8150b70e48a5080c0e99f0cae117dded739b1730a856f0caba74de8ad0ebb86ef5ad60b18abc7ac95b94f31d74b38d074fbce43b7ec3cab7f28abf6ad17a77dbfee3de3137af7b3b0704dd4f57ddbaf6b830c907a2f0188dc76904fe291387de92717a04ee885bf0de98ea5eda2e6c94dab36cb2f71a76297d2a47d4a9f22ae39e12e5f51ba73c3770c9dc354c711a3874aa3b99165026e28db068ce6a0ec8e239abbc0a7fec00e4f2063fdfbea3fe38eef60defe4ea876a26eda9971ff332974c0531465ab36c832f7e93179ac9a7e180021dbaa178bed54b3d401f7de67b9e6a32b0eba2f5b052714f3970e0ef976a08e8b06488013f1e8df960934d17ef4f14a1d52e42de1ce2c0b9711df57d95da6a2569e26b16a894c2116fdabdce0bfb7cbb562dbe815728840fed74cf513876ea559fcaa1622d9eeb0179eac2717754c369e60ef60e5ef001851575d97cc7053dc98e7df5b007e5f56b6fe39f87c7f98023e028102b073b5f76f7d5d72539746b0470786cdfb03fd6dbb0ea167e0c4f0ee547e1f8b943de34151c32a17084b89fb1af18f1c1e6fd200e74a8fa089ba3705ce564a301d16e650d254d7cbd4c2a988491777a55e11c05b9cb016ede5afeba6fe83c1c39ed01b772f1f5904d3731257180bcc4e0c2e4860ac83e25bbb87ce16a98d3b400d6b56f14709e80c3ddfb598c967201ba6dc36ff3a5037827737347390c4400f25ad76ff836696fbfe1fdd0c6dc5519efa1bdf4da2fddfdbfbbf9a34af6f490e24a068ae10187e554d128810d0d5dcb36705c4a59289de6a1091ab83751e1e42f5b2185739f55c02a59ae300ae7fa8e7999c5a537406b7211d4c793aec21d3df58aa2583730f7d0af6e1c36573d08741c7bd1f7791fbcf73fb9eb271970783c4227edfd777dd853b7538ebae12f64980c04d3806c310d07bb5e5692311b9478ef35fef7f854505c3bda6b9dbff1e0f20d750a0c7d3202df6b00bcebd9b5d8b62580a352e14c0d5d8d0017f0ff7c4a57499712ddab2ec5ad9cd3bc18ae5b7d9757a1993bd979f6388c669c38ae8129d1efdcf66fdcfdaf77753835cef01211c7ce1e74150c6d5dfb26b75ea2c2a1dabc7a5449aeb478099a23a70e786eb4ab3e0657b9b0bffcd899d738ec032397e0cca5ae92fdfc7dc44b9490925117de599799341436b46b4c5351371ec3b92ea5762b6bc0a52c5138e5ae7cb92e2501ffa0d6d74ffaddca7b6efc0377bdf34c0f0c8f9870a8d36bb3bbf9da3b030a474422c28183b0d2717cb72fee72813ab99f43ee264602e6c46f0e684489b15e3bb9c7e7564af733974f3b603205daf3c6af7cfbcf32007385b41bb311efd9cd25446d8a586561e33785881d6c1698858fa5ac45e0823d7c8917785552e1247c38a708264ed4e60154393454b5f3bd171c28bbf6859eea0de61aaa8a2493112a70d2d08d94151fdbc64e5f3ce1db7fa6e70464f3a33ed854a5db73a41428c7ed74403fd4fd9b1275930ae99c2bd0534719e9803d4dcac1c6b39f75d980bb6f57572ee04db699db97b24ccc55e9c983d467ce6165ec3cbf0fd62fbfd3774cf7b9e3eefe37ba3b4260ebf04d52abc642fb4fbcc4152911f31aa74f3145e215df709a1050cd962df09a0b3a8eed16fb89e7fe19a2e33f7bbdf7e8b370e775ef718f3f71f6108ff1f0b84f3567e1ff30b772dbafbfcf41c42ff25c7f37df8f4006bf43090e8e7258438a705ba438c68f40dcf7a0caf1bea64a9652e354cdc09569ec9677e74af4e19323c5d404422870e78fb9d9c2534c8d302eab577a779c3c7fdc4dad733088f3fc6f6a38435a8e9e3e001b57bd4d51b04e476d0400c759ac77cf4df77919458cc71010a94886f7c420acd9e7074ec277b67f91832abf0713e74fc7f63af6df7f6bc9c25fbdf6531815532fe03599a6e12a25a863e0046c750ca03f8c67c6850dc2e73351dd4addb9b2369226a0c026bdccba0a644dc04d9a6085dc7fe2d72547619b19912e1babb841953b7c6abf038fcf6df35cc0fd9dfe5e22677bbbc08c186e79ad7b0f7c77c757e06f1ffd2c3cf8c34fc1890b87c43ed90bc4c97e4aa84df659dd3d6f40246abac58c3ae7eaa3265cc5e2ac3f48e64b275e92cf6a56464a58acc42d1bfe736c94f79f1c0fb6d399b8a78ab61bc34574e2a4ca15ae44e9889a49737ef0e6f852b67eae022ae764ec7062d653e7fae0d2d00598d7ec650c7b872eba0ac153f90cb01bafbeddaf58d2653394f43a7562434ce57ff3d13f87c3270fb8b3489b11d355443ce9a193bf71dbbe226c9f4c80a82ea5f3a713e72ec9b751ff3c29387ece763a21df112ff263ff7134ee32e44006601bee06580c167c24968165863d2e6c6809d3f6dc49275b8967c34e98d83460c9231974f4939ff89826ac6a800bccbc2cfbfef902f6cb8edfbca90846d306f4f619ec9c36bc7ae405f857b7fc5e89821922e6da7f7c3724138d5cf9d0bdec4ff5782ea0dab685bd355875c40ce189f38e6a819833c84dae48d109cc19e9f673241ec4aa5f62c811eb024209d47e2b06699a817ae240379781f477a938646ce7c6c2f3bdecf8045b7b7b240fef89e627e446cae5dc68013eb2f41cfce0ec127e373128fe85dcd5c8b2628ba32da1741aba2a4a9a748f95b82c9b599982c4a552cc151b30788545d579e1e0d3dc6d4c6546e0d2c0050e8accf261bd1f6080edd8fd7fdd395042158988519b3671665556140988d7c40144d56d7f55273ed8648696ba6eb53fcbe8a817c2b8bb10837b0448d7446df85a7306f61522ccdd7464720ebb8edba2c531b39161b0c9edb7b70df1bd8f30e88ac522f68ec6f68e9c021c08e8f828020d5d15264d5457b2927369206cbd7d11c7b114ca71a6b7134ef59c10f398509ffbe72a0d0dce9909fe8ca274810d679a3d23381b81eca2464aaab8a7704a8ce9cdfda5d67faf17b6376318859d8538bc8da957bdd85dcfaeebf6b8c5f659e18085c116badfbbc2db1874680f9fe14d274d02b8e09910405b4357054993a09cf940a3b422f3b38da488804de9de247b7530b5c2a405aa5b24e2242a4c911031e57ee6469a227633dc4ec0fea49d543bc3f07ae53bc783afffa21928f25c226c148913f53a65a2c76b47940ddb59b6e19f73758154be02cf65c226b7dfd63a041f5972165fb5b1d2c24a23f2cd4a5cc4753a915235c005e09353b381fa30c0cbf0294798b25deaf56093804810b0d2474c842d0095417c50badb83eea4fa258b2ca30f2605281f480a4c6a06d59778578e0579bcdb96e85cffcb76145e2c444b618332e095858d84c226edf6d661f840faf1ffca56b117f55c05bc042b31e145b9d0cd76f0aaa6f3b23be98fba6f8ae7c6c955fbfacdd02607379d6f2a0dcf41d0c28a54310e10558a5420e282a42a930a985b8240c118c5754d15d51437821fe4e3f08b5c64022ee458b04159d8e47a9b3d70d707533ffa56abd5bf1c4344569a455c975032986ee3f86c866ee602575242e6439c0271b91c8173172263ccc7afba81e5802a2d8494512b57a16809483041a0c63a8080ffbc3e179529f3a3c538fc7d1a3397632547a60e9b5c8d43aefd5d9927ff92417795703111ba0691c18c69e8aa4ce1d447dc4e3569824f98e9e9354360739026c42b9302aa8cdb3721a0bc0c4979a0c67caff71940bc78ce8b41091c642273ff681d6ccf9ad06b8f91899c126c9ecb594773edef49ef7c685dfe8d1b95b82ea9401799edd0cde476389fbfa766e1a60adc25061bba93b29af85dca717a259129edf2fcd532e726e3c5a213eda128b39a3239eab6051afc065260eb3b2d023bf2362c011bae366d4810509e6f0070380fd05d00f81043e4ceba89c2e6df1e85e2bc5bb27bbecc5e7ee1706cdd3e701b427cfd2d2d51e86ccb6056c7c33cdc7910e918b7ddb16d78d8844cc6e471557885a5e3d5e72901e5bcb7024095fbd8c0b7e134ff898670190fdab834b8f2d94cf92ed8069cc3c1a316559ea7e08cc8a04c87be9fc526121bee884d0e36679da92ad80db7655ffec6c2e2c56fedaadffcb8804df501f2e25df66c83ae6adae14a9328134f9ae47892c41813aacb53290a53a7753cd59af8f94adaf104784e3c4a396cfe095d4bfbac52f1bc851f146dc8120b7e3b4227059bba6365b1eb53f5a399054f34bcebfbc2a5c4040a8ec84d87281d3f53ad835735c373d2e90c3437374f3a698271dbc51e73fc01ab57c2edbb4ca026f25184288de2e2d903d47440c2640a6fcc07ea7bca8fef26479d0792d8ccfd7cd432e04cc1822d116bd2b049632af7fb1f18d9bae0f1c6fbfe5ad43753c91de415f026e7b268e0a657e132994c89da4dc406074db08ae4cd71fba600d478bb27321cd0778cf8b38920918821435e87029f43eaaa1eaaa161d9f01bf6dd658a001f312d16f38d075bf09959cef6566b70f307877ed4fe44f2defb07cc36e95e52e54f25023abbd695ae6a467c97340b4cc89564b1db8831a96c5ff8ce71a02a93b52453cc5a1252be4c043675580e00f15d9333bc07dcb63a99c9344503bfdabb26ca96d12881438609df2c46c29b16c260a3ca76b1394ef3edef4a3dfdd5abf2a7d681d76c30ebdaeaaa673c5c10b6093c2aa9b7373231a0c814812a03152153076a3ca826fbdef0e3826d8ca2c9c3ed6503bca3b6031e2b51032eb0e5e78b269cb2e8f8b0853537e0e8459a6bffadf4b30fadcbb9cd062a74b3a2d9a06a26110ab6c98da772d84f121fd53b1d40c10c02ca97ca20e54ae03c10d25bc59d114df427152a689a123a138aac7c2d45e195c1fa49c326cda476c32de9bd5fbe31b30fa7449b13025d4d2b5df5f434a130e19e26f870459cdfbf3adcbe8903351e54130e2dcb7c76c9c872c3713723dcb564256640b1c1866f772e80e7fb1a02b091716193dbb1d96063e6e057ee4e3df7afc1df07533692fb5ccc5a82aeba6238e5b71c2b67323c6c806591aa71fb260ad444a11abf670b947482264a2f1522c153fa66e26809042f56e700f9bfbbe7c077bbda4a3394e3c0a61ebf2adffdc7ef1ddaf9276c759ea2760d01e86a6ab441f58c87f3646ecc2c25aa1bce1f59364338896c5fe5df4ba152938e9109ee2453b8fee07e3ee05500698ad9c130c67bbe2f093d5903eebf6620cd54ab7e32b0c9edf38a7deffec0d0f6e4ae863bbe33106993d94be952e6c4b228dccbaacf60564dd2a4b4d13b1cb89111675e7c63c6c5519374fbc651df720a4542fa804efd6f2760b3ba5eb03390b74761742407f981b80b2196c32375f052dd5bff220fd1deb16123e14ac8ced1521cbafbdee19f3fd85a1c901d9f9b024a175105ba9ad5ae0a93264a3c17025d6ad4a88e38ea72dcbe8a01e5150a1658340fd9620a52a9340cf7e5a1bfcb84a1a34d307c60190cbf740da40fae82fcf176df639fb11c895ffdea8ee4bbefcf90ba53e5618350d8e43db58ee6db997bf9bdf599376e12ee6530a6ab890c66154d041be88a44c360233c769b0d6edf545d5e9c29d9a245b0ec02d89441966a002bcdea733e0134d30034cd3cc3a21172a3b3dde0594e3d2fa1039cd8cc6c214f24ef7d6073fab98fceb1066e9f0c6c72bb09b4e1a6d157bfcacefeb93712d7ec83f20d3755db07b33a460b805fd528d0d066389c796bfc8a5adb40a98650215c1cac4c0c683ecaa0aa079265c291651e5bde996392a8cd2dcaf3bfc7eabf2afb688ad77df8710cbadcb6c6f77de33d233b47e6177bef9d0c6cd2308379ebe89e87e6172e7dfbd9a63bb7079227d8dda820623a1baab02b5875755e1e631221ec3399cb19ee6f50c1470f4c09aa2b999441a0b014ed3c50a6f0349b0048370229d43925dd0aa6fbf00df03d9fbb5c3b278cb31dfcbf817c441076cf2afeb4f1dd7f7fe7e80b27d7e44efcd16460536d65befb93748418cf35deb11dfc333acb6f8743576d53f1550570ce9d34f0a3077e299ca384105a59a866804a050da1b268813fa3cdc836835d8882914b82996f8258be9155f9880f26d95939e892076f5cbe4e051032f6d05bef66bb3ad896fdec77d91f4f24f0f13f59c5d5c3623ddf70fb76a69c7475bef363e00e38201398eac1b355b9ae4fe057c5a0db065e07672f98169f594dd055c57838b5915b4d9a442936dff4f0ed990ca909a0e47b8b32c6b28b3cbe22c538180ca84801c16a02c34ab840959dff256cc6b390d983822ea3f2de5dac74b3759cdbbde3c73ffee1b3f23d226921e32b53014142673f97bc633b4d11824a47c79888681ce8f029969441f71884cdbc214ab5c4733318381a4c9994dc95a346822ff379701aba67b0db57eebd967407ad3c9f83dc28242192672ea0550f31ab81c135373481a1de783c050baa19945532b5343636a217d13dd0dfff30828590fde091efef1feb6fc0ca2ddbc5c03fbcc65697cf276fdf81cbd5b9ce8f4d06b4a0d2e54974e4a5e45b9f0a421d004f0377193993c190ac899234f1bedf74da28dbd03d13a092564077502857b43087ab56d46a66a515a2c566207674ec8445a882a9e3da68a89aa9f0cd9d3b17e6cd9b0b4d4d4db074e952b63e0feaeaf87c0aedac6c0667c6ebee471efec771ffc610e87cae9e581a0cbaed78190cba8f4ff5fb5c9b3dfec941b3b9e770e29abd227eb394620bd59df1aee58c7ea6d7673ff70597aa152b56407b7b3babac5e7cf27aef53409af7424f4f040a45f2a603e5c65922c6c20c2129c6206a374384811567609976126276ab930d948a33c6ba8428dc750c533e673d1a8d31b8e6c0e2c58bb982216408d7040d6f765b5979e09aabd79e1cef60a54d4cce5d1211d9457441b0111bdbd4daee1a79fe7dab72dd7f3cd5ef3c4be2277fd6fc8ecf0d465abb44667450246cf202420ddce5d8fd9ffd7c2870729af1d7fb9e04abe115b8d813bda240c96f0eaf05632c4c6410db146035411d9d03119a8484bd70828ae525256c5f82c2cb2ada63c0d7d6d6c6a04ac29c396db068910358535363a57e068ce3b68c075e087418d761ef7f9c89191bb09b0574f75d0e74e7a20b1f7baaf91ddf13c17baf800e933605a9b03319baea984448c670ee6399bc001f67e19a0a581301cae70eb218cb4962142041178061d731b092d0008b214edbc0a0b15070265a42b281a1aea365d910894420cedcc0782c06c96412e632f55ab870012c5eb4683abe7aee661e3e72f421a1784363b8976a1c0742797cdfe4738d776e75e2b2a941b7a0d0732f5bfc1326a6c199525ded8132e3e3b8190ddc987d2945e6722c579290c96b3b6f2c16ee60842620465ba10edaa08dcc653e5223f391e63a2a4b9c9b80a33cf2196dca8886607abddc7ac86cd2b82c160b5cc91209760df13898a6090df5f5509748f8be0ffcfcc1c12118181884ce135db0feda75d0d6da3a1d3fc7a759b98f81771f836eff24a1830074db28107375ae6bd2311d7692be2e7d70e381fa0d031032525c0357a94c65a0e3b2fc97cf8fd1bb64bc2e4e769127320c1a810499c3fc9f16a837e6418c3441a3b9b4bcfb0765d2ee5358e7b14926c3ff86baba0453ae38c4e3751c342cf2f1caca13477d9f2dfb35e2eb6c2e07afbcb20fd6af5f074b164f8bda6162a58341872ee6231384ae18f6cb3cdf78c7f63c89a7afce1efd381f693009eb8e2f3f2f405361d3c0552053e9478f82dbad4b26e18a1619f7ab2e0a7710dbb61acd25ec8fae873883aa397a15070cdd415969edf1ba364da2047b6658c522e40b79b6b4789c85ca158b46e1aae5cba1a1a1c1f75ef53a3cc526a1ebce53553df08e1e390af3999b198d46a7eba7799841d7cda07b768ad0f1b6bb979337ff7c20d2dc7b6b6acfe7270adda5c89c3dc36653baf48e5c1d56352ea5fb3cb6405ca30a196f2c16ee609434b09284a6c85248c617409dd10c0de68232fd03c3bb8c8de7d296030b0baa568e290ec65bb1b8136b251b5861a02558fc256f1c6160850125b7955b57c12b5a168c8ca4a0adad753a7f9ead0cbaf649c47445f0b7a1e17af168ddda3d06a55fb83ebdff937534b77ccc1b2718993d0d373e29922439a579a06afa55ce78e0d4cae46b83934993420e1a22f32161ce8144b4051a230ba135d65ea2164137b06c5c0863f5d22805d1b28a904933b8f279a8638a55c75dc2182c5bb694a958138fbdfc508348f73b75110772dab61d0a57f03b9888cae1d262c08d8e4e3b702d22aefb52b903cac474aaca71f80e27aede7b213aff73f70ceffa74939dbaa91c6ccf37defebf2e46179c046f3259095dd50037a3fddecffcd9fdee97884d02cbdbdb95b6aac9b44f851715c489b892a85805065684b96ae80ad6d727a0b5b5558065b82eb0da30efbedfa68a3b4c7d7f87fa3704af437d2dd7c3b6a9ebdd5d9df0ce77be8341bf6cba7f22742b578c77d0184d06d8e28e034d1b05c0ad37a7f6be7d6deed88762b43857be69c06c39b43b79cbe302b63ed11cd08fbb44b65282874d02542b5c25b294107401c3bb364d2ac61a43c18a85020c8f8c401453f04cb9eaebeb61d1c285d0d8d40811d32c4d8352eace7aec4c31eeef608d3361c96bb7d5342a554f434b1ee618a674612ae764368b70e6f469181e1ee6d77c05ac7d22078d93bd94dbd0352cec49def4142b2faec91e5f1bb773cd7d91b6c1f3b1459784a2215cd8ee3624542ea870ba59a05259ca42a1386ed7a689c65c6a41f72f1e8b437373138fb3b09b13361afff4a73bd9f628ac5f7f2dc4d81294071fbacfde561c044aa897d9716619e7331cbb6e306eb0e56d5e4c3accdc49543977c239eab5290663b52078ea7e742107fafba1b7f71257e11b6eb81ee6cf9f3fa37ec931a05363bc8228a96375ab07850a1a627f46409712e0055d4a9d34a9649632c5d4267c9cd6c463ae7a4cb5333710979815c4128d4614c5f02afca64d9b60dbb66d5c2dd6ac590b8b972c164f1b25ee238afd02e750e641a680254d541d83fdb3451d511f9355ba0e651324b8c4e9df53a9140c0d0ef01b12ba94b7dc720b2b375f91dfa7b7b7b712d0a90a6709e046c1dfa86d0b38b3a264046c0555ddf468810ab9946e5b14d0d027a1060b4eed96483440b2a19ea9538cb767a14b28cf25eb3219a3657ce9d22570cf3df7c0eedd2fc1ebafbf0e9d9d9db060c102a61cf37807e092605840e85c03f1544d6456b9c051a184c2ed74dfa7ac53dfbabf4900950c152c9bcd423a9d863c8b27d1f5455bb366355c7ffd26dedc70a5acbbbbbb124a275d414ba8555e00271ffc21ef42c5800a5ad596a19cf14993fff2a77fd625e384e69666d8b8715349bf42042a623a7116aa17660a3115ef298137c77e1870eeacc38ac2a92a820af2eaabfb18705dfcbc262bb8c4de1cc9c62457c938cf4ed681892ea29066aa74f1f2254ef8365b5957131fb69b40c16d0818c665050615c2c50163af7961dbb0b901e3cab56bd77077f84a1a82ffc31ffe982db39bfef6a1bfd93f95730492296a42c500ff33e5d4e6042bd0b4505523be677ceb3c836e23ab805b5a5b5bb76cb8eeba0ee60eb6d437d46fc264464274732a551b5231e0e47b11bc3367ce4057f7491861ee6d4480172c98b9c406676c0e70b645f9c4a984cf64eccce948d8d2906e22b69b09886ccb76012b140bdc4d745f8bd2dcd4042dad2db090a92dc69dc1e4d295b21d3b76c2d9b367f0b33733e09e9dea7902d0a9994cf575d8a053a836d8aa02b8a03dfd8b67beb860fefc07c6fca3a60138f55c58f1317e191e1e81fe8141de549067db54f0103abe94dba2de7a54bcc68ec8782e0f2a0f2e0e288316d513cfd5dcd4c8554c8e7b5341bbd2c03dfbec7370e4c851dec9e072811b03bc71b369d538216ca4da2e187b5034616f8d32ea76250cdd581c67b6640929713fd10d348801236cdd104a864b621a7c3bdf6610d1e0ed345263fd31995b8c6ea4841520bc21fecd3474695f7ae9653876ecd8b46431057874a2c756a345aaf1a22ff5f6f1ceb9a669cea8ebc23169b2a9a0a5a5d98305bc871f0655a934c33a33bff3fefe7ef8f5af5f60cade37ad9fa31f393c030defb47d7dfd3c63a86dfaedc0810370e8d01b9820d15fc62c048ecf75822e1b76d265f11cef56a5adf28649a2bd7b5f65aef2088f37b5cd4ee03ae40ab6479d3d778ecfd7917026c2d15601c3f6b523478e713752ed58ad6d96ba94aa6186efc2858bd0984cf2b809930edaa6e0a6170a70eae429387aec1853b4516544c3d8de462532941ab82ab4d4680a46474779ea1cc19bc6c1973565172e5c8053a7cec039e629a09a4d4ed1c843fa1b9ca5c079e08dc2683acde7ffc046e864b241ffca8a611b5f7fff005cbcd803e7196c98809aa2dbd84d88066e3600d73d9183d2990c64b2193ec10e8297483800ce46c30453efa55ee863a0c9b88c77279b7a7c36c860bbef6fbef1b5218dd0e48c54e345ffe4f1edbf623ff8667f8f10315c46e93d22b7b93d4688336200fb3de2c86c6cc09e4a4f93d2fd816b002819a9eeac4fa61daedc0874675ff01c6a4c8b0a3f34342c66f31a70fb6a6223bbeca7298173fb728a6db6d8a6bee6132e59b6eceb39c8b66dfeebaf3fb85fe3337b5cca07c099a074d296c9667991436d24784e89f265b5582693855c3e07e97486c5af691ec362e6d65660a9b06186788b866d96291cda635b77fc898c2126a3703e4502ef38f77dec1f82875daf5009711f4e5b8786dbb177cb955238ec918f6d8d857cc11d29c021c3213aac84a956b972b90ac794ed21b6fec0835ffdb27623672370688f6ffbe91751ed2a0d9cfb5e754a0331e25b9e0b3b15cbfd0821c228df2fdd4ff7eb0d3ea949998b0541421024141cb2a2c53b06f3be96d841982f3d48ac31209a06e07631e01ef8f2fff8924effcf76e0d0b66edff97eb6789855f0962b095c582ce7db06507a2d621fafc89657d94b0b9d09c075a3a27de981cf3fa231d1c0f96cdb8e9d389fe143ac5adfa781bb6ce076b16d0f7de1bfdfbf4de3a1811bd3b6ef78e26e56ab1f90194c0ddc84811b64eb0f23689ffdf3cf9cd45868e026653b763e7937abdc5b58fddea2812b7b2c42b6955dc3d6cffce9a7b59a69e02edf9ef8d9d338286d8b031fd9a481b33ad872177bbdf5d39ffa844e8268e0a6cf9e7cea17cbd95f8baee67dec252e5b6601701d5810322c1fffa3ffa0dd450ddc9b634fffe299bb19069b9c780f98fa91f62a07ae5b02e6a4f269c7bfdff261dd66a6819b99f6ccaee7d0fddcc4d040f563f0413b7743015a661870bbd8faa050ae6e065cf7bffbb7bfa7dd430d5cedd8f32fecdec8c1030e61bb8008d5b145018ebf9e0270dda248e0d83aed16c07533e0ba197083efbaf71dba3b95366ddab469d3a64d9b366ddab469d3a64d9b366ddab469d3a64d9b366ddab469d3a64d9b366ddab469d3a64d9b366ddab469d3a64d9b366ddab469d3a64d9b366ddab469d3a64d9b366ddab469d3a64ddb9b65ff5f800100ee63ddcac18541a50000000049454e44ae426082, 'application/pdf', 0xffd8ffe000104a46494600010100000100010000ffdb0084000906070f100f0f101010100f0f0f0f100d100f0f0e0f0d100f101411161714111514181d2820181a261c141421312125292b2e2e2e171f3338332d37282d2e2b010a0a0a0e0d0e1b10101a2e241d242c2f2c2c2c2c2c372c2c2c2c2c2c2f2c2f2c2c2c2c2c2c2c2c2c2c2c2c2c2f2c2c2c2c2c2c2c2c2c2c2c2c2c2c2d2c2c2c2cffc000110800cc00cc03011100021101031101ffc4001c0000010501010100000000000000000000000102030607040508ffc4004510000103020203090e040601050000000001000203041105061221410713315161717281b1172224323452535462a1a2b2c1d1142374911542738292b3f016253344c2ffc4001a010100030101010000000000000000000000010405020603ffc400331100020201010604050402030101000000000102030411051214313351214171a115223281b1136191d152f03442c1e123ffda000c03010002110311003f00dc50020040080100200400801002004008010020040080100200400801002004008010020040080094053f1dcff4d012c81a6aa41abbc768c40f4f5dfa82949b7a221b496acabd4676c4e4f177a841d8d65c8eb75d588e2d8fc8ab2cea63e7a900cc98a1ff00d9f859f65d7073ee8f97c4aaecc70cc38a7acfc2cfb27073ee87c4aaecc70c7f14f59f859f64e0e7dd0f8955d98e18f629eb3f0b3ec9c1cfba23e2557663863b89facfc2dfb27073ee87c4aaecc70c6f13f59f85bf651c24fba1f12abb31dfc6b13f59f85bf64e127dd0f8955d98a319c4fd67e16fd938498f8955d992c38c6224f7d5561d16fd938498f8955d988ec6711f59f85bf64e1264fc4aaecce69b1fc4f81b53d7a2dfb29e0e7dd1c7c569ecc87f8f62deb43fc59f653c14fba1f15a7b313f8fe2beb5f0b3ec9c14fba1f15a7b310e60c5bd6be167d93829f743e2b4f6634e62c57d6be167d93829f744fc529ecc56669c59baf7f6bb91cc611d88f0acfd895b4e97dcf4f0fdd1ea23205553b5ede03242741c396c6e0fb97c274ce1f522d559355bf4b2f982e374f58cd38240fb5b49bc0f65fce6f085f23ee7a28010020040080cbb3ae697d4bdd4d4eed1a76f7af7b4eb98edd7e676afad353b1e88f85f7c6a8eacad431068d416ad7546b5a230eeba76bd64c9da17d0f812b42839240840f0807b5402408078402850070402a12412497e6ed5d247ca53d7904336813a81b8235a968f9496a42549d0d2a00d2a4113949246e524913949d222a6964a795b353b8c72378b808da08da39151c8c44d6f439f635b133da7b9672eff00d9aee53cc2cae834ec1b2b2cd963bf8aef387b26c6cb2cda3dc4008010157dd03153052ef6c3692a098c5b8432ddf9f781d680cbe26d8596d535aae3a1e7b22e76cdcbf8266afa15c95a872c90282091a840f0807b5401e1081e1401c02123906a4323efccba48f8ca5a91a9391100d2a40d280694044e524a237293a227292489c549d1df96b14349571cb7b46e3bdca361613acf570f52c9cdab765bcb93fc9bdb3afdf86e3e6bf06d415234410020332dd167d3ab0dd914600e771b93d9fb2fb63c75b115f2a5bb548ab05b0603246a1cb26621cb240a0e490201e100f6a8207a01e1401c8089eebf32e92d0f94a5a8c5270214034a9034a01a4a01a50923729044e2a4e889e57474889c84a2322fa956cc8eb53fd8bfb3e5bb72fdcdab2c549968e9de7877b6b4f3b45afee58a7a13d440080caf3c0f0b98f43b02b18bd5455cde8b2ba16b1824ad439256a1c923541048100f6a10481401c100f0a011bdf7e65d247ca52d46852722a1025949034a01850918500d2a41138a92489c549d11b8a925113949d21b16b705f0cae8c8b985d789afe49f2187fbbe62b08f487bc8010197e766f84ce7959d8158c5eaa2ae6f459596ad730592b50e495aa0e592050412c645c5c5c5f58e350432471049b0b0bea1c3640b90a100f0806c8fd8a523e727e432eba3814150070439140423518e0a411b909232a40c7142489ca49232e52490b8a93a22715d1d21d49ae46f3fd157cae8c8b785d789b064d1e071f3bbe62b08f4a7b88010194e7e98b2a273c22ecd5d415ac35ada915339e94b2b3054b5dc06c788ea2b5dc5a3054933a9ab82192b50e59285040f6a0240a081e1003df6447327a115d767c85ba01414207028727453b9b7ef9433e72d7c88a622fa90e91cee2a4e889c549246e2a4923715249138a92489c549d2227152744b876b998394f62f86574645bc1ebc4d87280f048f9ddf315827a53da40080ca37446fe6541e5676056f07ac8a79fd065158b74f3875c352f6edbf21d6b8714c6f3476c55c368b736b5c3ac9df3ae3a861fe61d7a970e2d0de47430df835df8b5ae492e18464e2e687d439ccbebded96d203da2780f22a3665e8f481a946cdde5ad8f4fd8f63fe91a3b5b45f7e3df1d7fb2f8f15616fe1d4767fc9e2e3593dcc6992073a4b0b98df6d2b7b2470f32b1565a6f49947276634b7ab7afec54aeaf18c7b38060125512ebe844d362f22f73c4d1b57c2ec855f879973130a791e3ca3dffa2d70e4ea403bedf1e78cc9a3f2d95179963e46bc76550b9eafeffd105664b8483bd3dec76c0e21edfbfbd770cd92fa91f2b76456d7c8da7fc94daea692091d1c8345cdfd88d841da168426a6b791837532aa6e135e22e1f4525448238c5c9d649e06b76b89e25164e35c77a4754513ba7b902e1499269c01bebe491db6c446df76bf7aa12cd9bfa5686ed7b22a4be76dbfe092a324d23877bbec678c3f4bdcebae566d8b9e8cee5b2686bc355f7feca6662c065a370d23a7138d992016d7e6b86c2afd17c6d5e1ccc8cac39e3bf1f14f933c371564a844e2a4e889c549d1138a924e8c275cf18e53d8557cbe8c8b983d789b1e541e0ace93bb5609e90f61002032ddd1077d53d267d15bc2eb229e7f4199fb56e9e7499aa0e495a8413b4ae4e742cd906884d5ac2e176c2d335b6170d4df79bf52a9993dda9e9e7e05dd9d529deb5e4bc7fa3589640d6b9ce366b4171276002e4ac64b5f03d2b7a2d594397747b49aa94986fe36fa049a3e7685add575a0b67b6b9f8990f6bc14b4ddf0ee5ea9e76c8c6bd86ed7b43da78c1170b3da69e8cd78c9496a8cbf394061ae918c034640d95a2de7ea3f102b6715ef549bf23caed183af21a8f9f8afbfff004d270aa510c1146d160d600794f093fbdd6459272936cf4d456abad41791e0e66cde2925de5916fd206873eefdedacbf00bd8926dafac2b34623b63bcde88a599b4638f2dcd3567a596f1c656c45e1a58f63b41ec274b44dae083b415f1be9754b4658c4ca8e443797dcf27741a50628e6b77cc7ef64fb2e04f68f7ab1853f99c4a3b5ea4e0a7e69e9fc92e41a40da774b6efa57917f65ba80fdeeb9cd9eb3ddec77b26a51a9cfcdbfc1e9e63c6db471090b4c8e73b4191820691b5c927600070af8d34bb65a22e6564c6886f33cbcb39bff00172ef3245bcbc82e616c9be35f6d65b7b0b1b5cf515f5bf11d71de4f5457c4da11be7b8d68cf6330d1367a59a323f90b9a789cdd6d23ac2f8d13709a659caa95b54a2cc6095be793446e7292485c549d119284a3ab043e131739ec2abe5f4645cc2ebc4d9b2bf9337a4eed5827a43d640080cbf7431e53d267d15bc2eb229e7f4199eb56e9e7895aa0e495aa082662820bbee5fe5337f447cca867fd0bd4d3d95d497a17dc73c92a7f4f37facacdaba91f546c6474a5e8ff0006232bee7dcbd0a5e078d91b4656f21a4fd3c5f2858191d597ab3d7e1f421e8bf052b7457015f013b218c9e612bd6860f8d2fd5fe0c6dabe19307fb2fcb34763ae011c0402164b3d1232cdd029dccaf91c46a9991c8d3ccc0c23e1f7adac2927525d8f2bb56b71c96df9a4fdb4ff00c132ae676508943a2925df0b48d02d16b0db729938ced6b47c8eb6766c31e32525cce9cc79ce3aba730b21963717b5fa4f2cb77a783515f3c7c39573de6d1f6cdda15df56e453d7545b3214a1d41171b5d234f3ef84f610a9e62d2e6696cb7ae347eff009383749809821907047216bb934c6a3fb8b75afa6035bed7ec7c76bc5bae32ecca4e09890a6a88e7735cf0cd2ef5b60e37691aafceb42eadd9071464625aaab54df916b9b74684b5c3f0b3eb0478d16ab8e7545604f5e68d87b52a6b9333f7b96a18242e729248dc549246e2a4e8ecc08f84c5ce7e52abe5f4645bc2ebc4d9f2cf9337a4eed5807a43d640080cc7743e0a9e933e8ade175914f3ba0cce9ab74f3c4ad50412b54104cd2a082efb97794cdfd11f32a1b43e85ea69ecaea4bd0bf63c6d4955fa69bfd6e59b4f523ea8d7c8e94bd1fe0c28397a33c71d9162954d01ada9a86b5a2cd6b65706b40e000712f93a6b6f5714588e5dd14a2a5e0864f532486f2c8f95d6d1d291c5e40e2bf16b2ba8c2315a45687c6db676bd66f5359c918c0a9a46027f3a1022946dd5e2bf988b1e7bf12c4caabf4ec7d9f23d4e05ff00ad4a7e6bc19d19a301656c3a3e2cacefa27f11da0f21518f7baa5af9798ccc48e4434f35c9991d752c9048e8a56963d86c41ed0768e55b909c66b7a3c8f2b6572ae4e325a339f49747ccbcee698c86b9f48f36d326586fb5c077ece7b0bf51e259b9f537a58bee6eec7bd2d6a7eabff4bed6d2b268df1483498f696b8722cd849c5a92e66d595c6c8b8cb93320ccb81cd432e8baef85c4ef52db53879a789c3896ed1746e8eab9f9a3cb6562cb1e5a3f15e4ff00df33c8d35f6d0ae46e729248dc50e88dce52491b8a1d1db97cf8543d23f2955f2fa322de175e26d796bc9dbd2776ac03d19eaa0040665ba27054f499f456f0bac8a99dd06670d5ba79f256a839256a804ad2a0e742efb96f94cdfd11f32a1b43e85ea69ecbea4bd0bf660f23abfd34ff00eb72cda7a91f55f935b23a53f47f83086b97a43c78f05401c0a11a1df82e2f2d24cd9a23ac77af613decacdac3f43b0af95d4c6d8eeb2c62e44a89ef2e5e66c380e350d6c22584fb2f63b53e376d6b87d76ac2b6a9552dd91eaa9ba16c77a273e67cbd1d6c763664cd1f972f17b278da5778f912aa5fb79a3e199871c88e8f9ae4cc7eb69a48647c523745f1bb45c3978f9b6add8494a2a4b91e5a75cab938cb9a21648e690e6b8b5cd21cd737516b86b04296935a310938494a3cd1aae4ccdccac6886521956d6eb1c0d980fe767d5bb3996264e2ba9eabe93d3e1e646f8e8fea2c58850c55113a295a1ec78b107dc41d87955784e5096f47996ecae3645c64b546359ab0092826d13df44fbba293ce6f9a7da0b7b1ef57475f3f33cc6562cb1e7a793e4cf1f4eebeda15d0c7143a18e287446e2a493bb2e9f0b87a47e52ab65f4645bc2ebc4db72d793b7a4eed5807a23d540080cc7744f16a7a4cfa2b785d6454cee8b3386adc30095a8412b54104ad2a08d0bbee59e5537f447cc150cffa17a9a5b2fa92f42ff987c8aaff004b3ffa9cb3a9ea47d57e4d5c8e94bd1fe0c11a57a43c89a1e0db9fc53d34131a891a6589921686b0805c2f60b2edcf9426e3a2f066cd3b2e13ae32727e2b52bb9bf046d0cec89923a40e884b77000825ce16d5d156b1ae7741c9af32866e32a26a29ebe1a9e29040078d59291d783e2b3524cd9a13670d4f61f16566d6387d762f95b4c6d8eec8b38d912a27bcbee6d9836251d5411cf1f8b20bd8f0b5c0d9cd3ca082179fb2b75c9c59eaaab236414a3c994bdd530c1a31553459da5bc4878c104b49fd88eb5a1b3acf1707ea64ed7a568ac5e8cceae7fe05aa6188d7b9a5ae69731ed21cd7025ae6b8701051a4d68cee12941ef4799afe43ccdf8d84b2523f1308024b00048d3e2ca072db58e3ea585978ff00a52f0e4cf4f8595faf0f1e6b99d99d30a155452b2ddfb1a668ced0f68bfbc5c75ae316dfd3b13f2e4ceb32956d4d79f346181cbd09e5d0e2e50768612874464a127a1974f85c3d23f2955f2fa322d61f5e26df967c9dbd2776af3e7a23d540080cc37453aaa7a4cfa2b785d6454cde8b3386adc30495a841235411a12b4a805e372b77854c36987ffa0a867fd0bd4d1d99d497a1a066004d1d581ac9a69c01c677b72cda7a91f55f9356ff001aa5e8ff0006000af4a792d0deb2a348a0a3075114f15ffc02f3991d597ab3d5e37461e88a26e8cf1fc5297922809eb9dff65a385d097dff00064ed1ff00930fb7e4d3379679adff0010b27566e6eaec61f9b068d7d58b5bf3de6dc84dc2f438dd28fa1e57317ffbcfd4be6e4ef71a59c1f144fdef3960bfd166ed14bf517a1afb25bfd269f73bb74bb7f0d92fc3be456e7d31f4baf9e0f597dcfaed2ff8efedf927c84c63b0da53a20f7af172d1b2578fa2e731b574bfdf23ac049e3c7fdf32a7badc604b4a400018e41a801af482bbb35fcb2286d65f347ee797b98bdc31265b81d0cad7746c0f686afae7a5fa3f73e3b31b57fd8d7e7b683afc1a26fcd6588b99e85f23e7394f7cee91ed5ea1723c8b5e2c8f4909404a83a185ca493d3cbad1f8885da5af4c8b7f695f0cc4b87932c61b7c445686dd963c99bd2776af3a7a33d640080cbb7453e53d267d15bc2eb22a66f4599cb56e1844ad50091a541048d420f5f26e36da5af8a479b44ebc121d8d6bf81e7903836fc975f1caa5cea6973e658c2b772e5af27e06e5a88e30473821601e88aa3b73dc3ccbbe68c8069696f4243bdf0f05b86dc975738ebb774d4a3f0ea37b5d3ec5a806b5bb1ad68e60d007b82a9ccbbc8c333762e2aaba69987bc0e0c88fb2c160e1ce6e7ad7a0c5ab72a51679acdb7f52f725e5cbec6c196316655d245334eb2d0d91bb59237539a7aff7041587756eb9b8b3d0d16ab20a48e3c732751d5cbbf481ed90801ce8dda3a600b0d216e1b6abf22fa55976571dd5c8f85d8355d2de92f13d5c270c869626c30b7458d24eb25c4b8f0b893c257cacb2564b7a5ccb15550aa3bb05e051b759c5dba315234ddfa4279003e28008603cf727a95fd9d53d5cfec66ed5b56e2ad79f89d1b94e2ed740fa42409227191809d6e8dc75db99d7fdc2e76854d4f7fc99decbb53af73cd16ac7b02a7ad8c473b490d3a4d734e8b9876d8fd153a6e9d4f58976fa21747499cf97b2b52d0973a16b8c8f1a2647bb49da37be88e21a87ecbbbb2676f84b91c51895d2f58af1199d7186d2514af2469c8d30c4ddae91c2dab985c9e40a31aa765891d64daabadc9983dd7a33cb8d250eb4134941d21a4a1d1df974f85c3d23f2955b33a322ce1f5a26eb958f8337a4eed5e7cf407ae80101966e8c75d48f699f456f0bac8ab9bd1667616e18448d50091aa00d9a5b0b0e13d8ba8a39673dd767ccb565dcfb5b46c111d1a985ba9ac95c44918f35b26d1c8551bb06163d57833468da1282d25e258fbac8b790bf4bf50cd1bfed755be1b2ff0022d7c4abd3915bcc59e6b2b5a623a34f03b53a38892e907139e76720b75ab54e142b7abf1653bf684ac5bb1f045701570ced0f4704c7aa68a43253c9a3a56d38de34a2900f386c3ca35af8dd442d5a48b38f933a5f872ec5d29f757701f99444bb8e29dba3f10bacf96cd7e5234e3b4e1e68e4c4f750aa91a5b4f0329efab7c91fbf3dbccd000bf3afa57b3a29eb27a9f3b369f87c88a44d3bdee73e47ba491e749ef79bb9cee32568c62a2b45c8c99c9ce5bd2e62d3554913db244f7472b0dd8f69b169fa8e43a8a89c2335a49781d5764ab96f44bc61dba9d431a054533262078f149bd1772969040ea2b3a7b353fa59ab5ed35ff744d55bac3c8fcaa2d1771cb382075342e63b35ff00da4772da70f2451f1ac6aa6b24df6a24d370b86b1a34638c1fe56376739d678d68554c2a5a451997e44ee7f31e792bec7c741a4a13a0d25091095049db803bc2a1e91f94aad99d1916b0fad1378ca47c119ceeed5e7cdf3d940080ca37473dfd48f6a3fa2b785d6455cce8b33e6adc3109185411a1255540bdec01b7005d3f999c25ba8e3d2bae8816e840a0a11a0a1c834174908d05d2423416e8340ba00ba012e8340d241a09742741b742740ba1236e848d2500d25091a4a1d1db821f088b9cfca556cce8c8b389d689bd64e3e071f3bbe62bcf1bc7b68010191ee90efcea81cb1f6056f0bac8ab99d1650c2dc31447ca073a25a9073975d7670282840f691b5490c2ea00b741a0a10816e8405d005d005d005d005d0912e804ba1221280692848d2509109424692a093af0975a78f9cf6155b2fa322ce275a26f9924f80c5fddda579f374f75002031ddd2e402a2707d8ec0ade175915733a2ca03e63b3576addd0c4d4602a4815490381163c37d9c4a7c3423c750ba802dd08d05ba0248e62dbdb68b2e9368e6514f98dbae490ba00ba00ba00ba00ba01349091592917e0d62dad74a5a1cb8ea464ae4ec4ba1225d0084a8246dd41274e1a6d2b39cf6155b2fa322ce2f5a26fd914f8043fddf315806e1efa004062bba883f8c9b95ac72b584f4b915b2d6b4b288b7cc3040174205ba0154902dd005d0816e8340ba016e8405d005d005d09d04ba0d02e83412e848974025d412214025d41222124f45ff0091bc973ee55b31e94c8b388b5b51bfe421ff006fa7bf9a4fee5601b6585002032add728089629addebd86371e51c1f55d426e12525e47338a945c5f9997916d4bd2c64a4935e679e945c5e8c174720801005d0816e802e805ba9202e802e802e802e802e802ea009740174244ba012ea09d04424100880ebc3a22e7003c6710c6f392b33685be0a0bd4d1c0afc5cfec7d1f81d26f34d0c7e646d1ee594699dc80101e2e6dc185652be3fe600b98789c80f9fabe95f1c8e63c68bd86c42d0c3cadcf925cbf050cbc6dff9e3cce55b0648290080100200400802e802e8405d005d005d090ba012e802ea0088482004022824568baf8df7c6a8eacfad34cad9688d07730cba67984ef6fe545adb71e33960ce6e727266e420a115146ccb83a0400801014acf39259580cb1599381c5e37214063789e19353bcb2661611b6da8ab54e5d957873456bb161678f26715d5f8ed0adf34d14658162e4d305df1d4f7f638e0aeedee0a78fa7bfb0e0aeedee174e3e9efec382bbb7b85d38fa7bfb0e0aeedee09c7d3dfd8705776f704e3e9efec382bbb7b8271f4f7f61c15ddbdc138fa7bfb0e0aeedee174e3e9efec381bbb7b889c7d3dfd8705776f704e3e9efec382bbb7b8271d4f7f61c15ddbdc1471d4f7f62782b7b7b8271d4f7f61c15bdbdc44e3a9efec382b7b7b82879d4f7f62782b7f6fe41a2e6c359e20abd9b43fc17f27debc0ff37fc173ca19167ab735f2831c2359b8d6e59d39ca6f593f12fc6118ad228daf0da08e9e36c51b435ad16d4b93a3a90020040080101c588617054374658daf1ca05d0154aedcc686424b74a3bf12038bb93d2fa57a00ee4f4be95e803b93d2fa57a00ee4f4be95e803b93d2fa57a00ee4f4be95e803b93d2fa57a00ee4f4be95e803b93d2fa57a00ee4f4be95e803b93d2fa57a00ee4f4be95e803b93d2fa57a00ee4f4be95e803b93d2fa57a01d1ee51480eb91e471203dfc2724d0d3d8b630e70dae17405898d00580000d835201c8010020040080100200400801002004008010020040080100200400801002004008010020040080ffd9, 'image/png', '2015-11-02 17:44:06', 'aa', '2015-10-30 05:39:08', 'lcu2');

-- --------------------------------------------------------

--
-- Table structure for table `user_education`
--

CREATE TABLE IF NOT EXISTS `user_education` (
  `GUID` varchar(36) NOT NULL,
  `USER_DETAIL_ID` varchar(36) NOT NULL,
  `EDUCATION_LEVEL_ID` varchar(36) NOT NULL,
  `INSTITUTE_ID` varchar(36) NOT NULL,
  `MAJOR_ID` varchar(36) NOT NULL,
  `NAME_TRAINING` varchar(255) NOT NULL,
  `CERTIFICATE` blob NOT NULL,
  `TYPE_EDUCATION` char(1) NOT NULL,
  `START_YEAR` date NOT NULL,
  `END_YEAR` date NOT NULL,
  `DTMCRT` datetime NOT NULL,
  `USRCRT` varchar(30) NOT NULL,
  `DTMUPD` datetime NOT NULL,
  `USRUPD` varchar(30) NOT NULL
) ENGINE=InnoDB DEFAULT CHARSET=utf8;

--
-- Dumping data for table `user_education`
--

INSERT INTO `user_education` (`GUID`, `USER_DETAIL_ID`, `EDUCATION_LEVEL_ID`, `INSTITUTE_ID`, `MAJOR_ID`, `NAME_TRAINING`, `CERTIFICATE`, `TYPE_EDUCATION`, `START_YEAR`, `END_YEAR`, `DTMCRT`, `USRCRT`, `DTMUPD`, `USRUPD`) VALUES
('b35a0c6c-7ee6-11e5-bc1f-28d244bd1b19', 'b3446847-7ee6-11e5-bc1f-28d244bd1b19', '0cb8faf3-3ff8-11e5-a15a-00ff7f4e65c4', 'f197a48b-741d-11e5-8c47-28d244bd1b19', '', '', '', '', '0000-00-00', '0000-00-00', '2015-10-30 16:15:02', 'azizah', '0000-00-00 00:00:00', ''),
('cdb3b5f9-7ec7-11e5-aa82-28d244bd1b19', 'cd9b386f-7ec7-11e5-aa82-28d244bd1b19', '0cb8faf3-3ff8-11e5-a15a-00ff7f4e65c4', 'f197a48b-741d-11e5-8c47-28d244bd1b19', '9c8c9ca3-7e61-11e5-aa82-28d244bd1b19', '', '', '', '0000-00-00', '0000-00-00', '2015-10-30 12:33:51', 'user1', '0000-00-00 00:00:00', '');

--
-- Indexes for dumped tables
--

--
-- Indexes for table `assessment`
--
ALTER TABLE `assessment`
  ADD PRIMARY KEY (`GUID`);

--
-- Indexes for table `assessment_aspect`
--
ALTER TABLE `assessment_aspect`
  ADD PRIMARY KEY (`GUID`);

--
-- Indexes for table `assessment_element`
--
ALTER TABLE `assessment_element`
  ADD PRIMARY KEY (`GUID`);

--
-- Indexes for table `education_level`
--
ALTER TABLE `education_level`
  ADD PRIMARY KEY (`GUID`);

--
-- Indexes for table `guestbook`
--
ALTER TABLE `guestbook`
  ADD PRIMARY KEY (`GUID`);

--
-- Indexes for table `institute`
--
ALTER TABLE `institute`
  ADD PRIMARY KEY (`GUID`);

--
-- Indexes for table `internship_program`
--
ALTER TABLE `internship_program`
  ADD PRIMARY KEY (`GUID`);

--
-- Indexes for table `internship_project`
--
ALTER TABLE `internship_project`
  ADD PRIMARY KEY (`GUID`);

--
-- Indexes for table `internship_registration`
--
ALTER TABLE `internship_registration`
  ADD PRIMARY KEY (`GUID`);

--
-- Indexes for table `internship_registration_history`
--
ALTER TABLE `internship_registration_history`
  ADD PRIMARY KEY (`GUID`);

--
-- Indexes for table `major`
--
ALTER TABLE `major`
  ADD PRIMARY KEY (`GUID`);

--
-- Indexes for table `master_topic`
--
ALTER TABLE `master_topic`
  ADD PRIMARY KEY (`GUID`);

--
-- Indexes for table `member_of_group`
--
ALTER TABLE `member_of_group`
  ADD PRIMARY KEY (`GUID`);

--
-- Indexes for table `message`
--
ALTER TABLE `message`
  ADD PRIMARY KEY (`GUID`);

--
-- Indexes for table `ms_group`
--
ALTER TABLE `ms_group`
  ADD PRIMARY KEY (`GUID`);

--
-- Indexes for table `program`
--
ALTER TABLE `program`
  ADD PRIMARY KEY (`GUID`);

--
-- Indexes for table `quota`
--
ALTER TABLE `quota`
  ADD PRIMARY KEY (`GUID`);

--
-- Indexes for table `quota_per_unit`
--
ALTER TABLE `quota_per_unit`
  ADD PRIMARY KEY (`GUID`);

--
-- Indexes for table `selected_topic`
--
ALTER TABLE `selected_topic`
  ADD PRIMARY KEY (`GUID`);

--
-- Indexes for table `unit`
--
ALTER TABLE `unit`
  ADD PRIMARY KEY (`GUID`);

--
-- Indexes for table `user`
--
ALTER TABLE `user`
  ADD PRIMARY KEY (`GUID`);

--
-- Indexes for table `user_detail`
--
ALTER TABLE `user_detail`
  ADD PRIMARY KEY (`GUID`), ADD UNIQUE KEY `USER_ID` (`USER_ID`);

--
-- Indexes for table `user_education`
--
ALTER TABLE `user_education`
  ADD PRIMARY KEY (`GUID`);

/*!40101 SET CHARACTER_SET_CLIENT=@OLD_CHARACTER_SET_CLIENT */;
/*!40101 SET CHARACTER_SET_RESULTS=@OLD_CHARACTER_SET_RESULTS */;
/*!40101 SET COLLATION_CONNECTION=@OLD_COLLATION_CONNECTION */;
