-- phpMyAdmin SQL Dump
-- version 4.3.11
-- http://www.phpmyadmin.net
--
-- Host: 127.0.0.1
-- Generation Time: Oct 30, 2015 at 02:41 PM
-- Server version: 5.6.24
-- PHP Version: 5.6.8

SET SQL_MODE = "NO_AUTO_VALUE_ON_ZERO";
SET time_zone = "+00:00";


/*!40101 SET @OLD_CHARACTER_SET_CLIENT=@@CHARACTER_SET_CLIENT */;
/*!40101 SET @OLD_CHARACTER_SET_RESULTS=@@CHARACTER_SET_RESULTS */;
/*!40101 SET @OLD_COLLATION_CONNECTION=@@COLLATION_CONNECTION */;
/*!40101 SET NAMES utf8 */;

--
-- Database: `internship`
--

-- --------------------------------------------------------

--
-- Table structure for table `assessment`
--

CREATE TABLE IF NOT EXISTS `assessment` (
  `GUID` varchar(36) NOT NULL,
  `USER_DETAIL_ID` varchar(36) NOT NULL,
  `ASSESSMENT_ELEMENT_ID` varchar(36) NOT NULL,
  `VALUE` int(11) NOT NULL,
  `GRADE` int(11) NOT NULL,
  `TOTAL_VALUE` int(11) NOT NULL,
  `AVERAGE_VALUE` int(11) NOT NULL,
  `FINAL_GRADE` char(1) NOT NULL,
  `DTMCRT` date NOT NULL,
  `USRCRT` varchar(30) NOT NULL,
  `DTMUPD` date NOT NULL,
  `USRUPD` varchar(30) NOT NULL
) ENGINE=InnoDB DEFAULT CHARSET=utf8;

-- --------------------------------------------------------

--
-- Table structure for table `assessment_aspect`
--

CREATE TABLE IF NOT EXISTS `assessment_aspect` (
  `GUID` varchar(36) NOT NULL,
  `ASSESSMENT_ELEMENT_ID` varchar(36) NOT NULL,
  `ASSESSMENT_ASPECT_NAME` varchar(255) NOT NULL,
  `SEQUENCE` smallint(6) NOT NULL,
  `DTMCRT` datetime NOT NULL,
  `USRCRT` varchar(30) NOT NULL,
  `DTMUPD` datetime NOT NULL,
  `USRUPD` varchar(30) NOT NULL
) ENGINE=InnoDB DEFAULT CHARSET=utf8;

--
-- Dumping data for table `assessment_aspect`
--

INSERT INTO `assessment_aspect` (`GUID`, `ASSESSMENT_ELEMENT_ID`, `ASSESSMENT_ASPECT_NAME`, `SEQUENCE`, `DTMCRT`, `USRCRT`, `DTMUPD`, `USRUPD`) VALUES
('00c105fe-7494-11e5-adc2-28d244bd1b19', 'f57a26c8-7493-11e5-adc2-28d244bd1b19', 'Hubungan Kerja dengan Karyawan', 2, '2015-10-17 12:57:52', 'lcu', '2015-10-17 12:57:52', ''),
('07467e42-7494-11e5-adc2-28d244bd1b19', 'f57a26c8-7493-11e5-adc2-28d244bd1b19', 'Tanggung Jawab dalam Waktu', 3, '2015-10-17 12:58:03', 'lcu', '2015-10-17 12:58:03', ''),
('14741155-7494-11e5-adc2-28d244bd1b19', '0cfc45dc-7494-11e5-adc2-28d244bd1b19', 'Kebersihan dan Kesopanan Kerja', 1, '2015-10-17 12:58:25', 'lcu', '2015-10-17 12:58:25', ''),
('1972ed5c-7494-11e5-adc2-28d244bd1b19', '0cfc45dc-7494-11e5-adc2-28d244bd1b19', 'Perhatian terhadap Intruksi/Petunjuk', 2, '2015-10-17 12:58:33', 'lcu', '2015-10-17 12:58:33', ''),
('1ec1f9a5-7494-11e5-adc2-28d244bd1b19', '0cfc45dc-7494-11e5-adc2-28d244bd1b19', 'Ketentuan Bekerja', 3, '2015-10-17 12:58:42', 'lcu', '2015-10-17 12:58:42', ''),
('2cf27faa-7494-11e5-adc2-28d244bd1b19', '274103a5-7494-11e5-adc2-28d244bd1b19', 'Sakit', 1, '2015-10-17 12:59:06', 'lcu', '2015-10-17 12:59:06', ''),
('32010e6b-7494-11e5-adc2-28d244bd1b19', '274103a5-7494-11e5-adc2-28d244bd1b19', 'Ijin', 2, '2015-10-17 12:59:14', 'lcu', '2015-10-17 12:59:14', ''),
('3617faff-7494-11e5-adc2-28d244bd1b19', '274103a5-7494-11e5-adc2-28d244bd1b19', 'Alpa', 3, '2015-10-17 12:59:21', 'lcu', '2015-10-17 12:59:21', ''),
('3abc909d-7494-11e5-adc2-28d244bd1b19', '274103a5-7494-11e5-adc2-28d244bd1b19', 'Lain-lain', 4, '2015-10-17 12:59:29', 'lcu', '2015-10-17 12:59:29', ''),
('c9fa4e13-7493-11e5-adc2-28d244bd1b19', 'a43defba-748d-11e5-adc2-28d244bd1b19', 'Keterampilan / Setting Up', 1, '2015-10-17 12:56:20', 'lcu', '2015-10-17 12:56:20', ''),
('d002fbcb-7493-11e5-adc2-28d244bd1b19', 'a43defba-748d-11e5-adc2-28d244bd1b19', 'Pemahaman Teori Tambahan', 2, '2015-10-17 12:56:30', 'lcu', '2015-10-17 12:56:30', ''),
('d5b5ac02-7493-11e5-adc2-28d244bd1b19', 'a43defba-748d-11e5-adc2-28d244bd1b19', 'Pemahaman Work Order (Proses Kerja)', 3, '2015-10-17 12:56:39', 'lcu', '2015-10-17 12:56:39', ''),
('dc5e6b11-7493-11e5-adc2-28d244bd1b19', 'a43defba-748d-11e5-adc2-28d244bd1b19', 'Efektifitas Penggunaan Waktu Kerja (Kesesuaian dengan Waktu yang diberikan)', 4, '2015-10-17 12:56:51', 'lcu', '2015-10-17 12:56:51', ''),
('fb7660a1-7493-11e5-adc2-28d244bd1b19', 'f57a26c8-7493-11e5-adc2-28d244bd1b19', 'Kedisiplinan', 1, '2015-10-17 12:57:43', 'lcu', '2015-10-17 12:57:43', '');

-- --------------------------------------------------------

--
-- Table structure for table `assessment_element`
--

CREATE TABLE IF NOT EXISTS `assessment_element` (
  `GUID` varchar(36) NOT NULL,
  `ASSESSMENT_ELEMENT_NAME` varchar(255) NOT NULL,
  `SEQUENCE` smallint(6) NOT NULL,
  `DTMCRT` datetime NOT NULL,
  `USRCRT` varchar(30) NOT NULL,
  `DTMUPD` datetime NOT NULL,
  `USRUPD` varchar(30) NOT NULL
) ENGINE=InnoDB DEFAULT CHARSET=utf8;

--
-- Dumping data for table `assessment_element`
--

INSERT INTO `assessment_element` (`GUID`, `ASSESSMENT_ELEMENT_NAME`, `SEQUENCE`, `DTMCRT`, `USRCRT`, `DTMUPD`, `USRUPD`) VALUES
('0cfc45dc-7494-11e5-adc2-28d244bd1b19', 'Kreativitas', 3, '2015-10-17 12:58:12', 'lcu', '2015-10-17 12:58:12', ''),
('274103a5-7494-11e5-adc2-28d244bd1b19', 'Ketidakhadiran', 4, '2015-10-17 12:58:56', 'lcu', '2015-10-17 12:58:56', ''),
('a43defba-748d-11e5-adc2-28d244bd1b19', 'Kualifikasi (Keterampilan & Pengetahuan)', 1, '2015-10-17 12:12:19', '', '2015-10-17 12:12:19', ''),
('f57a26c8-7493-11e5-adc2-28d244bd1b19', 'Kedisiplinan', 2, '2015-10-17 12:57:33', 'lcu', '2015-10-17 12:57:33', '');

-- --------------------------------------------------------

--
-- Table structure for table `education_level`
--

CREATE TABLE IF NOT EXISTS `education_level` (
  `GUID` varchar(36) NOT NULL,
  `EDUCATION_LEVEL_NAME` varchar(5) NOT NULL,
  `LANG_CODE` char(3) NOT NULL,
  `SEQUENCE` smallint(6) NOT NULL,
  `DTMCRT` date NOT NULL,
  `USRCRT` varchar(30) NOT NULL,
  `DTMUPD` date NOT NULL,
  `USRUPD` varchar(30) NOT NULL
) ENGINE=InnoDB DEFAULT CHARSET=utf8;

--
-- Dumping data for table `education_level`
--

INSERT INTO `education_level` (`GUID`, `EDUCATION_LEVEL_NAME`, `LANG_CODE`, `SEQUENCE`, `DTMCRT`, `USRCRT`, `DTMUPD`, `USRUPD`) VALUES
('0cb8faf3-3ff8-11e5-a15a-00ff7f4e65c4', 'S1', 'IDN', 6, '2015-08-11', 'admin', '2015-08-11', 'admin'),
('20976dda-3d97-11e5-901c-00ff7f4e65c4', 'D1', 'IDN', 2, '2015-08-08', 'admin', '2015-08-08', 'admin'),
('2558909f-3d97-11e5-901c-00ff7f4e65c4', 'D2', 'IDN', 3, '2015-08-08', 'admin', '2015-08-08', 'admin'),
('2669d853-3f0b-11e5-a15a-00ff7f4e65c4', 'SMK', 'IDN', 1, '2015-08-10', 'admin', '2015-08-19', 'admin'),
('3f85950b-3dca-11e5-901c-00ff7f4e65c4', 'D4', 'IDN', 5, '2015-08-08', 'admin', '2015-08-08', 'admin'),
('7d390b2e-3d9a-11e5-901c-00ff7f4e65c4', 'D3', 'IDN', 4, '2015-08-08', 'admin', '2015-08-08', 'admin'),
('caea31b7-44fa-11e5-aa2f-00ff7f4e65c4', 'S2', 'IDN', 7, '2015-08-17', 'admin', '2015-08-17', 'admin');

-- --------------------------------------------------------

--
-- Table structure for table `guestbook`
--

CREATE TABLE IF NOT EXISTS `guestbook` (
  `GUID` varchar(32) NOT NULL,
  `FIRSTNAME` varchar(30) NOT NULL,
  `EMAIL` varchar(128) NOT NULL,
  `COMMENT` text NOT NULL,
  `DTMCRT` datetime DEFAULT NULL
) ENGINE=InnoDB DEFAULT CHARSET=utf8;

-- --------------------------------------------------------

--
-- Table structure for table `institute`
--

CREATE TABLE IF NOT EXISTS `institute` (
  `GUID` varchar(36) NOT NULL,
  `INSTITUTE_NAME` varchar(255) NOT NULL,
  `INSTITUTE_TYPE` char(1) NOT NULL,
  `DTMCRT` datetime NOT NULL,
  `USRCRT` varchar(30) NOT NULL,
  `DTMUPD` datetime NOT NULL,
  `USRUPD` varchar(30) NOT NULL
) ENGINE=InnoDB DEFAULT CHARSET=utf8;

--
-- Dumping data for table `institute`
--

INSERT INTO `institute` (`GUID`, `INSTITUTE_NAME`, `INSTITUTE_TYPE`, `DTMCRT`, `USRCRT`, `DTMUPD`, `USRUPD`) VALUES
('f197566a-741d-11e5-8c47-28d244bd1b19', 'SMK La Tansa', '', '0000-00-00 00:00:00', '', '0000-00-00 00:00:00', ''),
('f197854a-741d-11e5-8c47-28d244bd1b19', 'SMA Daar El-Qolam', '', '0000-00-00 00:00:00', '', '0000-00-00 00:00:00', ''),
('f197a48b-741d-11e5-8c47-28d244bd1b19', 'STMIK Raharja', '', '0000-00-00 00:00:00', '', '0000-00-00 00:00:00', ''),
('f197c1dc-741d-11e5-8c47-28d244bd1b19', 'STMIK Palcomtech', '', '0000-00-00 00:00:00', '', '0000-00-00 00:00:00', '');

-- --------------------------------------------------------

--
-- Table structure for table `internship_program`
--

CREATE TABLE IF NOT EXISTS `internship_program` (
  `GUID` varchar(36) NOT NULL,
  `PROGRAM` varchar(50) NOT NULL,
  `DTMCRT` date DEFAULT NULL,
  `USRCRT` varchar(30) DEFAULT NULL,
  `DTMUPD` date DEFAULT NULL,
  `USRUPD` varchar(30) DEFAULT NULL
) ENGINE=InnoDB DEFAULT CHARSET=latin1;

--
-- Dumping data for table `internship_program`
--

INSERT INTO `internship_program` (`GUID`, `PROGRAM`, `DTMCRT`, `USRCRT`, `DTMUPD`, `USRUPD`) VALUES
('5b735728-7db6-11e5-8cd3-28d244bd1b19', 'Magang Industri', '2015-10-29', 'aa', NULL, NULL),
('6459eadb-7db6-11e5-8cd3-28d244bd1b19', 'PKL/KP', '2015-10-29', 'aa', '2015-10-29', 'aa'),
('6a182eca-7db6-11e5-8cd3-28d244bd1b19', 'Penelitian/Skripsi', '2015-10-29', 'aa', '2015-10-29', 'aa');

-- --------------------------------------------------------

--
-- Table structure for table `internship_project`
--

CREATE TABLE IF NOT EXISTS `internship_project` (
  `GUID` varchar(36) NOT NULL,
  `UNIT_ID` varchar(36) NOT NULL,
  `PROJECT_NAME` varchar(255) NOT NULL,
  `PROJECT_DETAIL` text NOT NULL,
  `PROJECT_SPEC` text NOT NULL,
  `QUOTA` smallint(6) NOT NULL,
  `START_DATE` date NOT NULL,
  `END_DATE` date NOT NULL,
  `DTMCRT` date NOT NULL,
  `USRCRT` varchar(30) NOT NULL,
  `DTMUPD` date NOT NULL,
  `USRUPD` varchar(30) NOT NULL
) ENGINE=InnoDB DEFAULT CHARSET=utf8;

-- --------------------------------------------------------

--
-- Table structure for table `internship_registration`
--

CREATE TABLE IF NOT EXISTS `internship_registration` (
  `GUID` varchar(36) NOT NULL,
  `USER_DETAIL_ID` varchar(36) NOT NULL,
  `EDUCATION_LEVEL_ID` varchar(36) NOT NULL,
  `UNIT_ID` varchar(36) NOT NULL,
  `MASTER_TOPIC_ID` varchar(36) NOT NULL,
  `INTERNSHIP_PROJECT_ID` varchar(36) NOT NULL,
  `PROGRAM_ID` varchar(36) NOT NULL,
  `START_DATE` date NOT NULL,
  `END_DATE` date NOT NULL,
  `PROPOSAL` mediumblob NOT NULL,
  `MIME_PROPOSAL` varchar(255) NOT NULL,
  `COVER_LETTER` mediumblob NOT NULL,
  `MIME_COVER_LETTER` varchar(255) NOT NULL,
  `STATUS` enum('PENDING','APPROVED','IN PROGRESS','FINISHED','DONE','REJECTED') NOT NULL DEFAULT 'PENDING',
  `DTMCRT` date NOT NULL,
  `USRCRT` varchar(30) NOT NULL,
  `DTMUPD` date NOT NULL,
  `USRUPD` varchar(30) NOT NULL
) ENGINE=InnoDB DEFAULT CHARSET=utf8;

--
-- Dumping data for table `internship_registration`
--

INSERT INTO `internship_registration` (`GUID`, `USER_DETAIL_ID`, `EDUCATION_LEVEL_ID`, `UNIT_ID`, `MASTER_TOPIC_ID`, `INTERNSHIP_PROJECT_ID`, `PROGRAM_ID`, `START_DATE`, `END_DATE`, `PROPOSAL`, `MIME_PROPOSAL`, `COVER_LETTER`, `MIME_COVER_LETTER`, `STATUS`, `DTMCRT`, `USRCRT`, `DTMUPD`, `USRUPD`) VALUES
('f8c44fda-7ecc-11e5-aa82-28d244bd1b19', 'cd9b386f-7ec7-11e5-aa82-28d244bd1b19', '0cb8faf3-3ff8-11e5-a15a-00ff7f4e65c4', '61ddb5a0-7d01-11e5-8cd3-28d244bd1b19', 'eb0cb712-7db4-11e5-8cd3-28d244bd1b19', '0', '6a182eca-7db6-11e5-8cd3-28d244bd1b19', '2015-11-30', '2015-12-07', 0x89504e470d0a1a0a0000000d49484452000000dc000000a0080600000067ba023b0000001974455874536f6674776172650041646f626520496d616765526561647971c9653c00002c024944415478daec9d099c1c577de7ffafaa8fe9999e53f7658d4e5b32b2e413e353c18135e132c9ee66f301823ecb7e36b004c26e966c0c0b982c04074270201bb22c1b6c3e0b641363eb40c63660641b5b3692ad9164d93a6746b7349a7b7afaae7afbfeafdeab7a555d3d977ae4e99ef7d7e7a9aaabaaab6bbadfb77effffff1d05a04d9b366ddab469d3a64d9b366ddab469d3a64d9b366ddab469d3a64d9b366ddab469d3a64d9b366ddab469d3a64d9b366ddab469d3a64d9b366ddab469d3a64d9b366ddab4f9ec995dcfddfdcb6776ddadbf096db56464a65ed8b6ed3bf745a3914d91481428feb329d8b60d3665c5a61dd4b6076d2ab639659052da81eb54d9ced677856cebf8d87ffce890fef9b569e0843dfad8b65fb1c5665c374d8303679a26430f383c9e3118d94bcbb29c57d4e6aff118a7d890cde67cc0a9002adb39b094432df639ebbbe43665d9c1968394bfdf669fcdcf33f8570f7e65bfae52daaa12b87ff9c9561738f76209610597865817af816f04c310db8078fb8dc06be5fd08552e9775be06a27c216c9f552c422a95e280138e35a7992f0bf9020c0d0db970db023ca6bcec7c39e8efef57b7ed0af9f33a58190c6c1b14db7df6ed6f7df3595d4d3570d36efffce8e33ee00cc3e0b08080c7504002e2016528eb0e87b8cd70618390e3e4394ab6b99f2b4156de6f78c7382a4915550d2f232323901a1d75c0a5d45362f66f946d4f8fa6f93a504fc57199ce6420934ebbdf8d19313bd84d63104f303838088542a12cb0cc428167206b975a03e7d9fffb97c75ce09c0a6ef860082fc0e192a079a008a5237e0574a11130a99fe329aa032294f93c0913022741b2cb006753e5181fa0b60ba0edae3b71ab04321c68cf7d46459580cad7087191c1488532abef45808be8868b7da661749b914837bee6ef630a8fdbe3b1d82ef97eb401a6de0185ee66f09ed4284dcc22d57199b4a4b28f14cec3f1d413585140481fc4e83c881af59e9281544480d6c4528899f50a70e0c236a77e19c4230d2e682a6c2414365060e375d6adb8c18aad16086e93ffc439bce39c13a9fb950f52cea1bc27f0b968f5f5f5a5d08bb835994cbaeba2b48b02c9c64675fb66f5fd2d2d2dc1bfe901f6515fd228d514702410c3b138cace42a4fe223424a27cbf53c77add4a2f6fc93206ebcebee86d10f5575ae66201a89f6ffe1a55654efd6a9f2320d750ade635ac712b3d807fb9a8f16ae75a64a5161f1a3512d052b74480540a1ff8123ee0733b3dee2454e3bbb125d0cb3f31b0ad1cb8133d9fb62a072ef863ba6e9ee3fc4df25cec6e1f8fba50110ea877fefaba98784ddce3a9fbde0b02682ab556dcd909f4642f7a8007403d9d7ad6f7f932f552b46cb06ccb0fbd789f4162d0185de8aa9b7a8c01516888ccf7f6294b93c4a131b2b01460b6ac23cd10234de3c23711103d95f5d6357235081c094984f0753a39e8405127efdc95bf768cf9ea6231576955e06291c035f1fdc4fd538ab49f1f4a1579a66243cebae4c2a92a78d12ac0b91c0df93b11fe82076f40c523a41e629054ce47ddf747a00e11770e2502708342b3b5062234a978121ab99a5538b709408272d9bf35360dc0b4c277457e4423ea131e1538203145ad49c90d284f33ca7e0fc61c64d972d077d3b0491e12b0104cdae08b49b5d51070081aaeabed6d8e7b59393aa8ac8c36784d7244578eb2ae829a00d2df486d254df047757a9104b385d3910b95f114e1297999a0d116b839c9d82ec413d156e5c079ce1f04609b7e12a84d1cd123d5ed724ec74dd0854d03579b311cb8311cb8ed6857ca782c44f133e9ac87ce17bbe918aeb6932600fede2257da6c11e7495793cc4ee2fc8df89aa1da4b9a00803f6eab6cce64cae019e4cdbf962b6d16c9eb18ee32cca88a7841c952baea36037c3b9b0f0bc2586f76541642e39023fdfe9e351ab85a4d9a041abf67d25d9f414750f18cd9a0763a869b35319cafa7c90cabd978b9c5a2039d61d4306eb4b469405b0d0227633715bc9968d84d128b19a95db5a36ac2442b5c6dc470c14eb4beb16c30f314ce7fed04704ca8e8a35c630e252de96da2ad4680f3ad13d5b5ac06f520ccc524dccdacbd104e0fd1a9399732089d3aed4135f5b9b2b1b70afb3b2266adf454a13a86ab45852bd10b7572a02a0b8f5c17d3ae05dcc03f164e2b5c6d285c499612887f22a02acc4814988b699a144ca3ba89f34d19a119aa51e0dc5e1dde3c23d5685691d166da0cbc2a762995f95bb4c2d5884b591a8cfbfb51b62596423a5ba8ca2fbd68196059d579c370a79fd059ca9a8be1bad54c989b2f11e0c523f555fdc56306d3aad666037f9672b3c6a8365ccaeea04fa9ceda456a20e5874a879577a6f44c71a769b0a174da85a04ba9cc1ca6ad06800b9ad79dcb3f3372b55b81b99611b872d061a6d4999e5d6dbf269382d2038dea10ae669326307d532bbcf94a47c0a4b4a28914040a5d566c07b4ecc9833556d2040293d76aab21e0bcf1709e2b496a70b2118ce9a63aa29c8a614208ae55040ed874b654520abaa749adba94257d29956701d49a61e37834eabf9778131bc9f420714726c8ae63a8625736ced35dbb6adea554658e4085932634e4b37dd32913a5e2079681f92085c3e54dfe4ac3c1715e13f146e2ba6912bae07b10ac4281f0a236291032765398fc9a26cac544bed6e074ebda6a3669e29fbdab72ae913237a50f28ea0204ee316a1df3a64687c079a842a6d0681facea7bd4e403c65e081df64841b8f279560a24000c0d05495d9f2c68a5e7206520f483a605ae569326214fb1b97c61f31e90a12a9b276ec4eba86bd3900aa93e3d2700b07a1e0e1bf5c14ced1075a48e8b58283a230d5417ce9f4072c4d19b2eb0345bc8075828fbcbc1110433f8b53a0a4a7c6a1af6e41e6d35045c306eab94baf1ca6f7b80c8cec53ed500a93cd4e742962aa50391ad3ec24a3d0b21fe63958270a19a15d5de2794fa9450a58d005196d477bc1f4c757f105c12f0a603cf1f08e4a53cf0f413746adea5e43d4d02ae64a5a08b479330bf6995db2e35903a0f83a98ba23e523e0bf3f279d741fbfc8d62ff05d877e269c741140f1459d0ba0ad62e791bdf7fbeef047bbd526c5fc9cff5b3bddff5250daf5e722bdc7af57b1dd82c80bfdbfa790e06cf52b27f8be6b4c3fb6eddc2cf71a6af8b2f17b36d68995c0a1ef9f9d7c50326d9f10c8285ad57c1efdcfc872e303ff9f577d8e7f68aac273e58a41e7effae4fbb503ef28bbf8404b16199e17575396d9b90a6aa1b493d371eff33c293263a86ab5197121fab1b8fc72b1fbf31e5faf06f3de46e7ffdd4f3f0a35f7dce851aabe85bd7fe2eac5b76077f4f263f027b8f3c29dc5b27e1b176f1db60f3860ff1fdbfdcf70306e80658b968a3fb37ec78e91fdcebceb1986c71eb5ba07dc106f71a16b62e8773bd5d1c22acc02b175e0bab165dcbabf2e94b9dd037dc03776e78b7ab76eb96dd04874eee11e7a4ec5ceb61c5c2f5eef776f5921be1c5d77fe6eebf6aee35ec86718df8fbf6826551fe249ccdd12c6c8a78fd5111b8a356043a0a51d85d8c39d019844f07887f2a31fc8f57d60ddf93b7aa9862014b3e5fa898c2f91ec6c814a3fbe23ef7f5faabee8462c106ab88994167d9d2b0d0dd9f8831456c5ec9b63bfbb0f22e9f7f9dbbfff8d90e78adfb05dfe7ad5d7c2ba44629f4f503a4460016b5aef0ed7fcbf25b9ce7c6e139d9f95632d8a41d3d7d10f61fdbed3bfedae537b3e36cb7ac58b8cee7fbddb8fa6e762e4b9ccf866b96dee8ba909de75fe7c0a498b87d27d3c08b54b67a46d526b3005bead2f095fa61d840f2ee393864360d3c0c52377cd70c70e5827b98862c65d745ffb3e8af9abf89c35614d02d6a5beddb8f2e66a1603bc714b0c26f742bf4b1d3fbe0e0f1e77dc7af59741b8c8e507e6c9181b066e906dffeeb56bd15ac820084ed5fbd5801eee401e81dbc08677a3a3d4057dce21e6bb173ae5200455b3cb71d9aeae6bafb55200f75eff19ecaca4a47310a9f4d35c291a2e90be0e632f83e91c8c047626976dd9673f3b1e4238b6ddf33c7bffd3fff4193544b0ae7a6002a9ca594d0bd71f239dfb6950b1970ac7261a5c6d82d682b166d1215de86052d2bdded677b8ff38ad83370014e5d3cee29dc55d7818d959529c592392b4aceb774fe2a3efa01cfb7b8ad1d12f124df8e90a5b3a3fc3b78e6d5ed9ecac61be02ded3783cd6e08cd0d73f9eba0ad6fbf899fafa97e0eb436cee7dbfa477aa09fb9a75e4692b8aee4d7530df042ce797cb31a96dd1e2b32c5cb3af0a2d259547936b8edfe3e1aba1a00ae5c3c5749e0f034e7fb8f33d772445190bb381c784757dd4969ab975cefba948eba8150b70e48a5080c0e99f0cae117dded739b1730a856f0caba74de8ad0ebb86ef5ad60b18abc7ac95b94f31d74b38d074fbce43b7ec3cab7f28abf6ad17a77dbfee3de3137af7b3b0704dd4f57ddbaf6b830c907a2f0188dc76904fe291387de92717a04ee885bf0de98ea5eda2e6c94dab36cb2f71a76297d2a47d4a9f22ae39e12e5f51ba73c3770c9dc354c711a3874aa3b99165026e28db068ce6a0ec8e239abbc0a7fec00e4f2063fdfbea3fe38eef60defe4ea876a26eda9971ff332974c0531465ab36c832f7e93179ac9a7e180021dbaa178bed54b3d401f7de67b9e6a32b0eba2f5b052714f3970e0ef976a08e8b06488013f1e8df960934d17ef4f14a1d52e42de1ce2c0b9711df57d95da6a2569e26b16a894c2116fdabdce0bfb7cbb562dbe815728840fed74cf513876ea559fcaa1622d9eeb0179eac2717754c369e60ef60e5ef001851575d97cc7053dc98e7df5b007e5f56b6fe39f87c7f98023e028102b073b5f76f7d5d72539746b0470786cdfb03fd6dbb0ea167e0c4f0ee547e1f8b943de34151c32a17084b89fb1af18f1c1e6fd200e74a8fa089ba3705ce564a301d16e650d254d7cbd4c2a988491777a55e11c05b9cb016ede5afeba6fe83c1c39ed01b772f1f5904d3731257180bcc4e0c2e4860ac83e25bbb87ce16a98d3b400d6b56f14709e80c3ddfb598c967201ba6dc36ff3a5037827737347390c4400f25ad76ff836696fbfe1fdd0c6dc5519efa1bdf4da2fddfdbfbbf9a34af6f490e24a068ae10187e554d128810d0d5dcb36705c4a59289de6a1091ab83751e1e42f5b2185739f55c02a59ae300ae7fa8e7999c5a537406b7211d4c793aec21d3df58aa2583730f7d0af6e1c36573d08741c7bd1f7791fbcf73fb9eb271970783c4227edfd777dd853b7538ebae12f64980c04d3806c310d07bb5e5692311b9478ef35fef7f854505c3bda6b9dbff1e0f20d750a0c7d3202df6b00bcebd9b5d8b62580a352e14c0d5d8d0017f0ff7c4a57499712ddab2ec5ad9cd3bc18ae5b7d9757a1993bd979f6388c669c38ae8129d1efdcf66fdcfdaf77753835cef01211c7ce1e74150c6d5dfb26b75ea2c2a1dabc7a5449aeb478099a23a70e786eb4ab3e0657b9b0bffcd899d738ec032397e0cca5ae92fdfc7dc44b9490925117de599799341436b46b4c5351371ec3b92ea5762b6bc0a52c5138e5ae7cb92e2501ffa0d6d74ffaddca7b6efc0377bdf34c0f0c8f9870a8d36bb3bbf9da3b030a474422c28183b0d2717cb72fee72813ab99f43ee264602e6c46f0e684489b15e3bb9c7e7564af733974f3b603205daf3c6af7cfbcf32007385b41bb311efd9cd25446d8a586561e33785881d6c1698858fa5ac45e0823d7c8917785552e1247c38a708264ed4e60154393454b5f3bd171c28bbf6859eea0de61aaa8a2493112a70d2d08d94151fdbc64e5f3ce1db7fa6e70464f3a33ed854a5db73a41428c7ed74403fd4fd9b1275930ae99c2bd0534719e9803d4dcac1c6b39f75d980bb6f57572ee04db699db97b24ccc55e9c983d467ce6165ec3cbf0fd62fbfd3774cf7b9e3eefe37ba3b4260ebf04d52abc642fb4fbcc4152911f31aa74f3145e215df709a1050cd962df09a0b3a8eed16fb89e7fe19a2e33f7bbdf7e8b370e775ef718f3f71f6108ff1f0b84f3567e1ff30b772dbafbfcf41c42ff25c7f37df8f4006bf43090e8e7258438a705ba438c68f40dcf7a0caf1bea64a9652e354cdc09569ec9677e74af4e19323c5d404422870e78fb9d9c2534c8d302eab577a779c3c7fdc4dad733088f3fc6f6a38435a8e9e3e001b57bd4d51b04e476d0400c759ac77cf4df77919458cc71010a94886f7c420acd9e7074ec277b67f91832abf0713e74fc7f63af6df7f6bc9c25fbdf6531815532fe03599a6e12a25a863e0046c750ca03f8c67c6850dc2e73351dd4addb9b2369226a0c026bdccba0a644dc04d9a6085dc7fe2d72547619b19912e1babb841953b7c6abf038fcf6df35cc0fd9dfe5e22677bbbc08c186e79ad7b0f7c77c757e06f1ffd2c3cf8c34fc1890b87c43ed90bc4c97e4aa84df659dd3d6f40246abac58c3ae7eaa3265cc5e2ac3f48e64b275e92cf6a56464a58acc42d1bfe736c94f79f1c0fb6d399b8a78ab61bc34574e2a4ca15ae44e9889a49737ef0e6f852b67eae022ae764ec7062d653e7fae0d2d00598d7ec650c7b872eba0ac153f90cb01bafbeddaf58d2653394f43a7562434ce57ff3d13f87c3270fb8b3489b11d355443ce9a193bf71dbbe226c9f4c80a82ea5f3a713e72ec9b751ff3c29387ece763a21df112ff263ff7134ee32e44006601bee06580c167c24968165863d2e6c6809d3f6dc49275b8967c34e98d83460c9231974f4939ff89826ac6a800bccbc2cfbfef902f6cb8edfbca90846d306f4f619ec9c36bc7ae405f857b7fc5e89821922e6da7f7c3724138d5cf9d0bdec4ff5782ea0dab685bd355875c40ce189f38e6a819833c84dae48d109cc19e9f673241ec4aa5f62c811eb024209d47e2b06699a817ae240379781f477a938646ce7c6c2f3bdecf8045b7b7b240fef89e627e446cae5dc68013eb2f41cfce0ec127e373128fe85dcd5c8b2628ba32da1741aba2a4a9a748f95b82c9b599982c4a552cc151b30788545d579e1e0d3dc6d4c6546e0d2c0050e8accf261bd1f6080edd8fd7fdd395042158988519b3671665556140988d7c40144d56d7f55273ed8648696ba6eb53fcbe8a817c2b8bb10837b0448d7446df85a7306f61522ccdd7464720ebb8edba2c531b39161b0c9edb7b70df1bd8f30e88ac522f68ec6f68e9c021c08e8f828020d5d15264d5457b2927369206cbd7d11c7b114ca71a6b7134ef59c10f398509ffbe72a0d0dce9909fe8ca274810d679a3d23381b81eca2464aaab8a7704a8ce9cdfda5d67faf17b6376318859d8538bc8da957bdd85dcfaeebf6b8c5f659e18085c116badfbbc2db1874680f9fe14d274d02b8e09910405b4357054993a09cf940a3b422f3b38da488804de9de247b7530b5c2a405aa5b24e2242a4c911031e57ee6469a227633dc4ec0fea49d543bc3f07ae53bc783afffa21928f25c226c148913f53a65a2c76b47940ddb59b6e19f73758154be02cf65c226b7dfd63a041f5972165fb5b1d2c24a23f2cd4a5cc4753a915235c005e09353b381fa30c0cbf0294798b25deaf56093804810b0d2474c842d0095417c50badb83eea4fa258b2ca30f2605281f480a4c6a06d59778578e0579bcdb96e85cffcb76145e2c444b618332e095858d84c226edf6d661f840faf1ffca56b117f55c05bc042b31e145b9d0cd76f0aaa6f3b23be98fba6f8ae7c6c955fbfacdd02607379d6f2a0dcf41d0c28a54310e10558a5420e282a42a930a985b8240c118c5754d15d51437821fe4e3f08b5c64022ee458b04159d8e47a9b3d70d707533ffa56abd5bf1c4344569a455c975032986ee3f86c866ee602575242e6439c0271b91c8173172263ccc7afba81e5802a2d8494512b57a16809483041a0c63a8080ffbc3e179529f3a3c538fc7d1a3397632547a60e9b5c8d43aefd5d9927ff92417795703111ba0691c18c69e8aa4ce1d447dc4e3569824f98e9e9354360739026c42b9302aa8cdb3721a0bc0c4979a0c67caff71940bc78ce8b41091c642273ff681d6ccf9ad06b8f91899c126c9ecb594773edef49ef7c685dfe8d1b95b82ea9401799edd0cde476389fbfa766e1a60adc25061bba93b29af85dca717a259129edf2fcd532e726e3c5a213eda128b39a3239eab6051afc065260eb3b2d023bf2362c011bae366d4810509e6f0070380fd05d00f81043e4ceba89c2e6df1e85e2bc5bb27bbecc5e7ee1706cdd3e701b427cfd2d2d51e86ccb6056c7c33cdc7910e918b7ddb16d78d8844cc6e471557885a5e3d5e72901e5bcb7024095fbd8c0b7e134ff898670190fdab834b8f2d94cf92ed8069cc3c1a316559ea7e08cc8a04c87be9fc526121bee884d0e36679da92ad80db7655ffec6c2e2c56fedaadffcb8804df501f2e25df66c83ae6adae14a9328134f9ae47892c41813aacb53290a53a7753cd59af8f94adaf104784e3c4a396cfe095d4bfbac52f1bc851f146dc8120b7e3b4227059bba6365b1eb53f5a399054f34bcebfbc2a5c4040a8ec84d87281d3f53ad835735c373d2e90c3437374f3a698271dbc51e73fc01ab57c2edbb4ca026f25184288de2e2d903d47440c2640a6fcc07ea7bca8fef26479d0792d8ccfd7cd432e04cc1822d116bd2b049632af7fb1f18d9bae0f1c6fbfe5ad43753c91de415f026e7b268e0a657e132994c89da4dc406074db08ae4cd71fba600d478bb27321cd0778cf8b38920918821435e87029f43eaaa1eaaa161d9f01bf6dd658a001f312d16f38d075bf09959cef6566b70f307877ed4fe44f2defb07cc36e95e52e54f25023abbd695ae6a467c97340b4cc89564b1db8831a96c5ff8ce71a02a93b52453cc5a1252be4c043675580e00f15d9333bc07dcb63a99c9344503bfdabb26ca96d12881438609df2c46c29b16c260a3ca76b1394ef3edef4a3dfdd5abf2a7d681d76c30ebdaeaaa673c5c10b6093c2aa9b7373231a0c814812a03152153076a3ca826fbdef0e3826d8ca2c9c3ed6503bca3b6031e2b51032eb0e5e78b269cb2e8f8b0853537e0e8459a6bffadf4b30fadcbb9cd062a74b3a2d9a06a26110ab6c98da772d84f121fd53b1d40c10c02ca97ca20e54ae03c10d25bc59d114df427152a689a123a138aac7c2d45e195c1fa49c326cda476c32de9bd5fbe31b30fa7449b13025d4d2b5df5f434a130e19e26f870459cdfbf3adcbe8903351e54130e2dcb7c76c9c872c3713723dcb564256640b1c1866f772e80e7fb1a02b091716193dbb1d96063e6e057ee4e3df7afc1df07533692fb5ccc5a82aeba6238e5b71c2b67323c6c806591aa71fb260ad444a11abf670b947482264a2f1522c153fa66e26809042f56e700f9bfbbe7c077bbda4a3394e3c0a61ebf2adffdc7ef1ddaf9276c759ea2760d01e86a6ab441f58c87f3646ecc2c25aa1bce1f59364338896c5fe5df4ba152938e9109ee2453b8fee07e3ee05500698ad9c130c67bbe2f093d5903eebf6620cd54ab7e32b0c9edf38a7deffec0d0f6e4ae863bbe33106993d94be952e6c4b228dccbaacf60564dd2a4b4d13b1cb89111675e7c63c6c5519374fbc651df720a4542fa804efd6f2760b3ba5eb03390b74761742407f981b80b2196c32375f052dd5bff220fd1deb16123e14ac8ced1521cbafbdee19f3fd85a1c901d9f9b024a175105ba9ad5ae0a93264a3c17025d6ad4a88e38ea72dcbe8a01e5150a1658340fd9620a52a9340cf7e5a1bfcb84a1a34d307c60190cbf740da40fae82fcf176df639fb11c895ffdea8ee4bbefcf90ba53e5618350d8e43db58ee6db997bf9bdf599376e12ee6530a6ab890c66154d041be88a44c360233c769b0d6edf545d5e9c29d9a245b0ec02d89441966a002bcdea733e0134d30034cd3cc3a21172a3b3dde0594e3d2fa1039cd8cc6c214f24ef7d6073fab98fceb1066e9f0c6c72bb09b4e1a6d157bfcacefeb93712d7ec83f20d3755db07b33a460b805fd528d0d066389c796bfc8a5adb40a98650215c1cac4c0c683ecaa0aa079265c291651e5bde996392a8cd2dcaf3bfc7eabf2afb688ad77df8710cbadcb6c6f77de33d233b47e6177bef9d0c6cd2308379ebe89e87e6172e7dfbd9a63bb7079227d8dda820623a1baab02b5875755e1e631221ec3399cb19ee6f50c1470f4c09aa2b999441a0b014ed3c50a6f0349b0048370229d43925dd0aa6fbf00df03d9fbb5c3b278cb31dfcbf817c441076cf2afeb4f1dd7f7fe7e80b27d7e44efcd16460536d65befb93748418cf35deb11dfc333acb6f8743576d53f1550570ce9d34f0a3077e299ca384105a59a866804a050da1b268813fa3cdc836835d8882914b82996f8258be9155f9880f26d95939e892076f5cbe4e051032f6d05bef66bb3ad896fdec77d91f4f24f0f13f59c5d5c3623ddf70fb76a69c7475bef363e00e38201398eac1b355b9ae4fe057c5a0db065e07672f98169f594dd055c57838b5915b4d9a442936dff4f0ed990ca909a0e47b8b32c6b28b3cbe22c538180ca84801c16a02c34ab840959dff256cc6b390d983822ea3f2de5dac74b3759cdbbde3c73ffee1b3f23d226921e32b53014142673f97bc633b4d11824a47c79888681ce8f029969441f71884cdbc214ab5c4733318381a4c9994dc95a346822ff379701aba67b0db57eebd967407ad3c9f83dc28242192672ea0550f31ab81c135373481a1de783c050baa19945532b5343636a217d13dd0dfff30828590fde091efef1feb6fc0ca2ddbc5c03fbcc65697cf276fdf81cbd5b9ce8f4d06b4a0d2e54974e4a5e45b9f0a421d004f0377193993c190ac899234f1bedf74da28dbd03d13a092564077502857b43087ab56d46a66a515a2c566207674ec8445a882a9e3da68a89aa9f0cd9d3b17e6cd9b0b4d4d4db074e952b63e0feaeaf87c0aedac6c0667c6ebee471efec771ffc610e87cae9e581a0cbaed78190cba8f4ff5fb5c9b3dfec941b3b9e770e29abd227eb394620bd59df1aee58c7ea6d7673ff70597aa152b56407b7b3babac5e7cf27aef53409af7424f4f040a45f2a603e5c65922c6c20c2129c6206a374384811567609976126276ab930d948a33c6ba8428dc750c533e673d1a8d31b8e6c0e2c58bb982216408d7040d6f765b5979e09aabd79e1cef60a54d4cce5d1211d9457441b0111bdbd4daee1a79fe7dab72dd7f3cd5ef3c4be2277fd6fc8ecf0d465abb44667450246cf202420ddce5d8fd9ffd7c2870729af1d7fb9e04abe115b8d813bda240c96f0eaf05632c4c6410db146035411d9d03119a8484bd70828ae525256c5f82c2cb2ada63c0d7d6d6c6a04ac29c396db068910358535363a57e068ce3b68c075e087418d761ef7f9c89191bb09b0574f75d0e74e7a20b1f7baaf91ddf13c17baf800e933605a9b03319baea984448c670ee6399bc001f67e19a0a581301cae70eb218cb4962142041178061d731b092d0008b214edbc0a0b15070265a42b281a1aea365d910894420cedcc0782c06c96412e632f55ab870012c5eb4683abe7aee661e3e72f421a1784363b8976a1c0742797cdfe4738d776e75e2b2a941b7a0d0732f5bfc1326a6c199525ded8132e3e3b8190ddc987d2945e6722c579290c96b3b6f2c16ee60842620465ba10edaa08dcc653e5223f391e63a2a4b9c9b80a33cf2196dca8886607abddc7ac86cd2b82c160b5cc91209760df13898a6090df5f5509748f8be0ffcfcc1c12118181884ce135db0feda75d0d6da3a1d3fc7a759b98f81771f836eff24a1830074db28107375ae6bd2311d7692be2e7d70e381fa0d031032525c0357a94c65a0e3b2fc97cf8fd1bb64bc2e4e769127320c1a810499c3fc9f16a837e6418c3441a3b9b4bcfb0765d2ee5358e7b14926c3ff86baba0453ae38c4e3751c342cf2f1caca13477d9f2dfb35e2eb6c2e07afbcb20fd6af5f074b164f8bda6162a58341872ee6231384ae18f6cb3cdf78c7f63c89a7afce1efd381f693009eb8e2f3f2f405361d3c0552053e9478f82dbad4b26e18a1619f7ab2e0a7710dbb61acd25ec8fae873883aa397a15070cdd415969edf1ba364da2047b6658c522e40b79b6b4789c85ca158b46e1aae5cba1a1a1c1f75ef53a3cc526a1ebce53553df08e1e390af3999b198d46a7eba7799841d7cda07b768ad0f1b6bb979337ff7c20d2dc7b6b6acfe7270adda5c89c3dc36653baf48e5c1d56352ea5fb3cb6405ca30a196f2c16ee609434b09284a6c85248c617409dd10c0de68232fd03c3bb8c8de7d296030b0baa568e290ec65bb1b8136b251b5861a02558fc256f1c6160850125b7955b57c12b5a168c8ca4a0adad753a7f9ead0cbaf649c47445f0b7a1e17af168ddda3d06a55fb83ebdff937534b77ccc1b2718993d0d373e29922439a579a06afa55ce78e0d4cae46b83934993420e1a22f32161ce8144b4051a230ba135d65ea2164137b06c5c0863f5d22805d1b28a904933b8f279a8638a55c75dc2182c5bb694a958138fbdfc508348f73b75110772dab61d0a57f03b9888cae1d262c08d8e4e3b702d22aefb52b903cac474aaca71f80e27aede7b213aff73f70ceffa74939dbaa91c6ccf37defebf2e46179c046f3259095dd50037a3fddecffcd9fdee97884d02cbdbdb95b6aac9b44f851715c489b892a85805065684b96ae80ad6d727a0b5b5558065b82eb0da30efbedfa68a3b4c7d7f87fa3704af437d2dd7c3b6a9ebdd5d9df0ce77be8341bf6cba7f22742b578c77d0184d06d8e28e034d1b05c0ad37a7f6be7d6deed88762b43857be69c06c39b43b79cbe302b63ed11cd08fbb44b65282874d02542b5c25b294107401c3bb364d2ac61a43c18a85020c8f8c401453f04cb9eaebeb61d1c285d0d8d40811d32c4d8352eace7aec4c31eeef608d3361c96bb7d5342a554f434b1ee618a674612ae764368b70e6f469181e1ee6d77c05ac7d22078d93bd94dbd0352cec49def4142b2faec91e5f1bb773cd7d91b6c1f3b1459784a2215cd8ee3624542ea870ba59a05259ca42a1386ed7a689c65c6a41f72f1e8b437373138fb3b09b13361afff4a73bd9f628ac5f7f2dc4d81294071fbacfde561c044aa897d9716619e7331cbb6e306eb0e56d5e4c3accdc49543977c239eab5290663b52078ea7e742107fafba1b7f71257e11b6eb81ee6cf9f3fa37ec931a05363bc8228a96375ab07850a1a627f46409712e0055d4a9d34a9649632c5d4267c9cd6c463ae7a4cb5333710979815c4128d4614c5f02afca64d9b60dbb66d5c2dd6ac590b8b972c164f1b25ee238afd02e750e641a680254d541d83fdb3451d511f9355ba0e651324b8c4e9df53a9140c0d0ef01b12ba94b7dc720b2b375f91dfa7b7b7b712d0a90a6709e046c1dfa86d0b38b3a264046c0555ddf468810ab9946e5b14d0d027a1060b4eed96483440b2a19ea9538cb767a14b28cf25eb3219a3657ce9d22570cf3df7c0eedd2fc1ebafbf0e9d9d9db060c102a61cf37807e092605840e85c03f1544d6456b9c051a184c2ed74dfa7ac53dfbabf4900950c152c9bcd423a9d863c8b27d1f5455bb366355c7ffd26dedc70a5acbbbbbb124a275d414ba8555e00271ffc21ef42c5800a5ad596a19cf14993fff2a77fd625e384e69666d8b8715349bf42042a623a7116aa17660a3115ef298137c77e1870eeacc38ac2a92a820af2eaabfb18705dfcbc262bb8c4de1cc9c62457c938cf4ed681892ea29066aa74f1f2254ef8365b5957131fb69b40c16d0818c665050615c2c50163af7961dbb0b901e3cab56bd77077f84a1a82ffc31ffe982db39bfef6a1bfd93f95730492296a42c500ff33e5d4e6042bd0b4505523be677ceb3c836e23ab805b5a5b5bb76cb8eeba0ee60eb6d437d46fc264464274732a551b5231e0e47b11bc3367ce4057f7491861ee6d4480172c98b9c406676c0e70b645f9c4a984cf64eccce948d8d2906e22b69b09886ccb76012b140bdc4d745f8bd2dcd4042dad2db090a92dc69dc1e4d295b21d3b76c2d9b367f0b33733e09e9dea7902d0a9994cf575d8a053a836d8aa02b8a03dfd8b67beb860fefc07c6fca3a60138f55c58f1317e191e1e81fe8141de549067db54f0103abe94dba2de7a54bcc68ec8782e0f2a0f2e0e288316d513cfd5dcd4c8554c8e7b5341bbd2c03dfbec7370e4c851dec9e072811b03bc71b369d538216ca4da2e187b5034616f8d32ea76250cdd581c67b6640929713fd10d348801236cdd104a864b621a7c3bdf6610d1e0ed345263fd31995b8c6ea4841520bc21fecd3474695f7ae9653876ecd8b46431057874a2c756a345aaf1a22ff5f6f1ceb9a669cea8ebc23169b2a9a0a5a5d98305bc871f0655a934c33a33bff3fefe7ef8f5af5f60cade37ad9fa31f393c030defb47d7dfd3c63a86dfaedc0810370e8d01b9820d15fc62c048ecf75822e1b76d265f11cef56a5adf28649a2bd7b5f65aef2088f37b5cd4ee03ae40ab6479d3d778ecfd7917026c2d15601c3f6b523478e713752ed58ad6d96ba94aa6186efc2858bd0984cf2b809930edaa6e0a6170a70eae429387aec1853b4516544c3d8de462532941ab82ab4d4680a46474779ea1cc19bc6c1973565172e5c8053a7cec039e629a09a4d4ed1c843fa1b9ca5c079e08dc2683acde7ffc046e864b241ffca8a611b5f7fff005cbcd803e7196c98809aa2dbd84d88066e3600d73d9183d2990c64b2193ec10e8297483800ce46c30453efa55ee863a0c9b88c77279b7a7c36c860bbef6fbef1b5218dd0e48c54e345ffe4f1edbf623ff8667f8f10315c46e93d22b7b93d4688336200fb3de2c86c6cc09e4a4f93d2fd816b002819a9eeac4fa61daedc0874675ff01c6a4c8b0a3f34342c66f31a70fb6a6223bbeca7298173fb728a6db6d8a6bee6132e59b6eceb39c8b66dfeebaf3fb85fe3337b5cca07c099a074d296c9667991436d24784e89f265b5582693855c3e07e97486c5af691ec362e6d65660a9b06186788b866d96291cda635b77fc898c2126a3703e4502ef38f77dec1f82875daf5009711f4e5b8786dbb177cb955238ec918f6d8d857cc11d29c021c3213aac84a956b972b90ac794ed21b6fec0835ffdb27623672370688f6ffbe91751ed2a0d9cfb5e754a0331e25b9e0b3b15cbfd0821c228df2fdd4ff7eb0d3ea949998b0541421024141cb2a2c53b06f3be96d841982f3d48ac31209a06e07631e01ef8f2fff8924effcf76e0d0b66edff97eb6789855f0962b095c582ce7db06507a2d621fafc89657d94b0b9d09c075a3a27de981cf3fa231d1c0f96cdb8e9d389fe143ac5adfa781bb6ce076b16d0f7de1bfdfbf4de3a1811bd3b6ef78e26e56ab1f90194c0ddc84811b64eb0f23689ffdf3cf9cd45868e026653b763e7937abdc5b58fddea2812b7b2c42b6955dc3d6cffce9a7b59a69e02edf9ef8d9d338286d8b031fd9a481b33ad872177bbdf5d39ffa844e8268e0a6cf9e7cea17cbd95f8baee67dec252e5b6601701d5810322c1fffa3ffa0dd450ddc9b634fffe299bb19069b9c780f98fa91f62a07ae5b02e6a4f269c7bfdff261dd66a6819b99f6ccaee7d0fddcc4d040f563f0413b7743015a661870bbd8faa050ae6e065cf7bffbb7bfa7dd430d5cedd8f32fecdec8c1030e61bb8008d5b145018ebf9e0270dda248e0d83aed16c07533e0ba197083efbaf71dba3b95366ddab469d3a64d9b366ddab469d3a64d9b366ddab469d3a64d9b366ddab469d3a64d9b366ddab469d3a64d9b366ddab469d3a64d9b366ddab469d3a64d9b366ddab469d3a64d9b366ddab469d3a64ddb9b65ff5f800100ee63ddcac18541a50000000049454e44ae426082, 'application/pdf', 0x89504e470d0a1a0a0000000d49484452000000dc000000a0080600000067ba023b0000001974455874536f6674776172650041646f626520496d616765526561647971c9653c00002c024944415478daec9d099c1c577de7ffafaa8fe9999e53f7658d4e5b32b2e413e353c18135e132c9ee66f301823ecb7e36b004c26e966c0c0b982c04074270201bb22c1b6c3e0b641363eb40c63660641b5b3692ad9164d93a6746b7349a7b7afaae7afbfeafdeab7a555d3d977ae4e99ef7d7e7a9aaabaaab6bbadfb77effffff1d05a04d9b366ddab469d3a64d9b366ddab469d3a64d9b366ddab469d3a64d9b366ddab469d3a64d9b366ddab469d3a64d9b366ddab469d3a64d9b366ddab469d3a64d9b366ddab4f9ec995dcfddfdcb6776ddadbf096db56464a65ed8b6ed3bf745a3914d91481428feb329d8b60d3665c5a61dd4b6076d2ab639659052da81eb54d9ced677856cebf8d87ffce890fef9b569e0843dfad8b65fb1c5665c374d8303679a26430f383c9e3118d94bcbb29c57d4e6aff118a7d890cde67cc0a9002adb39b094432df639ebbbe43665d9c1968394bfdf669fcdcf33f8570f7e65bfae52daaa12b87ff9c9561738f76209610597865817af816f04c310db8078fb8dc06be5fd08552e9775be06a27c216c9f552c422a95e280138e35a7992f0bf9020c0d0db970db023ca6bcec7c39e8efef57b7ed0af9f33a58190c6c1b14db7df6ed6f7df3595d4d3570d36efffce8e33ee00cc3e0b08080c7504002e2016528eb0e87b8cd70618390e3e4394ab6b99f2b4156de6f78c7382a4915550d2f232323901a1d75c0a5d45362f66f946d4f8fa6f93a504fc57199ce6420934ebbdf8d19313bd84d63104f303838088542a12cb0cc428167206b975a03e7d9fffb97c75ce09c0a6ef860082fc0e192a079a008a5237e0574a11130a99fe329aa032294f93c0913022741b2cb006753e5181fa0b60ba0edae3b71ab04321c68cf7d46459580cad7087191c1488532abef45808be8868b7da661749b914837bee6ef630a8fdbe3b1d82ef97eb401a6de0185ee66f09ed4284dcc22d57199b4a4b28f14cec3f1d413585140481fc4e83c881af59e9281544480d6c4528899f50a70e0c236a77e19c4230d2e682a6c2414365060e375d6adb8c18aad16086e93ffc439bce39c13a9fb950f52cea1bc27f0b968f5f5f5a5d08bb835994cbaeba2b48b02c9c64675fb66f5fd2d2d2dc1bfe901f6515fd228d514702410c3b138cace42a4fe223424a27cbf53c77add4a2f6fc93206ebcebee86d10f5575ae66201a89f6ffe1a55654efd6a9f2320d750ade635ac712b3d807fb9a8f16ae75a64a5161f1a3512d052b74480540a1ff8123ee0733b3dee2454e3bbb125d0cb3f31b0ad1cb8133d9fb62a072ef863ba6e9ee3fc4df25cec6e1f8fba50110ea877fefaba98784ddce3a9fbde0b02682ab556dcd909f4642f7a8007403d9d7ad6f7f932f552b46cb06ccb0fbd789f4162d0185de8aa9b7a8c01516888ccf7f6294b93c4a131b2b01460b6ac23cd10234de3c23711103d95f5d6357235081c094984f0753a39e8405127efdc95bf768cf9ea6231576955e06291c035f1fdc4fd538ab49f1f4a1579a66243cebae4c2a92a78d12ac0b91c0df93b11fe82076f40c523a41e629054ce47ddf747a00e11770e2502708342b3b5062234a978121ab99a5538b709408272d9bf35360dc0b4c277457e4423ea131e1538203145ad49c90d284f33ca7e0fc61c64d972d077d3b0491e12b0104cdae08b49b5d51070081aaeabed6d8e7b59393aa8ac8c36784d7244578eb2ae829a00d2df486d254df047757a9104b385d3910b95f114e1297999a0d116b839c9d82ec413d156e5c079ce1f04609b7e12a84d1cd123d5ed724ec74dd0854d03579b311cb8311cb8ed6857ca782c44f133e9ac87ce17bbe918aeb6932600fede2257da6c11e7495793cc4ee2fc8df89aa1da4b9a00803f6eab6cce64cae019e4cdbf962b6d16c9eb18ee32cca88a7841c952baea36037c3b9b0f0bc2586f76541642e39023fdfe9e351ab85a4d9a041abf67d25d9f414750f18cd9a0763a869b35319cafa7c90cabd978b9c5a2039d61d4306eb4b469405b0d0227633715bc9968d84d128b19a95db5a36ac2442b5c6dc470c14eb4beb16c30f314ce7fed04704ca8e8a35c630e252de96da2ad4680f3ad13d5b5ac06f520ccc524dccdacbd104e0fd1a9399732089d3aed4135f5b9b2b1b70afb3b2266adf454a13a86ab45852bd10b7572a02a0b8f5c17d3ae05dcc03f164e2b5c6d285c499612887f22a02acc4814988b699a144ca3ba89f34d19a119aa51e0dc5e1dde3c23d5685691d166da0cbc2a762995f95bb4c2d5884b591a8cfbfb51b62596423a5ba8ca2fbd68196059d579c370a79fd059ca9a8be1bad54c989b2f11e0c523f555fdc56306d3aad666037f9672b3c6a8365ccaeea04fa9ceda456a20e5874a879577a6f44c71a769b0a174da85a04ba9cc1ca6ad06800b9ad79dcb3f3372b55b81b99611b872d061a6d4999e5d6dbf269382d2038dea10ae669326307d532bbcf94a47c0a4b4a28914040a5d566c07b4ecc9833556d2040293d76aab21e0bcf1709e2b496a70b2118ce9a63aa29c8a614208ae55040ed874b654520abaa749adba94257d29956701d49a61e37834eabf9778131bc9f420714726c8ae63a8625736ced35dbb6adea554658e4085932634e4b37dd32913a5e2079681f92085c3e54dfe4ac3c1715e13f146e2ba6912bae07b10ac4281f0a236291032765398fc9a26cac544bed6e074ebda6a3669e29fbdab72ae913237a50f28ea0204ee316a1df3a64687c079a842a6d0681facea7bd4e403c65e081df64841b8f279560a24000c0d05495d9f2c68a5e7206520f483a605ae569326214fb1b97c61f31e90a12a9b276ec4eba86bd3900aa93e3d2700b07a1e0e1bf5c14ced1075a48e8b58283a230d5417ce9f4072c4d19b2eb0345bc8075828fbcbc1110433f8b53a0a4a7c6a1af6e41e6d35045c306eab94baf1ca6f7b80c8cec53ed500a93cd4e742962aa50391ad3ec24a3d0b21fe63958270a19a15d5de2794fa9450a58d005196d477bc1f4c757f105c12f0a603cf1f08e4a53cf0f413746adea5e43d4d02ae64a5a08b479330bf6995db2e35903a0f83a98ba23e523e0bf3f279d741fbfc8d62ff05d877e269c741140f1459d0ba0ad62e791bdf7fbeef047bbd526c5fc9cff5b3bddff5250daf5e722bdc7af57b1dd82c80bfdbfa790e06cf52b27f8be6b4c3fb6eddc2cf71a6af8b2f17b36d68995c0a1ef9f9d7c50326d9f10c8285ad57c1efdcfc872e303ff9f577d8e7f68aac273e58a41e7effae4fbb503ef28bbf8404b16199e17575396d9b90a6aa1b493d371eff33c293263a86ab5197121fab1b8fc72b1fbf31e5faf06f3de46e7ffdd4f3f0a35f7dce851aabe85bd7fe2eac5b76077f4f263f027b8f3c29dc5b27e1b176f1db60f3860ff1fdbfdcf70306e80658b968a3fb37ec78e91fdcebceb1986c71eb5ba07dc106f71a16b62e8773bd5d1c22acc02b175e0bab165dcbabf2e94b9dd037dc03776e78b7ab76eb96dd04874eee11e7a4ec5ceb61c5c2f5eef776f5921be1c5d77fe6eebf6aee35ec86718df8fbf6826551fe249ccdd12c6c8a78fd5111b8a356043a0a51d85d8c39d019844f07887f2a31fc8f57d60ddf93b7aa9862014b3e5fa898c2f91ec6c814a3fbe23ef7f5faabee8462c106ab88994167d9d2b0d0dd9f8831456c5ec9b63bfbb0f22e9f7f9dbbfff8d90e78adfb05dfe7ad5d7c2ba44629f4f503a4460016b5aef0ed7fcbf25b9ce7c6e139d9f95632d8a41d3d7d10f61fdbed3bfedae537b3e36cb7ac58b8cee7fbddb8fa6e762e4b9ccf866b96dee8ba909de75fe7c0a498b87d27d3c08b54b67a46d526b3005bead2f095fa61d840f2ee393864360d3c0c52377cd70c70e5827b98862c65d745ffb3e8af9abf89c35614d02d6a5beddb8f2e66a1603bc714b0c26f742bf4b1d3fbe0e0f1e77dc7af59741b8c8e507e6c9181b066e906dffeeb56bd15ac820084ed5fbd5801eee401e81dbc08677a3a3d4057dce21e6bb173ae5200455b3cb71d9aeae6bafb55200f75eff19ecaca4a47310a9f4d35c291a2e90be0e632f83e91c8c047626976dd9673f3b1e4238b6ddf33c7bffd3fff4193544b0ae7a6002a9ca594d0bd71f239dfb6950b1970ac7261a5c6d82d682b166d1215de86052d2bdded677b8ff38ad83370014e5d3cee29dc55d7818d959529c592392b4aceb774fe2a3efa01cfb7b8ad1d12f124df8e90a5b3a3fc3b78e6d5ed9ecac61be02ded3783cd6e08cd0d73f9eba0ad6fbf899fafa97e0eb436cee7dbfa477aa09fb9a75e4692b8aee4d7530df042ce797cb31a96dd1e2b32c5cb3af0a2d259547936b8edfe3e1aba1a00ae5c3c5749e0f034e7fb8f33d772445190bb381c784757dd4969ab975cefba948eba8150b70e48a5080c0e99f0cae117dded739b1730a856f0caba74de8ad0ebb86ef5ad60b18abc7ac95b94f31d74b38d074fbce43b7ec3cab7f28abf6ad17a77dbfee3de3137af7b3b0704dd4f57ddbaf6b830c907a2f0188dc76904fe291387de92717a04ee885bf0de98ea5eda2e6c94dab36cb2f71a76297d2a47d4a9f22ae39e12e5f51ba73c3770c9dc354c711a3874aa3b99165026e28db068ce6a0ec8e239abbc0a7fec00e4f2063fdfbea3fe38eef60defe4ea876a26eda9971ff332974c0531465ab36c832f7e93179ac9a7e180021dbaa178bed54b3d401f7de67b9e6a32b0eba2f5b052714f3970e0ef976a08e8b06488013f1e8df960934d17ef4f14a1d52e42de1ce2c0b9711df57d95da6a2569e26b16a894c2116fdabdce0bfb7cbb562dbe815728840fed74cf513876ea559fcaa1622d9eeb0179eac2717754c369e60ef60e5ef001851575d97cc7053dc98e7df5b007e5f56b6fe39f87c7f98023e028102b073b5f76f7d5d72539746b0470786cdfb03fd6dbb0ea167e0c4f0ee547e1f8b943de34151c32a17084b89fb1af18f1c1e6fd200e74a8fa089ba3705ce564a301d16e650d254d7cbd4c2a988491777a55e11c05b9cb016ede5afeba6fe83c1c39ed01b772f1f5904d3731257180bcc4e0c2e4860ac83e25bbb87ce16a98d3b400d6b56f14709e80c3ddfb598c967201ba6dc36ff3a5037827737347390c4400f25ad76ff836696fbfe1fdd0c6dc5519efa1bdf4da2fddfdbfbbf9a34af6f490e24a068ae10187e554d128810d0d5dcb36705c4a59289de6a1091ab83751e1e42f5b2185739f55c02a59ae300ae7fa8e7999c5a537406b7211d4c793aec21d3df58aa2583730f7d0af6e1c36573d08741c7bd1f7791fbcf73fb9eb271970783c4227edfd777dd853b7538ebae12f64980c04d3806c310d07bb5e5692311b9478ef35fef7f854505c3bda6b9dbff1e0f20d750a0c7d3202df6b00bcebd9b5d8b62580a352e14c0d5d8d0017f0ff7c4a57499712ddab2ec5ad9cd3bc18ae5b7d9757a1993bd979f6388c669c38ae8129d1efdcf66fdcfdaf77753835cef01211c7ce1e74150c6d5dfb26b75ea2c2a1dabc7a5449aeb478099a23a70e786eb4ab3e0657b9b0bffcd899d738ec032397e0cca5ae92fdfc7dc44b9490925117de599799341436b46b4c5351371ec3b92ea5762b6bc0a52c5138e5ae7cb92e2501ffa0d6d74ffaddca7b6efc0377bdf34c0f0c8f9870a8d36bb3bbf9da3b030a474422c28183b0d2717cb72fee72813ab99f43ee264602e6c46f0e684489b15e3bb9c7e7564af733974f3b603205daf3c6af7cfbcf32007385b41bb311efd9cd25446d8a586561e33785881d6c1698858fa5ac45e0823d7c8917785552e1247c38a708264ed4e60154393454b5f3bd171c28bbf6859eea0de61aaa8a2493112a70d2d08d94151fdbc64e5f3ce1db7fa6e70464f3a33ed854a5db73a41428c7ed74403fd4fd9b1275930ae99c2bd0534719e9803d4dcac1c6b39f75d980bb6f57572ee04db699db97b24ccc55e9c983d467ce6165ec3cbf0fd62fbfd3774cf7b9e3eefe37ba3b4260ebf04d52abc642fb4fbcc4152911f31aa74f3145e215df709a1050cd962df09a0b3a8eed16fb89e7fe19a2e33f7bbdf7e8b370e775ef718f3f71f6108ff1f0b84f3567e1ff30b772dbafbfcf41c42ff25c7f37df8f4006bf43090e8e7258438a705ba438c68f40dcf7a0caf1bea64a9652e354cdc09569ec9677e74af4e19323c5d404422870e78fb9d9c2534c8d302eab577a779c3c7fdc4dad733088f3fc6f6a38435a8e9e3e001b57bd4d51b04e476d0400c759ac77cf4df77919458cc71010a94886f7c420acd9e7074ec277b67f91832abf0713e74fc7f63af6df7f6bc9c25fbdf6531815532fe03599a6e12a25a863e0046c750ca03f8c67c6850dc2e73351dd4addb9b2369226a0c026bdccba0a644dc04d9a6085dc7fe2d72547619b19912e1babb841953b7c6abf038fcf6df35cc0fd9dfe5e22677bbbc08c186e79ad7b0f7c77c757e06f1ffd2c3cf8c34fc1890b87c43ed90bc4c97e4aa84df659dd3d6f40246abac58c3ae7eaa3265cc5e2ac3f48e64b275e92cf6a56464a58acc42d1bfe736c94f79f1c0fb6d399b8a78ab61bc34574e2a4ca15ae44e9889a49737ef0e6f852b67eae022ae764ec7062d653e7fae0d2d00598d7ec650c7b872eba0ac153f90cb01bafbeddaf58d2653394f43a7562434ce57ff3d13f87c3270fb8b3489b11d355443ce9a193bf71dbbe226c9f4c80a82ea5f3a713e72ec9b751ff3c29387ece763a21df112ff263ff7134ee32e44006601bee06580c167c24968165863d2e6c6809d3f6dc49275b8967c34e98d83460c9231974f4939ff89826ac6a800bccbc2cfbfef902f6cb8edfbca90846d306f4f619ec9c36bc7ae405f857b7fc5e89821922e6da7f7c3724138d5cf9d0bdec4ff5782ea0dab685bd355875c40ce189f38e6a819833c84dae48d109cc19e9f673241ec4aa5f62c811eb024209d47e2b06699a817ae240379781f477a938646ce7c6c2f3bdecf8045b7b7b240fef89e627e446cae5dc68013eb2f41cfce0ec127e373128fe85dcd5c8b2628ba32da1741aba2a4a9a748f95b82c9b599982c4a552cc151b30788545d579e1e0d3dc6d4c6546e0d2c0050e8accf261bd1f6080edd8fd7fdd395042158988519b3671665556140988d7c40144d56d7f55273ed8648696ba6eb53fcbe8a817c2b8bb10837b0448d7446df85a7306f61522ccdd7464720ebb8edba2c531b39161b0c9edb7b70df1bd8f30e88ac522f68ec6f68e9c021c08e8f828020d5d15264d5457b2927369206cbd7d11c7b114ca71a6b7134ef59c10f398509ffbe72a0d0dce9909fe8ca274810d679a3d23381b81eca2464aaab8a7704a8ce9cdfda5d67faf17b6376318859d8538bc8da957bdd85dcfaeebf6b8c5f659e18085c116badfbbc2db1874680f9fe14d274d02b8e09910405b4357054993a09cf940a3b422f3b38da488804de9de247b7530b5c2a405aa5b24e2242a4c911031e57ee6469a227633dc4ec0fea49d543bc3f07ae53bc783afffa21928f25c226c148913f53a65a2c76b47940ddb59b6e19f73758154be02cf65c226b7dfd63a041f5972165fb5b1d2c24a23f2cd4a5cc4753a915235c005e09353b381fa30c0cbf0294798b25deaf56093804810b0d2474c842d0095417c50badb83eea4fa258b2ca30f2605281f480a4c6a06d59778578e0579bcdb96e85cffcb76145e2c444b618332e095858d84c226edf6d661f840faf1ffca56b117f55c05bc042b31e145b9d0cd76f0aaa6f3b23be98fba6f8ae7c6c955fbfacdd02607379d6f2a0dcf41d0c28a54310e10558a5420e282a42a930a985b8240c118c5754d15d51437821fe4e3f08b5c64022ee458b04159d8e47a9b3d70d707533ffa56abd5bf1c4344569a455c975032986ee3f86c866ee602575242e6439c0271b91c8173172263ccc7afba81e5802a2d8494512b57a16809483041a0c63a8080ffbc3e179529f3a3c538fc7d1a3397632547a60e9b5c8d43aefd5d9927ff92417795703111ba0691c18c69e8aa4ce1d447dc4e3569824f98e9e9354360739026c42b9302aa8cdb3721a0bc0c4979a0c67caff71940bc78ce8b41091c642273ff681d6ccf9ad06b8f91899c126c9ecb594773edef49ef7c685dfe8d1b95b82ea9401799edd0cde476389fbfa766e1a60adc25061bba93b29af85dca717a259129edf2fcd532e726e3c5a213eda128b39a3239eab6051afc065260eb3b2d023bf2362c011bae366d4810509e6f0070380fd05d00f81043e4ceba89c2e6df1e85e2bc5bb27bbecc5e7ee1706cdd3e701b427cfd2d2d51e86ccb6056c7c33cdc7910e918b7ddb16d78d8844cc6e471557885a5e3d5e72901e5bcb7024095fbd8c0b7e134ff898670190fdab834b8f2d94cf92ed8069cc3c1a316559ea7e08cc8a04c87be9fc526121bee884d0e36679da92ad80db7655ffec6c2e2c56fedaadffcb8804df501f2e25df66c83ae6adae14a9328134f9ae47892c41813aacb53290a53a7753cd59af8f94adaf104784e3c4a396cfe095d4bfbac52f1bc851f146dc8120b7e3b4227059bba6365b1eb53f5a399054f34bcebfbc2a5c4040a8ec84d87281d3f53ad835735c373d2e90c3437374f3a698271dbc51e73fc01ab57c2edbb4ca026f25184288de2e2d903d47440c2640a6fcc07ea7bca8fef26479d0792d8ccfd7cd432e04cc1822d116bd2b049632af7fb1f18d9bae0f1c6fbfe5ad43753c91de415f026e7b268e0a657e132994c89da4dc406074db08ae4cd71fba600d478bb27321cd0778cf8b38920918821435e87029f43eaaa1eaaa161d9f01bf6dd658a001f312d16f38d075bf09959cef6566b70f307877ed4fe44f2defb07cc36e95e52e54f25023abbd695ae6a467c97340b4cc89564b1db8831a96c5ff8ce71a02a93b52453cc5a1252be4c043675580e00f15d9333bc07dcb63a99c9344503bfdabb26ca96d12881438609df2c46c29b16c260a3ca76b1394ef3edef4a3dfdd5abf2a7d681d76c30ebdaeaaa673c5c10b6093c2aa9b7373231a0c814812a03152153076a3ca826fbdef0e3826d8ca2c9c3ed6503bca3b6031e2b51032eb0e5e78b269cb2e8f8b0853537e0e8459a6bffadf4b30fadcbb9cd062a74b3a2d9a06a26110ab6c98da772d84f121fd53b1d40c10c02ca97ca20e54ae03c10d25bc59d114df427152a689a123a138aac7c2d45e195c1fa49c326cda476c32de9bd5fbe31b30fa7449b13025d4d2b5df5f434a130e19e26f870459cdfbf3adcbe8903351e54130e2dcb7c76c9c872c3713723dcb564256640b1c1866f772e80e7fb1a02b091716193dbb1d96063e6e057ee4e3df7afc1df07533692fb5ccc5a82aeba6238e5b71c2b67323c6c806591aa71fb260ad444a11abf670b947482264a2f1522c153fa66e26809042f56e700f9bfbbe7c077bbda4a3394e3c0a61ebf2adffdc7ef1ddaf9276c759ea2760d01e86a6ab441f58c87f3646ecc2c25aa1bce1f59364338896c5fe5df4ba152938e9109ee2453b8fee07e3ee05500698ad9c130c67bbe2f093d5903eebf6620cd54ab7e32b0c9edf38a7deffec0d0f6e4ae863bbe33106993d94be952e6c4b228dccbaacf60564dd2a4b4d13b1cb89111675e7c63c6c5519374fbc651df720a4542fa804efd6f2760b3ba5eb03390b74761742407f981b80b2196c32375f052dd5bff220fd1deb16123e14ac8ced1521cbafbdee19f3fd85a1c901d9f9b024a175105ba9ad5ae0a93264a3c17025d6ad4a88e38ea72dcbe8a01e5150a1658340fd9620a52a9340cf7e5a1bfcb84a1a34d307c60190cbf740da40fae82fcf176df639fb11c895ffdea8ee4bbefcf90ba53e5618350d8e43db58ee6db997bf9bdf599376e12ee6530a6ab890c66154d041be88a44c360233c769b0d6edf545d5e9c29d9a245b0ec02d89441966a002bcdea733e0134d30034cd3cc3a21172a3b3dde0594e3d2fa1039cd8cc6c214f24ef7d6073fab98fceb1066e9f0c6c72bb09b4e1a6d157bfcacefeb93712d7ec83f20d3755db07b33a460b805fd528d0d066389c796bfc8a5adb40a98650215c1cac4c0c683ecaa0aa079265c291651e5bde996392a8cd2dcaf3bfc7eabf2afb688ad77df8710cbadcb6c6f77de33d233b47e6177bef9d0c6cd2308379ebe89e87e6172e7dfbd9a63bb7079227d8dda820623a1baab02b5875755e1e631221ec3399cb19ee6f50c1470f4c09aa2b999441a0b014ed3c50a6f0349b0048370229d43925dd0aa6fbf00df03d9fbb5c3b278cb31dfcbf817c441076cf2afeb4f1dd7f7fe7e80b27d7e44efcd16460536d65befb93748418cf35deb11dfc333acb6f8743576d53f1550570ce9d34f0a3077e299ca384105a59a866804a050da1b268813fa3cdc836835d8882914b82996f8258be9155f9880f26d95939e892076f5cbe4e051032f6d05bef66bb3ad896fdec77d91f4f24f0f13f59c5d5c3623ddf70fb76a69c7475bef363e00e38201398eac1b355b9ae4fe057c5a0db065e07672f98169f594dd055c57838b5915b4d9a442936dff4f0ed990ca909a0e47b8b32c6b28b3cbe22c538180ca84801c16a02c34ab840959dff256cc6b390d983822ea3f2de5dac74b3759cdbbde3c73ffee1b3f23d226921e32b53014142673f97bc633b4d11824a47c79888681ce8f029969441f71884cdbc214ab5c4733318381a4c9994dc95a346822ff379701aba67b0db57eebd967407ad3c9f83dc28242192672ea0550f31ab81c135373481a1de783c050baa19945532b5343636a217d13dd0dfff30828590fde091efef1feb6fc0ca2ddbc5c03fbcc65697cf276fdf81cbd5b9ce8f4d06b4a0d2e54974e4a5e45b9f0a421d004f0377193993c190ac899234f1bedf74da28dbd03d13a092564077502857b43087ab56d46a66a515a2c566207674ec8445a882a9e3da68a89aa9f0cd9d3b17e6cd9b0b4d4d4db074e952b63e0feaeaf87c0aedac6c0667c6ebee471efec771ffc610e87cae9e581a0cbaed78190cba8f4ff5fb5c9b3dfec941b3b9e770e29abd227eb394620bd59df1aee58c7ea6d7673ff70597aa152b56407b7b3babac5e7cf27aef53409af7424f4f040a45f2a603e5c65922c6c20c2129c6206a374384811567609976126276ab930d948a33c6ba8428dc750c533e673d1a8d31b8e6c0e2c58bb982216408d7040d6f765b5979e09aabd79e1cef60a54d4cce5d1211d9457441b0111bdbd4daee1a79fe7dab72dd7f3cd5ef3c4be2277fd6fc8ecf0d465abb44667450246cf202420ddce5d8fd9ffd7c2870729af1d7fb9e04abe115b8d813bda240c96f0eaf05632c4c6410db146035411d9d03119a8484bd70828ae525256c5f82c2cb2ada63c0d7d6d6c6a04ac29c396db068910358535363a57e068ce3b68c075e087418d761ef7f9c89191bb09b0574f75d0e74e7a20b1f7baaf91ddf13c17baf800e933605a9b03319baea984448c670ee6399bc001f67e19a0a581301cae70eb218cb4962142041178061d731b092d0008b214edbc0a0b15070265a42b281a1aea365d910894420cedcc0782c06c96412e632f55ab870012c5eb4683abe7aee661e3e72f421a1784363b8976a1c0742797cdfe4738d776e75e2b2a941b7a0d0732f5bfc1326a6c199525ded8132e3e3b8190ddc987d2945e6722c579290c96b3b6f2c16ee60842620465ba10edaa08dcc653e5223f391e63a2a4b9c9b80a33cf2196dca8886607abddc7ac86cd2b82c160b5cc91209760df13898a6090df5f5509748f8be0ffcfcc1c12118181884ce135db0feda75d0d6da3a1d3fc7a759b98f81771f836eff24a1830074db28107375ae6bd2311d7692be2e7d70e381fa0d031032525c0357a94c65a0e3b2fc97cf8fd1bb64bc2e4e769127320c1a810499c3fc9f16a837e6418c3441a3b9b4bcfb0765d2ee5358e7b14926c3ff86baba0453ae38c4e3751c342cf2f1caca13477d9f2dfb35e2eb6c2e07afbcb20fd6af5f074b164f8bda6162a58341872ee6231384ae18f6cb3cdf78c7f63c89a7afce1efd381f693009eb8e2f3f2f405361d3c0552053e9478f82dbad4b26e18a1619f7ab2e0a7710dbb61acd25ec8fae873883aa397a15070cdd415969edf1ba364da2047b6658c522e40b79b6b4789c85ca158b46e1aae5cba1a1a1c1f75ef53a3cc526a1ebce53553df08e1e390af3999b198d46a7eba7799841d7cda07b768ad0f1b6bb979337ff7c20d2dc7b6b6acfe7270adda5c89c3dc36653baf48e5c1d56352ea5fb3cb6405ca30a196f2c16ee609434b09284a6c85248c617409dd10c0de68232fd03c3bb8c8de7d296030b0baa568e290ec65bb1b8136b251b5861a02558fc256f1c6160850125b7955b57c12b5a168c8ca4a0adad753a7f9ead0cbaf649c47445f0b7a1e17af168ddda3d06a55fb83ebdff937534b77ccc1b2718993d0d373e29922439a579a06afa55ce78e0d4cae46b83934993420e1a22f32161ce8144b4051a230ba135d65ea2164137b06c5c0863f5d22805d1b28a904933b8f279a8638a55c75dc2182c5bb694a958138fbdfc508348f73b75110772dab61d0a57f03b9888cae1d262c08d8e4e3b702d22aefb52b903cac474aaca71f80e27aede7b213aff73f70ceffa74939dbaa91c6ccf37defebf2e46179c046f3259095dd50037a3fddecffcd9fdee97884d02cbdbdb95b6aac9b44f851715c489b892a85805065684b96ae80ad6d727a0b5b5558065b82eb0da30efbedfa68a3b4c7d7f87fa3704af437d2dd7c3b6a9ebdd5d9df0ce77be8341bf6cba7f22742b578c77d0184d06d8e28e034d1b05c0ad37a7f6be7d6deed88762b43857be69c06c39b43b79cbe302b63ed11cd08fbb44b65282874d02542b5c25b294107401c3bb364d2ac61a43c18a85020c8f8c401453f04cb9eaebeb61d1c285d0d8d40811d32c4d8352eace7aec4c31eeef608d3361c96bb7d5342a554f434b1ee618a674612ae764368b70e6f469181e1ee6d77c05ac7d22078d93bd94dbd0352cec49def4142b2faec91e5f1bb773cd7d91b6c1f3b1459784a2215cd8ee3624542ea870ba59a05259ca42a1386ed7a689c65c6a41f72f1e8b437373138fb3b09b13361afff4a73bd9f628ac5f7f2dc4d81294071fbacfde561c044aa897d9716619e7331cbb6e306eb0e56d5e4c3accdc49543977c239eab5290663b52078ea7e742107fafba1b7f71257e11b6eb81ee6cf9f3fa37ec931a05363bc8228a96375ab07850a1a627f46409712e0055d4a9d34a9649632c5d4267c9cd6c463ae7a4cb5333710979815c4128d4614c5f02afca64d9b60dbb66d5c2dd6ac590b8b972c164f1b25ee238afd02e750e641a680254d541d83fdb3451d511f9355ba0e651324b8c4e9df53a9140c0d0ef01b12ba94b7dc720b2b375f91dfa7b7b7b712d0a90a6709e046c1dfa86d0b38b3a264046c0555ddf468810ab9946e5b14d0d027a1060b4eed96483440b2a19ea9538cb767a14b28cf25eb3219a3657ce9d22570cf3df7c0eedd2fc1ebafbf0e9d9d9db060c102a61cf37807e092605840e85c03f1544d6456b9c051a184c2ed74dfa7ac53dfbabf4900950c152c9bcd423a9d863c8b27d1f5455bb366355c7ffd26dedc70a5acbbbbbb124a275d414ba8555e00271ffc21ef42c5800a5ad596a19cf14993fff2a77fd625e384e69666d8b8715349bf42042a623a7116aa17660a3115ef298137c77e1870eeacc38ac2a92a820af2eaabfb18705dfcbc262bb8c4de1cc9c62457c938cf4ed681892ea29066aa74f1f2254ef8365b5957131fb69b40c16d0818c665050615c2c50163af7961dbb0b901e3cab56bd77077f84a1a82ffc31ffe982db39bfef6a1bfd93f95730492296a42c500ff33e5d4e6042bd0b4505523be677ceb3c836e23ab805b5a5b5bb76cb8eeba0ee60eb6d437d46fc264464274732a551b5231e0e47b11bc3367ce4057f7491861ee6d4480172c98b9c406676c0e70b645f9c4a984cf64eccce948d8d2906e22b69b09886ccb76012b140bdc4d745f8bd2dcd4042dad2db090a92dc69dc1e4d295b21d3b76c2d9b367f0b33733e09e9dea7902d0a9994cf575d8a053a836d8aa02b8a03dfd8b67beb860fefc07c6fca3a60138f55c58f1317e191e1e81fe8141de549067db54f0103abe94dba2de7a54bcc68ec8782e0f2a0f2e0e288316d513cfd5dcd4c8554c8e7b5341bbd2c03dfbec7370e4c851dec9e072811b03bc71b369d538216ca4da2e187b5034616f8d32ea76250cdd581c67b6640929713fd10d348801236cdd104a864b621a7c3bdf6610d1e0ed345263fd31995b8c6ea4841520bc21fecd3474695f7ae9653876ecd8b46431057874a2c756a345aaf1a22ff5f6f1ceb9a669cea8ebc23169b2a9a0a5a5d98305bc871f0655a934c33a33bff3fefe7ef8f5af5f60cade37ad9fa31f393c030defb47d7dfd3c63a86dfaedc0810370e8d01b9820d15fc62c048ecf75822e1b76d265f11cef56a5adf28649a2bd7b5f65aef2088f37b5cd4ee03ae40ab6479d3d778ecfd7917026c2d15601c3f6b523478e713752ed58ad6d96ba94aa6186efc2858bd0984cf2b809930edaa6e0a6170a70eae429387aec1853b4516544c3d8de462532941ab82ab4d4680a46474779ea1cc19bc6c1973565172e5c8053a7cec039e629a09a4d4ed1c843fa1b9ca5c079e08dc2683acde7ffc046e864b241ffca8a611b5f7fff005cbcd803e7196c98809aa2dbd84d88066e3600d73d9183d2990c64b2193ec10e8297483800ce46c30453efa55ee863a0c9b88c77279b7a7c36c860bbef6fbef1b5218dd0e48c54e345ffe4f1edbf623ff8667f8f10315c46e93d22b7b93d4688336200fb3de2c86c6cc09e4a4f93d2fd816b002819a9eeac4fa61daedc0874675ff01c6a4c8b0a3f34342c66f31a70fb6a6223bbeca7298173fb728a6db6d8a6bee6132e59b6eceb39c8b66dfeebaf3fb85fe3337b5cca07c099a074d296c9667991436d24784e89f265b5582693855c3e07e97486c5af691ec362e6d65660a9b06186788b866d96291cda635b77fc898c2126a3703e4502ef38f77dec1f82875daf5009711f4e5b8786dbb177cb955238ec918f6d8d857cc11d29c021c3213aac84a956b972b90ac794ed21b6fec0835ffdb27623672370688f6ffbe91751ed2a0d9cfb5e754a0331e25b9e0b3b15cbfd0821c228df2fdd4ff7eb0d3ea949998b0541421024141cb2a2c53b06f3be96d841982f3d48ac31209a06e07631e01ef8f2fff8924effcf76e0d0b66edff97eb6789855f0962b095c582ce7db06507a2d621fafc89657d94b0b9d09c075a3a27de981cf3fa231d1c0f96cdb8e9d389fe143ac5adfa781bb6ce076b16d0f7de1bfdfbf4de3a1811bd3b6ef78e26e56ab1f90194c0ddc84811b64eb0f23689ffdf3cf9cd45868e026653b763e7937abdc5b58fddea2812b7b2c42b6955dc3d6cffce9a7b59a69e02edf9ef8d9d338286d8b031fd9a481b33ad872177bbdf5d39ffa844e8268e0a6cf9e7cea17cbd95f8baee67dec252e5b6601701d5810322c1fffa3ffa0dd450ddc9b634fffe299bb19069b9c780f98fa91f62a07ae5b02e6a4f269c7bfdff261dd66a6819b99f6ccaee7d0fddcc4d040f563f0413b7743015a661870bbd8faa050ae6e065cf7bffbb7bfa7dd430d5cedd8f32fecdec8c1030e61bb8008d5b145018ebf9e0270dda248e0d83aed16c07533e0ba197083efbaf71dba3b95366ddab469d3a64d9b366ddab469d3a64d9b366ddab469d3a64d9b366ddab469d3a64d9b366ddab469d3a64d9b366ddab469d3a64d9b366ddab469d3a64d9b366ddab469d3a64d9b366ddab469d3a64ddb9b65ff5f800100ee63ddcac18541a50000000049454e44ae426082, 'application/pdf', 'APPROVED', '2015-10-30', 'user1', '2015-10-30', 'lcu1');

-- --------------------------------------------------------

--
-- Table structure for table `internship_registration_history`
--

CREATE TABLE IF NOT EXISTS `internship_registration_history` (
  `GUID` varchar(36) NOT NULL,
  `USER_DETAIL_ID` varchar(36) NOT NULL,
  `EDUCATION_LEVEL_ID` varchar(36) NOT NULL,
  `MASTER_TOPIC_ID` varchar(36) NOT NULL,
  `INTERNSHIP_PROJECT_ID` varchar(36) NOT NULL,
  `PROGRAM_ID` varchar(36) NOT NULL,
  `START_DATE` date NOT NULL,
  `END_DATE` date NOT NULL,
  `PROPOSAL` blob NOT NULL,
  `COVER_LETTER` blob NOT NULL,
  `STATUS` varchar(25) NOT NULL,
  `DTMCRT` date NOT NULL,
  `USRCRT` varchar(30) NOT NULL,
  `DTMUPD` date NOT NULL,
  `USRUPD` varchar(30) NOT NULL
) ENGINE=InnoDB DEFAULT CHARSET=utf8;

-- --------------------------------------------------------

--
-- Table structure for table `major`
--

CREATE TABLE IF NOT EXISTS `major` (
  `GUID` varchar(36) NOT NULL,
  `MAJOR_NAME` varchar(255) NOT NULL,
  `DTMCRT` date NOT NULL,
  `USRCRT` varchar(30) NOT NULL,
  `DTMUPD` date NOT NULL,
  `USRUPD` varchar(30) NOT NULL
) ENGINE=InnoDB DEFAULT CHARSET=utf8;

--
-- Dumping data for table `major`
--

INSERT INTO `major` (`GUID`, `MAJOR_NAME`, `DTMCRT`, `USRCRT`, `DTMUPD`, `USRUPD`) VALUES
('3202b53f-44f9-11e5-aa2f-00ff7f4e65c4', 'Manajemen', '2015-08-17', 'admin', '2015-08-17', 'admin'),
('4ce1fb03-7487-11e5-adc2-28d244bd1b19', 'Baru', '2015-10-17', 'aa', '0000-00-00', ''),
('55f32de8-3a7f-11e5-a2d1-9cad97aa3b20', 'Teknik Mesin', '2015-08-04', 'admin', '2015-08-04', 'admin'),
('55f32f82-3a7f-11e5-a2d1-9cad97aa3b20', 'Teknik Pertambangan', '2015-08-04', 'admin', '2015-08-04', 'admin'),
('55f33108-3a7f-11e5-a2d1-9cad97aa3b20', 'Ilmu Komputer', '2015-08-04', 'admin', '2015-08-04', 'admin'),
('9c8c9ca3-7e61-11e5-aa82-28d244bd1b19', 'Teknik Informatika', '2015-10-30', 'azizah', '0000-00-00', '');

-- --------------------------------------------------------

--
-- Table structure for table `master_topic`
--

CREATE TABLE IF NOT EXISTS `master_topic` (
  `GUID` varchar(36) NOT NULL,
  `TOPIC_NAME` varchar(255) NOT NULL,
  `DTMCRT` date NOT NULL,
  `USRCRT` varchar(30) NOT NULL,
  `DTMUPD` date NOT NULL,
  `USRUPD` varchar(30) NOT NULL
) ENGINE=InnoDB DEFAULT CHARSET=utf8;

--
-- Dumping data for table `master_topic`
--

INSERT INTO `master_topic` (`GUID`, `TOPIC_NAME`, `DTMCRT`, `USRCRT`, `DTMUPD`, `USRUPD`) VALUES
('1be63b49-7db4-11e5-8cd3-28d244bd1b19', 'Umum', '2015-10-29', 'aa', '0000-00-00', ''),
('40200fa2-7db4-11e5-8cd3-28d244bd1b19', 'Sistem Analis', '2015-10-29', 'aa', '0000-00-00', ''),
('5000bf35-7db4-11e5-8cd3-28d244bd1b19', 'T. Elektro (Arus Lemah)', '2015-10-29', 'aa', '0000-00-00', ''),
('5442c9bd-7db4-11e5-8cd3-28d244bd1b19', 'T. Elektro (Arus Kuat)', '2015-10-29', 'aa', '0000-00-00', ''),
('6168c612-7db4-11e5-8cd3-28d244bd1b19', 'T. Elektro & Telekomunikasi (Control)', '2015-10-29', 'aa', '0000-00-00', ''),
('68d01b5e-7db4-11e5-8cd3-28d244bd1b19', 'T. Elektro & Telekomunikasi (Robotik)', '2015-10-29', 'aa', '0000-00-00', ''),
('6d67dbb6-7db4-11e5-8cd3-28d244bd1b19', 'T. Elektro & Telekomunikasi (Kendali)', '2015-10-29', 'aa', '0000-00-00', ''),
('758268bb-7db4-11e5-8cd3-28d244bd1b19', 'Risk Management', '2015-10-29', 'aa', '0000-00-00', ''),
('8b13d5b4-7db4-11e5-8cd3-28d244bd1b19', 'Internal Control', '2015-10-29', 'aa', '0000-00-00', ''),
('8fcba489-7db4-11e5-8cd3-28d244bd1b19', 'MIPA', '2015-10-29', 'aa', '0000-00-00', ''),
('935209a7-7db4-11e5-8cd3-28d244bd1b19', 'Elins', '2015-10-29', 'aa', '0000-00-00', ''),
('9668b9dc-7db4-11e5-8cd3-28d244bd1b19', 'Fisika', '2015-10-29', 'aa', '0000-00-00', ''),
('9a8d5214-7db4-11e5-8cd3-28d244bd1b19', 'Electrical', '2015-10-29', 'aa', '0000-00-00', ''),
('9f85904f-7db4-11e5-8cd3-28d244bd1b19', 'Hidraulic', '2015-10-29', 'aa', '0000-00-00', ''),
('aaa315c4-7db4-11e5-8cd3-28d244bd1b19', 'T. Telekomunikasi (FDS)', '2015-10-29', 'aa', '0000-00-00', ''),
('b2ef96a8-7db4-11e5-8cd3-28d244bd1b19', 'Avionic (Communication)', '2015-10-29', 'aa', '0000-00-00', ''),
('b865ce64-7db4-11e5-8cd3-28d244bd1b19', 'Engine Pesawat', '2015-10-29', 'aa', '0000-00-00', ''),
('bd79d060-7db4-11e5-8cd3-28d244bd1b19', 'Ilmu Perpustakaan', '2015-10-29', 'aa', '0000-00-00', ''),
('c1265f58-7db4-11e5-8cd3-28d244bd1b19', 'Network', '2015-10-29', 'aa', '0000-00-00', ''),
('c5a5088b-7db4-11e5-8cd3-28d244bd1b19', 'Data Center', '2015-10-29', 'aa', '0000-00-00', ''),
('c968b17c-7db4-11e5-8cd3-28d244bd1b19', 'Helpdesk', '2015-10-29', 'aa', '0000-00-00', ''),
('ce3ae3fe-7db4-11e5-8cd3-28d244bd1b19', 'Asset Management', '2015-10-29', 'aa', '0000-00-00', ''),
('d46b498f-7db4-11e5-8cd3-28d244bd1b19', 'Application & Database', '2015-10-29', 'aa', '0000-00-00', ''),
('da2c5075-7db4-11e5-8cd3-28d244bd1b19', 'Knowledge Management', '2015-10-29', 'aa', '0000-00-00', ''),
('e20dc656-7db4-11e5-8cd3-28d244bd1b19', 'Organization Culture', '2015-10-29', 'aa', '0000-00-00', ''),
('eb0cb712-7db4-11e5-8cd3-28d244bd1b19', 'Web Programer - IT', '2015-10-29', 'aa', '0000-00-00', ''),
('f129fa59-7db4-11e5-8cd3-28d244bd1b19', 'Sistem Analis - IT', '2015-10-29', 'aa', '0000-00-00', '');

-- --------------------------------------------------------

--
-- Table structure for table `member_of_group`
--

CREATE TABLE IF NOT EXISTS `member_of_group` (
  `GUID` varchar(36) NOT NULL,
  `MS_GROUP_ID` varchar(36) NOT NULL,
  `USER_DETAIL_ID` varchar(36) NOT NULL,
  `DTMCRT` timestamp NOT NULL DEFAULT CURRENT_TIMESTAMP ON UPDATE CURRENT_TIMESTAMP,
  `USRCRT` varchar(30) NOT NULL,
  `DTMUPD` timestamp NOT NULL DEFAULT '0000-00-00 00:00:00',
  `USRUPD` varchar(30) NOT NULL
) ENGINE=InnoDB DEFAULT CHARSET=utf8;

--
-- Dumping data for table `member_of_group`
--

INSERT INTO `member_of_group` (`GUID`, `MS_GROUP_ID`, `USER_DETAIL_ID`, `DTMCRT`, `USRCRT`, `DTMUPD`, `USRUPD`) VALUES
('7e13dc73-7ec7-11e5-aa82-28d244bd1b19', '3c806e53-3dcf-11e5-901c-00ff7f4e65c4', '6ff867a4-7ec7-11e5-aa82-28d244bd1b19', '2015-10-30 05:31:38', 'Aa', '0000-00-00 00:00:00', ''),
('cdab4115-7ec7-11e5-aa82-28d244bd1b19', '3c804b19-3dcf-11e5-901c-00ff7f4e65c4', 'cd9b386f-7ec7-11e5-aa82-28d244bd1b19', '2015-10-30 05:33:51', 'user1', '0000-00-00 00:00:00', ''),
('f4107903-7ec7-11e5-aa82-28d244bd1b19', '3c8027d0-3dcf-11e5-901c-00ff7f4e65c4', 'f40d18cf-7ec7-11e5-aa82-28d244bd1b19', '2015-10-30 05:34:56', 'aa', '0000-00-00 00:00:00', ''),
('fc9bf514-7ec7-11e5-aa82-28d244bd1b19', '3c8027d0-3dcf-11e5-901c-00ff7f4e65c4', 'fc92bb41-7ec7-11e5-aa82-28d244bd1b19', '2015-10-30 05:35:10', 'aa', '0000-00-00 00:00:00', '');

-- --------------------------------------------------------

--
-- Table structure for table `message`
--

CREATE TABLE IF NOT EXISTS `message` (
  `GUID` varchar(36) NOT NULL,
  `UNIT_ID` varchar(36) NOT NULL,
  `INTERN_ID` varchar(36) NOT NULL,
  `SENDER_ID` varchar(36) NOT NULL,
  `MESSAGE` text NOT NULL,
  `DTMCRT` datetime NOT NULL
) ENGINE=InnoDB DEFAULT CHARSET=latin1;

-- --------------------------------------------------------

--
-- Table structure for table `ms_group`
--

CREATE TABLE IF NOT EXISTS `ms_group` (
  `GUID` varchar(36) NOT NULL,
  `GROUP_NAME` varchar(255) NOT NULL,
  `ACTIVE` char(1) NOT NULL,
  `DTMCRT` datetime NOT NULL,
  `USRCRT` varchar(30) NOT NULL,
  `DTMUPD` datetime NOT NULL,
  `USRUPD` varchar(30) NOT NULL
) ENGINE=InnoDB DEFAULT CHARSET=utf8;

--
-- Dumping data for table `ms_group`
--

INSERT INTO `ms_group` (`GUID`, `GROUP_NAME`, `ACTIVE`, `DTMCRT`, `USRCRT`, `DTMUPD`, `USRUPD`) VALUES
('3c8027d0-3dcf-11e5-901c-00ff7f4e65c4', 'LCU', 'A', '2015-08-08 00:00:00', 'admin', '2015-08-08 00:00:00', 'admin'),
('3c804b19-3dcf-11e5-901c-00ff7f4e65c4', 'USER', 'A', '2015-08-08 00:00:00', 'admin', '2015-08-08 00:00:00', 'admin'),
('3c806e53-3dcf-11e5-901c-00ff7f4e65c4', 'ADMIN', 'A', '2015-08-08 00:00:00', 'admin', '2015-08-08 00:00:00', 'admin');

-- --------------------------------------------------------

--
-- Table structure for table `program`
--

CREATE TABLE IF NOT EXISTS `program` (
  `GUID` varchar(36) NOT NULL,
  `PROGRAM_NAME` varchar(20) NOT NULL,
  `DTMCRT` datetime NOT NULL,
  `USRCRT` varchar(30) NOT NULL,
  `DTMUPD` datetime NOT NULL,
  `USRUPD` varchar(30) NOT NULL
) ENGINE=InnoDB DEFAULT CHARSET=utf8;

--
-- Dumping data for table `program`
--

INSERT INTO `program` (`GUID`, `PROGRAM_NAME`, `DTMCRT`, `USRCRT`, `DTMUPD`, `USRUPD`) VALUES
('041cbe3f-44e6-11e5-aa2f-00ff7f4e65c4', 'IMAS', '2015-08-17 00:00:00', 'admin', '2015-08-19 00:00:00', 'admin'),
('475b8ade-4229-11e5-94fe-00ff7f4e65c4', 'AMEL', '2015-08-14 00:00:00', 'admin', '2015-08-19 00:00:00', 'admin'),
('4d49ad68-441e-11e5-aa2f-00ff7f4e65c4', 'KM Portal 7', '2015-08-16 00:00:00', 'admin', '2015-08-17 00:00:00', 'admin'),
('e52d1c22-467d-11e5-aa2f-00ff7f4e65c4', 'Digital Repository', '2015-08-19 00:00:00', 'admin', '2015-08-19 00:00:00', 'admin');

-- --------------------------------------------------------

--
-- Table structure for table `quota`
--

CREATE TABLE IF NOT EXISTS `quota` (
  `GUID` varchar(36) NOT NULL,
  `TOPIC_ID` varchar(36) NOT NULL,
  `MONTH` tinyint(2) NOT NULL,
  `YEAR` year(4) NOT NULL,
  `WEEK1` smallint(6) DEFAULT NULL,
  `WEEK2` smallint(6) DEFAULT NULL,
  `WEEK3` smallint(6) DEFAULT NULL,
  `WEEK4` smallint(6) DEFAULT NULL,
  `WEEK5` smallint(6) DEFAULT NULL,
  `DTMCRT` date NOT NULL,
  `USRCRT` varchar(30) NOT NULL,
  `DTMUPD` date NOT NULL,
  `USRUPD` varchar(30) NOT NULL
) ENGINE=InnoDB DEFAULT CHARSET=utf8;

--
-- Dumping data for table `quota`
--

INSERT INTO `quota` (`GUID`, `TOPIC_ID`, `MONTH`, `YEAR`, `WEEK1`, `WEEK2`, `WEEK3`, `WEEK4`, `WEEK5`, `DTMCRT`, `USRCRT`, `DTMUPD`, `USRUPD`) VALUES
('6967e143-7ec8-11e5-aa82-28d244bd1b19', 'f129fa59-7db4-11e5-8cd3-28d244bd1b19', 10, 2015, NULL, NULL, NULL, NULL, 5, '2015-10-30', 'lcu1', '0000-00-00', ''),
('69806adc-7ec8-11e5-aa82-28d244bd1b19', 'eb0cb712-7db4-11e5-8cd3-28d244bd1b19', 10, 2015, NULL, NULL, NULL, NULL, 4, '2015-10-30', 'lcu1', '0000-00-00', ''),
('6df50706-7ecb-11e5-aa82-28d244bd1b19', 'd46b498f-7db4-11e5-8cd3-28d244bd1b19', 10, 2015, NULL, NULL, NULL, NULL, 5, '2015-10-30', 'lcu1', '0000-00-00', ''),
('6e2238fd-7ecb-11e5-aa82-28d244bd1b19', '9a8d5214-7db4-11e5-8cd3-28d244bd1b19', 10, 2015, NULL, NULL, NULL, NULL, 5, '2015-10-30', 'lcu1', '0000-00-00', '');

-- --------------------------------------------------------

--
-- Table structure for table `quota_per_unit`
--

CREATE TABLE IF NOT EXISTS `quota_per_unit` (
  `GUID` varchar(36) NOT NULL,
  `UNIT_ID` varchar(36) NOT NULL,
  `QUOTA` tinyint(4) NOT NULL,
  `DTMCRT` date NOT NULL,
  `USRCRT` varchar(30) NOT NULL,
  `DTMUPD` date NOT NULL,
  `USRUPD` varchar(30) NOT NULL
) ENGINE=InnoDB DEFAULT CHARSET=latin1;

--
-- Dumping data for table `quota_per_unit`
--

INSERT INTO `quota_per_unit` (`GUID`, `UNIT_ID`, `QUOTA`, `DTMCRT`, `USRCRT`, `DTMUPD`, `USRUPD`) VALUES
('912345b1-7ec7-11e5-aa82-28d244bd1b19', '61ddb5a0-7d01-11e5-8cd3-28d244bd1b19', 10, '2015-10-30', 'aa', '0000-00-00', ''),
('912503e8-7ec7-11e5-aa82-28d244bd1b19', '62c6108f-7d05-11e5-8cd3-28d244bd1b19', 10, '2015-10-30', 'aa', '0000-00-00', ''),
('91250637-7ec7-11e5-aa82-28d244bd1b19', '698aafda-7d01-11e5-8cd3-28d244bd1b19', 10, '2015-10-30', 'aa', '0000-00-00', ''),
('91250724-7ec7-11e5-aa82-28d244bd1b19', '89562ac9-4355-11e5-ba5d-00ff7f4e65c4', 10, '2015-10-30', 'aa', '0000-00-00', '');

-- --------------------------------------------------------

--
-- Table structure for table `selected_topic`
--

CREATE TABLE IF NOT EXISTS `selected_topic` (
  `GUID` varchar(36) NOT NULL,
  `UNIT_ID` varchar(36) NOT NULL,
  `MASTER_TOPIC_ID` varchar(36) NOT NULL,
  `DTMCRT` date NOT NULL,
  `USRCRT` varchar(30) NOT NULL,
  `DTMUPD` date NOT NULL,
  `USRUPD` varchar(30) NOT NULL
) ENGINE=InnoDB DEFAULT CHARSET=utf8;

--
-- Dumping data for table `selected_topic`
--

INSERT INTO `selected_topic` (`GUID`, `UNIT_ID`, `MASTER_TOPIC_ID`, `DTMCRT`, `USRCRT`, `DTMUPD`, `USRUPD`) VALUES
('3007b065-7ecb-11e5-aa82-28d244bd1b19', '61ddb5a0-7d01-11e5-8cd3-28d244bd1b19', 'd46b498f-7db4-11e5-8cd3-28d244bd1b19', '2015-10-30', 'lcu1', '0000-00-00', ''),
('300961c3-7ecb-11e5-aa82-28d244bd1b19', '61ddb5a0-7d01-11e5-8cd3-28d244bd1b19', '9a8d5214-7db4-11e5-8cd3-28d244bd1b19', '2015-10-30', 'lcu1', '0000-00-00', ''),
('56649dc8-7ecb-11e5-aa82-28d244bd1b19', '62c6108f-7d05-11e5-8cd3-28d244bd1b19', 'f129fa59-7db4-11e5-8cd3-28d244bd1b19', '2015-10-30', 'lcu2', '0000-00-00', ''),
('566908a5-7ecb-11e5-aa82-28d244bd1b19', '62c6108f-7d05-11e5-8cd3-28d244bd1b19', 'eb0cb712-7db4-11e5-8cd3-28d244bd1b19', '2015-10-30', 'lcu2', '0000-00-00', '');

-- --------------------------------------------------------

--
-- Table structure for table `unit`
--

CREATE TABLE IF NOT EXISTS `unit` (
  `GUID` varchar(36) NOT NULL,
  `UNIT_CODE` char(5) NOT NULL,
  `UNIT_NAME` varchar(50) NOT NULL,
  `UNIT_DESC` varchar(255) NOT NULL,
  `DTMCRT` date NOT NULL,
  `USRCRT` varchar(30) NOT NULL,
  `DTMUPD` date NOT NULL,
  `USRUPD` varchar(30) NOT NULL
) ENGINE=InnoDB DEFAULT CHARSET=utf8;

--
-- Dumping data for table `unit`
--

INSERT INTO `unit` (`GUID`, `UNIT_CODE`, `UNIT_NAME`, `UNIT_DESC`, `DTMCRT`, `USRCRT`, `DTMUPD`, `USRUPD`) VALUES
('61ddb5a0-7d01-11e5-8cd3-28d244bd1b19', 'TPU', 'Teknik Informatika', 'Teknik Informatika', '2015-10-28', 'aa', '0000-00-00', ''),
('62c6108f-7d05-11e5-8cd3-28d244bd1b19', 'TPA', 'Teknik Mengaji', 'Teknik Mengaji', '2015-10-28', 'aa', '2015-10-28', 'aa'),
('698aafda-7d01-11e5-8cd3-28d244bd1b19', 'TBC', 'Teknik Mesin', 'Teknik Mesin', '2015-10-28', 'aa', '0000-00-00', ''),
('89562ac9-4355-11e5-ba5d-00ff7f4e65c4', 'TPG', 'Marketing', 'Marketing', '2015-08-15', 'admin', '2015-10-28', 'aa');

-- --------------------------------------------------------

--
-- Table structure for table `unit_leader`
--

CREATE TABLE IF NOT EXISTS `unit_leader` (
  `GUID` varchar(36) NOT NULL,
  `UNIT_ID` varchar(36) NOT NULL,
  `USER_DETAIL_ID` varchar(36) NOT NULL,
  `START` year(4) NOT NULL,
  `END` year(4) NOT NULL,
  `STATUS` enum('0','1') NOT NULL DEFAULT '1',
  `DTMCRT` date NOT NULL,
  `USRCRT` varchar(30) NOT NULL,
  `DTMUPD` date NOT NULL,
  `USRUPD` varchar(30) NOT NULL
) ENGINE=InnoDB DEFAULT CHARSET=latin1;

-- --------------------------------------------------------

--
-- Table structure for table `user`
--

CREATE TABLE IF NOT EXISTS `user` (
  `GUID` varchar(36) NOT NULL,
  `USERNAME` varchar(30) NOT NULL,
  `PASSWORD` char(32) NOT NULL,
  `ISLOGIN` char(1) NOT NULL,
  `VERIFIED` enum('0','1') NOT NULL DEFAULT '0',
  `LASTLOGIN` datetime NOT NULL,
  `DTMCRT` datetime DEFAULT NULL,
  `DTMUPD` datetime NOT NULL,
  `USRUPD` varchar(30) NOT NULL
) ENGINE=InnoDB DEFAULT CHARSET=utf8;

--
-- Dumping data for table `user`
--

INSERT INTO `user` (`GUID`, `USERNAME`, `PASSWORD`, `ISLOGIN`, `VERIFIED`, `LASTLOGIN`, `DTMCRT`, `DTMUPD`, `USRUPD`) VALUES
('3dfe9b79-7ec7-11e5-aa82-28d244bd1b19', 'aa', '4124bc0a9335c27f086f24ba207a4912', '1', '1', '2015-10-30 12:34:39', NULL, '0000-00-00 00:00:00', ''),
('cd8ed273-7ec7-11e5-aa82-28d244bd1b19', 'user1', '24c9e15e52afc47c225b757e7bee1f9d', '1', '1', '2015-10-30 13:29:34', '2015-10-30 12:33:51', '0000-00-00 00:00:00', ''),
('f3f1e27d-7ec7-11e5-aa82-28d244bd1b19', 'lcu1', '467c5f3efa7368979dd02ea60c5e225f', '1', '1', '2015-10-30 13:14:10', '2015-10-30 12:34:56', '0000-00-00 00:00:00', 'aa'),
('fc73573d-7ec7-11e5-aa82-28d244bd1b19', 'lcu2', 'befeac7b4849972f2a2e4a38081c3372', '1', '1', '2015-10-30 12:59:27', '2015-10-30 12:35:10', '0000-00-00 00:00:00', 'aa');

-- --------------------------------------------------------

--
-- Table structure for table `user_detail`
--

CREATE TABLE IF NOT EXISTS `user_detail` (
  `GUID` varchar(36) NOT NULL,
  `USER_ID` varchar(36) NOT NULL,
  `UNIT_ID` varchar(36) NOT NULL,
  `FIRSTNAME` varchar(30) NOT NULL,
  `LASTNAME` varchar(30) NOT NULL,
  `ID_CARD` varchar(20) NOT NULL,
  `NIM_NIS` varchar(15) NOT NULL,
  `EMAIL` varchar(128) NOT NULL,
  `PLACE_OF_BIRTH` varchar(50) NOT NULL,
  `DATE_OF_BIRTH` date NOT NULL,
  `GENDER` char(1) NOT NULL,
  `USER_ADDRESS` text NOT NULL,
  `HOBBY` varchar(160) NOT NULL,
  `PHONE1` varchar(15) NOT NULL,
  `PHONE2` varchar(15) NOT NULL,
  `CONCERN` varchar(128) NOT NULL,
  `ABOUT_ME` text NOT NULL,
  `CV` blob NOT NULL,
  `MIME_CV` varchar(255) NOT NULL,
  `PHOTO` blob NOT NULL,
  `MIME_PHOTO` varchar(255) NOT NULL,
  `DTMCRT` timestamp NOT NULL DEFAULT CURRENT_TIMESTAMP ON UPDATE CURRENT_TIMESTAMP,
  `USRCRT` varchar(30) NOT NULL,
  `DTMUPD` timestamp NOT NULL DEFAULT '0000-00-00 00:00:00',
  `USRUPD` varchar(30) NOT NULL
) ENGINE=InnoDB DEFAULT CHARSET=utf8;

--
-- Dumping data for table `user_detail`
--

INSERT INTO `user_detail` (`GUID`, `USER_ID`, `UNIT_ID`, `FIRSTNAME`, `LASTNAME`, `ID_CARD`, `NIM_NIS`, `EMAIL`, `PLACE_OF_BIRTH`, `DATE_OF_BIRTH`, `GENDER`, `USER_ADDRESS`, `HOBBY`, `PHONE1`, `PHONE2`, `CONCERN`, `ABOUT_ME`, `CV`, `MIME_CV`, `PHOTO`, `MIME_PHOTO`, `DTMCRT`, `USRCRT`, `DTMUPD`, `USRUPD`) VALUES
('6ff867a4-7ec7-11e5-aa82-28d244bd1b19', '3dfe9b79-7ec7-11e5-aa82-28d244bd1b19', '', 'Aa', 'Admin', '', '', '', '', '0000-00-00', '', '', '', '', '', '', '', '', '', '', '', '2015-10-30 05:31:14', '', '0000-00-00 00:00:00', ''),
('cd9b386f-7ec7-11e5-aa82-28d244bd1b19', 'cd8ed273-7ec7-11e5-aa82-28d244bd1b19', '61ddb5a0-7d01-11e5-8cd3-28d244bd1b19', 'Satu', 'User', '1234', '1234', 'user1@gmail.com', 'Tangerang', '2015-10-30', 'M', 'Tangerang', 'hobi', '0813', '0856', 'eb0cb712-7db4-11e5-8cd3-28d244bd1b19', 'Kemampuan user 1', 0x89504e470d0a1a0a0000000d49484452000000dc000000a0080600000067ba023b0000001974455874536f6674776172650041646f626520496d616765526561647971c9653c00002c024944415478daec9d099c1c577de7ffafaa8fe9999e53f7658d4e5b32b2e413e353c18135e132c9ee66f301823ecb7e36b004c26e966c0c0b982c04074270201bb22c1b6c3e0b641363eb40c63660641b5b3692ad9164d93a6746b7349a7b7afaae7afbfeafdeab7a555d3d977ae4e99ef7d7e7a9aaabaaab6bbadfb77effffff1d05a04d9b366ddab469d3a64d9b366ddab469d3a64d9b366ddab469d3a64d9b366ddab469d3a64d9b366ddab469d3a64d9b366ddab469d3a64d9b366ddab469d3a64d9b366ddab4f9ec995dcfddfdcb6776ddadbf096db56464a65ed8b6ed3bf745a3914d91481428feb329d8b60d3665c5a61dd4b6076d2ab639659052da81eb54d9ced677856cebf8d87ffce890fef9b569e0843dfad8b65fb1c5665c374d8303679a26430f383c9e3118d94bcbb29c57d4e6aff118a7d890cde67cc0a9002adb39b094432df639ebbbe43665d9c1968394bfdf669fcdcf33f8570f7e65bfae52daaa12b87ff9c9561738f76209610597865817af816f04c310db8078fb8dc06be5fd08552e9775be06a27c216c9f552c422a95e280138e35a7992f0bf9020c0d0db970db023ca6bcec7c39e8efef57b7ed0af9f33a58190c6c1b14db7df6ed6f7df3595d4d3570d36efffce8e33ee00cc3e0b08080c7504002e2016528eb0e87b8cd70618390e3e4394ab6b99f2b4156de6f78c7382a4915550d2f232323901a1d75c0a5d45362f66f946d4f8fa6f93a504fc57199ce6420934ebbdf8d19313bd84d63104f303838088542a12cb0cc428167206b975a03e7d9fffb97c75ce09c0a6ef860082fc0e192a079a008a5237e0574a11130a99fe329aa032294f93c0913022741b2cb006753e5181fa0b60ba0edae3b71ab04321c68cf7d46459580cad7087191c1488532abef45808be8868b7da661749b914837bee6ef630a8fdbe3b1d82ef97eb401a6de0185ee66f09ed4284dcc22d57199b4a4b28f14cec3f1d413585140481fc4e83c881af59e9281544480d6c4528899f50a70e0c236a77e19c4230d2e682a6c2414365060e375d6adb8c18aad16086e93ffc439bce39c13a9fb950f52cea1bc27f0b968f5f5f5a5d08bb835994cbaeba2b48b02c9c64675fb66f5fd2d2d2dc1bfe901f6515fd228d514702410c3b138cace42a4fe223424a27cbf53c77add4a2f6fc93206ebcebee86d10f5575ae66201a89f6ffe1a55654efd6a9f2320d750ade635ac712b3d807fb9a8f16ae75a64a5161f1a3512d052b74480540a1ff8123ee0733b3dee2454e3bbb125d0cb3f31b0ad1cb8133d9fb62a072ef863ba6e9ee3fc4df25cec6e1f8fba50110ea877fefaba98784ddce3a9fbde0b02682ab556dcd909f4642f7a8007403d9d7ad6f7f932f552b46cb06ccb0fbd789f4162d0185de8aa9b7a8c01516888ccf7f6294b93c4a131b2b01460b6ac23cd10234de3c23711103d95f5d6357235081c094984f0753a39e8405127efdc95bf768cf9ea6231576955e06291c035f1fdc4fd538ab49f1f4a1579a66243cebae4c2a92a78d12ac0b91c0df93b11fe82076f40c523a41e629054ce47ddf747a00e11770e2502708342b3b5062234a978121ab99a5538b709408272d9bf35360dc0b4c277457e4423ea131e1538203145ad49c90d284f33ca7e0fc61c64d972d077d3b0491e12b0104cdae08b49b5d51070081aaeabed6d8e7b59393aa8ac8c36784d7244578eb2ae829a00d2df486d254df047757a9104b385d3910b95f114e1297999a0d116b839c9d82ec413d156e5c079ce1f04609b7e12a84d1cd123d5ed724ec74dd0854d03579b311cb8311cb8ed6857ca782c44f133e9ac87ce17bbe918aeb6932600fede2257da6c11e7495793cc4ee2fc8df89aa1da4b9a00803f6eab6cce64cae019e4cdbf962b6d16c9eb18ee32cca88a7841c952baea36037c3b9b0f0bc2586f76541642e39023fdfe9e351ab85a4d9a041abf67d25d9f414750f18cd9a0763a869b35319cafa7c90cabd978b9c5a2039d61d4306eb4b469405b0d0227633715bc9968d84d128b19a95db5a36ac2442b5c6dc470c14eb4beb16c30f314ce7fed04704ca8e8a35c630e252de96da2ad4680f3ad13d5b5ac06f520ccc524dccdacbd104e0fd1a9399732089d3aed4135f5b9b2b1b70afb3b2266adf454a13a86ab45852bd10b7572a02a0b8f5c17d3ae05dcc03f164e2b5c6d285c499612887f22a02acc4814988b699a144ca3ba89f34d19a119aa51e0dc5e1dde3c23d5685691d166da0cbc2a762995f95bb4c2d5884b591a8cfbfb51b62596423a5ba8ca2fbd68196059d579c370a79fd059ca9a8be1bad54c989b2f11e0c523f555fdc56306d3aad666037f9672b3c6a8365ccaeea04fa9ceda456a20e5874a879577a6f44c71a769b0a174da85a04ba9cc1ca6ad06800b9ad79dcb3f3372b55b81b99611b872d061a6d4999e5d6dbf269382d2038dea10ae669326307d532bbcf94a47c0a4b4a28914040a5d566c07b4ecc9833556d2040293d76aab21e0bcf1709e2b496a70b2118ce9a63aa29c8a614208ae55040ed874b654520abaa749adba94257d29956701d49a61e37834eabf9778131bc9f420714726c8ae63a8625736ced35dbb6adea554658e4085932634e4b37dd32913a5e2079681f92085c3e54dfe4ac3c1715e13f146e2ba6912bae07b10ac4281f0a236291032765398fc9a26cac544bed6e074ebda6a3669e29fbdab72ae913237a50f28ea0204ee316a1df3a64687c079a842a6d0681facea7bd4e403c65e081df64841b8f279560a24000c0d05495d9f2c68a5e7206520f483a605ae569326214fb1b97c61f31e90a12a9b276ec4eba86bd3900aa93e3d2700b07a1e0e1bf5c14ced1075a48e8b58283a230d5417ce9f4072c4d19b2eb0345bc8075828fbcbc1110433f8b53a0a4a7c6a1af6e41e6d35045c306eab94baf1ca6f7b80c8cec53ed500a93cd4e742962aa50391ad3ec24a3d0b21fe63958270a19a15d5de2794fa9450a58d005196d477bc1f4c757f105c12f0a603cf1f08e4a53cf0f413746adea5e43d4d02ae64a5a08b479330bf6995db2e35903a0f83a98ba23e523e0bf3f279d741fbfc8d62ff05d877e269c741140f1459d0ba0ad62e791bdf7fbeef047bbd526c5fc9cff5b3bddff5250daf5e722bdc7af57b1dd82c80bfdbfa790e06cf52b27f8be6b4c3fb6eddc2cf71a6af8b2f17b36d68995c0a1ef9f9d7c50326d9f10c8285ad57c1efdcfc872e303ff9f577d8e7f68aac273e58a41e7effae4fbb503ef28bbf8404b16199e17575396d9b90a6aa1b493d371eff33c293263a86ab5197121fab1b8fc72b1fbf31e5faf06f3de46e7ffdd4f3f0a35f7dce851aabe85bd7fe2eac5b76077f4f263f027b8f3c29dc5b27e1b176f1db60f3860ff1fdbfdcf70306e80658b968a3fb37ec78e91fdcebceb1986c71eb5ba07dc106f71a16b62e8773bd5d1c22acc02b175e0bab165dcbabf2e94b9dd037dc03776e78b7ab76eb96dd04874eee11e7a4ec5ceb61c5c2f5eef776f5921be1c5d77fe6eebf6aee35ec86718df8fbf6826551fe249ccdd12c6c8a78fd5111b8a356043a0a51d85d8c39d019844f07887f2a31fc8f57d60ddf93b7aa9862014b3e5fa898c2f91ec6c814a3fbe23ef7f5faabee8462c106ab88994167d9d2b0d0dd9f8831456c5ec9b63bfbb0f22e9f7f9dbbfff8d90e78adfb05dfe7ad5d7c2ba44629f4f503a4460016b5aef0ed7fcbf25b9ce7c6e139d9f95632d8a41d3d7d10f61fdbed3bfedae537b3e36cb7ac58b8cee7fbddb8fa6e762e4b9ccf866b96dee8ba909de75fe7c0a498b87d27d3c08b54b67a46d526b3005bead2f095fa61d840f2ee393864360d3c0c52377cd70c70e5827b98862c65d745ffb3e8af9abf89c35614d02d6a5beddb8f2e66a1603bc714b0c26f742bf4b1d3fbe0e0f1e77dc7af59741b8c8e507e6c9181b066e906dffeeb56bd15ac820084ed5fbd5801eee401e81dbc08677a3a3d4057dce21e6bb173ae5200455b3cb71d9aeae6bafb55200f75eff19ecaca4a47310a9f4d35c291a2e90be0e632f83e91c8c047626976dd9673f3b1e4238b6ddf33c7bffd3fff4193544b0ae7a6002a9ca594d0bd71f239dfb6950b1970ac7261a5c6d82d682b166d1215de86052d2bdded677b8ff38ad83370014e5d3cee29dc55d7818d959529c592392b4aceb774fe2a3efa01cfb7b8ad1d12f124df8e90a5b3a3fc3b78e6d5ed9ecac61be02ded3783cd6e08cd0d73f9eba0ad6fbf899fafa97e0eb436cee7dbfa477aa09fb9a75e4692b8aee4d7530df042ce797cb31a96dd1e2b32c5cb3af0a2d259547936b8edfe3e1aba1a00ae5c3c5749e0f034e7fb8f33d772445190bb381c784757dd4969ab975cefba948eba8150b70e48a5080c0e99f0cae117dded739b1730a856f0caba74de8ad0ebb86ef5ad60b18abc7ac95b94f31d74b38d074fbce43b7ec3cab7f28abf6ad17a77dbfee3de3137af7b3b0704dd4f57ddbaf6b830c907a2f0188dc76904fe291387de92717a04ee885bf0de98ea5eda2e6c94dab36cb2f71a76297d2a47d4a9f22ae39e12e5f51ba73c3770c9dc354c711a3874aa3b99165026e28db068ce6a0ec8e239abbc0a7fec00e4f2063fdfbea3fe38eef60defe4ea876a26eda9971ff332974c0531465ab36c832f7e93179ac9a7e180021dbaa178bed54b3d401f7de67b9e6a32b0eba2f5b052714f3970e0ef976a08e8b06488013f1e8df960934d17ef4f14a1d52e42de1ce2c0b9711df57d95da6a2569e26b16a894c2116fdabdce0bfb7cbb562dbe815728840fed74cf513876ea559fcaa1622d9eeb0179eac2717754c369e60ef60e5ef001851575d97cc7053dc98e7df5b007e5f56b6fe39f87c7f98023e028102b073b5f76f7d5d72539746b0470786cdfb03fd6dbb0ea167e0c4f0ee547e1f8b943de34151c32a17084b89fb1af18f1c1e6fd200e74a8fa089ba3705ce564a301d16e650d254d7cbd4c2a988491777a55e11c05b9cb016ede5afeba6fe83c1c39ed01b772f1f5904d3731257180bcc4e0c2e4860ac83e25bbb87ce16a98d3b400d6b56f14709e80c3ddfb598c967201ba6dc36ff3a5037827737347390c4400f25ad76ff836696fbfe1fdd0c6dc5519efa1bdf4da2fddfdbfbbf9a34af6f490e24a068ae10187e554d128810d0d5dcb36705c4a59289de6a1091ab83751e1e42f5b2185739f55c02a59ae300ae7fa8e7999c5a537406b7211d4c793aec21d3df58aa2583730f7d0af6e1c36573d08741c7bd1f7791fbcf73fb9eb271970783c4227edfd777dd853b7538ebae12f64980c04d3806c310d07bb5e5692311b9478ef35fef7f854505c3bda6b9dbff1e0f20d750a0c7d3202df6b00bcebd9b5d8b62580a352e14c0d5d8d0017f0ff7c4a57499712ddab2ec5ad9cd3bc18ae5b7d9757a1993bd979f6388c669c38ae8129d1efdcf66fdcfdaf77753835cef01211c7ce1e74150c6d5dfb26b75ea2c2a1dabc7a5449aeb478099a23a70e786eb4ab3e0657b9b0bffcd899d738ec032397e0cca5ae92fdfc7dc44b9490925117de599799341436b46b4c5351371ec3b92ea5762b6bc0a52c5138e5ae7cb92e2501ffa0d6d74ffaddca7b6efc0377bdf34c0f0c8f9870a8d36bb3bbf9da3b030a474422c28183b0d2717cb72fee72813ab99f43ee264602e6c46f0e684489b15e3bb9c7e7564af733974f3b603205daf3c6af7cfbcf32007385b41bb311efd9cd25446d8a586561e33785881d6c1698858fa5ac45e0823d7c8917785552e1247c38a708264ed4e60154393454b5f3bd171c28bbf6859eea0de61aaa8a2493112a70d2d08d94151fdbc64e5f3ce1db7fa6e70464f3a33ed854a5db73a41428c7ed74403fd4fd9b1275930ae99c2bd0534719e9803d4dcac1c6b39f75d980bb6f57572ee04db699db97b24ccc55e9c983d467ce6165ec3cbf0fd62fbfd3774cf7b9e3eefe37ba3b4260ebf04d52abc642fb4fbcc4152911f31aa74f3145e215df709a1050cd962df09a0b3a8eed16fb89e7fe19a2e33f7bbdf7e8b370e775ef718f3f71f6108ff1f0b84f3567e1ff30b772dbafbfcf41c42ff25c7f37df8f4006bf43090e8e7258438a705ba438c68f40dcf7a0caf1bea64a9652e354cdc09569ec9677e74af4e19323c5d404422870e78fb9d9c2534c8d302eab577a779c3c7fdc4dad733088f3fc6f6a38435a8e9e3e001b57bd4d51b04e476d0400c759ac77cf4df77919458cc71010a94886f7c420acd9e7074ec277b67f91832abf0713e74fc7f63af6df7f6bc9c25fbdf6531815532fe03599a6e12a25a863e0046c750ca03f8c67c6850dc2e73351dd4addb9b2369226a0c026bdccba0a644dc04d9a6085dc7fe2d72547619b19912e1babb841953b7c6abf038fcf6df35cc0fd9dfe5e22677bbbc08c186e79ad7b0f7c77c757e06f1ffd2c3cf8c34fc1890b87c43ed90bc4c97e4aa84df659dd3d6f40246abac58c3ae7eaa3265cc5e2ac3f48e64b275e92cf6a56464a58acc42d1bfe736c94f79f1c0fb6d399b8a78ab61bc34574e2a4ca15ae44e9889a49737ef0e6f852b67eae022ae764ec7062d653e7fae0d2d00598d7ec650c7b872eba0ac153f90cb01bafbeddaf58d2653394f43a7562434ce57ff3d13f87c3270fb8b3489b11d355443ce9a193bf71dbbe226c9f4c80a82ea5f3a713e72ec9b751ff3c29387ece763a21df112ff263ff7134ee32e44006601bee06580c167c24968165863d2e6c6809d3f6dc49275b8967c34e98d83460c9231974f4939ff89826ac6a800bccbc2cfbfef902f6cb8edfbca90846d306f4f619ec9c36bc7ae405f857b7fc5e89821922e6da7f7c3724138d5cf9d0bdec4ff5782ea0dab685bd355875c40ce189f38e6a819833c84dae48d109cc19e9f673241ec4aa5f62c811eb024209d47e2b06699a817ae240379781f477a938646ce7c6c2f3bdecf8045b7b7b240fef89e627e446cae5dc68013eb2f41cfce0ec127e373128fe85dcd5c8b2628ba32da1741aba2a4a9a748f95b82c9b599982c4a552cc151b30788545d579e1e0d3dc6d4c6546e0d2c0050e8accf261bd1f6080edd8fd7fdd395042158988519b3671665556140988d7c40144d56d7f55273ed8648696ba6eb53fcbe8a817c2b8bb10837b0448d7446df85a7306f61522ccdd7464720ebb8edba2c531b39161b0c9edb7b70df1bd8f30e88ac522f68ec6f68e9c021c08e8f828020d5d15264d5457b2927369206cbd7d11c7b114ca71a6b7134ef59c10f398509ffbe72a0d0dce9909fe8ca274810d679a3d23381b81eca2464aaab8a7704a8ce9cdfda5d67faf17b6376318859d8538bc8da957bdd85dcfaeebf6b8c5f659e18085c116badfbbc2db1874680f9fe14d274d02b8e09910405b4357054993a09cf940a3b422f3b38da488804de9de247b7530b5c2a405aa5b24e2242a4c911031e57ee6469a227633dc4ec0fea49d543bc3f07ae53bc783afffa21928f25c226c148913f53a65a2c76b47940ddb59b6e19f73758154be02cf65c226b7dfd63a041f5972165fb5b1d2c24a23f2cd4a5cc4753a915235c005e09353b381fa30c0cbf0294798b25deaf56093804810b0d2474c842d0095417c50badb83eea4fa258b2ca30f2605281f480a4c6a06d59778578e0579bcdb96e85cffcb76145e2c444b618332e095858d84c226edf6d661f840faf1ffca56b117f55c05bc042b31e145b9d0cd76f0aaa6f3b23be98fba6f8ae7c6c955fbfacdd02607379d6f2a0dcf41d0c28a54310e10558a5420e282a42a930a985b8240c118c5754d15d51437821fe4e3f08b5c64022ee458b04159d8e47a9b3d70d707533ffa56abd5bf1c4344569a455c975032986ee3f86c866ee602575242e6439c0271b91c8173172263ccc7afba81e5802a2d8494512b57a16809483041a0c63a8080ffbc3e179529f3a3c538fc7d1a3397632547a60e9b5c8d43aefd5d9927ff92417795703111ba0691c18c69e8aa4ce1d447dc4e3569824f98e9e9354360739026c42b9302aa8cdb3721a0bc0c4979a0c67caff71940bc78ce8b41091c642273ff681d6ccf9ad06b8f91899c126c9ecb594773edef49ef7c685dfe8d1b95b82ea9401799edd0cde476389fbfa766e1a60adc25061bba93b29af85dca717a259129edf2fcd532e726e3c5a213eda128b39a3239eab6051afc065260eb3b2d023bf2362c011bae366d4810509e6f0070380fd05d00f81043e4ceba89c2e6df1e85e2bc5bb27bbecc5e7ee1706cdd3e701b427cfd2d2d51e86ccb6056c7c33cdc7910e918b7ddb16d78d8844cc6e471557885a5e3d5e72901e5bcb7024095fbd8c0b7e134ff898670190fdab834b8f2d94cf92ed8069cc3c1a316559ea7e08cc8a04c87be9fc526121bee884d0e36679da92ad80db7655ffec6c2e2c56fedaadffcb8804df501f2e25df66c83ae6adae14a9328134f9ae47892c41813aacb53290a53a7753cd59af8f94adaf104784e3c4a396cfe095d4bfbac52f1bc851f146dc8120b7e3b4227059bba6365b1eb53f5a399054f34bcebfbc2a5c4040a8ec84d87281d3f53ad835735c373d2e90c3437374f3a698271dbc51e73fc01ab57c2edbb4ca026f25184288de2e2d903d47440c2640a6fcc07ea7bca8fef26479d0792d8ccfd7cd432e04cc1822d116bd2b049632af7fb1f18d9bae0f1c6fbfe5ad43753c91de415f026e7b268e0a657e132994c89da4dc406074db08ae4cd71fba600d478bb27321cd0778cf8b38920918821435e87029f43eaaa1eaaa161d9f01bf6dd658a001f312d16f38d075bf09959cef6566b70f307877ed4fe44f2defb07cc36e95e52e54f25023abbd695ae6a467c97340b4cc89564b1db8831a96c5ff8ce71a02a93b52453cc5a1252be4c043675580e00f15d9333bc07dcb63a99c9344503bfdabb26ca96d12881438609df2c46c29b16c260a3ca76b1394ef3edef4a3dfdd5abf2a7d681d76c30ebdaeaaa673c5c10b6093c2aa9b7373231a0c814812a03152153076a3ca826fbdef0e3826d8ca2c9c3ed6503bca3b6031e2b51032eb0e5e78b269cb2e8f8b0853537e0e8459a6bffadf4b30fadcbb9cd062a74b3a2d9a06a26110ab6c98da772d84f121fd53b1d40c10c02ca97ca20e54ae03c10d25bc59d114df427152a689a123a138aac7c2d45e195c1fa49c326cda476c32de9bd5fbe31b30fa7449b13025d4d2b5df5f434a130e19e26f870459cdfbf3adcbe8903351e54130e2dcb7c76c9c872c3713723dcb564256640b1c1866f772e80e7fb1a02b091716193dbb1d96063e6e057ee4e3df7afc1df07533692fb5ccc5a82aeba6238e5b71c2b67323c6c806591aa71fb260ad444a11abf670b947482264a2f1522c153fa66e26809042f56e700f9bfbbe7c077bbda4a3394e3c0a61ebf2adffdc7ef1ddaf9276c759ea2760d01e86a6ab441f58c87f3646ecc2c25aa1bce1f59364338896c5fe5df4ba152938e9109ee2453b8fee07e3ee05500698ad9c130c67bbe2f093d5903eebf6620cd54ab7e32b0c9edf38a7deffec0d0f6e4ae863bbe33106993d94be952e6c4b228dccbaacf60564dd2a4b4d13b1cb89111675e7c63c6c5519374fbc651df720a4542fa804efd6f2760b3ba5eb03390b74761742407f981b80b2196c32375f052dd5bff220fd1deb16123e14ac8ced1521cbafbdee19f3fd85a1c901d9f9b024a175105ba9ad5ae0a93264a3c17025d6ad4a88e38ea72dcbe8a01e5150a1658340fd9620a52a9340cf7e5a1bfcb84a1a34d307c60190cbf740da40fae82fcf176df639fb11c895ffdea8ee4bbefcf90ba53e5618350d8e43db58ee6db997bf9bdf599376e12ee6530a6ab890c66154d041be88a44c360233c769b0d6edf545d5e9c29d9a245b0ec02d89441966a002bcdea733e0134d30034cd3cc3a21172a3b3dde0594e3d2fa1039cd8cc6c214f24ef7d6073fab98fceb1066e9f0c6c72bb09b4e1a6d157bfcacefeb93712d7ec83f20d3755db07b33a460b805fd528d0d066389c796bfc8a5adb40a98650215c1cac4c0c683ecaa0aa079265c291651e5bde996392a8cd2dcaf3bfc7eabf2afb688ad77df8710cbadcb6c6f77de33d233b47e6177bef9d0c6cd2308379ebe89e87e6172e7dfbd9a63bb7079227d8dda820623a1baab02b5875755e1e631221ec3399cb19ee6f50c1470f4c09aa2b999441a0b014ed3c50a6f0349b0048370229d43925dd0aa6fbf00df03d9fbb5c3b278cb31dfcbf817c441076cf2afeb4f1dd7f7fe7e80b27d7e44efcd16460536d65befb93748418cf35deb11dfc333acb6f8743576d53f1550570ce9d34f0a3077e299ca384105a59a866804a050da1b268813fa3cdc836835d8882914b82996f8258be9155f9880f26d95939e892076f5cbe4e051032f6d05bef66bb3ad896fdec77d91f4f24f0f13f59c5d5c3623ddf70fb76a69c7475bef363e00e38201398eac1b355b9ae4fe057c5a0db065e07672f98169f594dd055c57838b5915b4d9a442936dff4f0ed990ca909a0e47b8b32c6b28b3cbe22c538180ca84801c16a02c34ab840959dff256cc6b390d983822ea3f2de5dac74b3759cdbbde3c73ffee1b3f23d226921e32b53014142673f97bc633b4d11824a47c79888681ce8f029969441f71884cdbc214ab5c4733318381a4c9994dc95a346822ff379701aba67b0db57eebd967407ad3c9f83dc28242192672ea0550f31ab81c135373481a1de783c050baa19945532b5343636a217d13dd0dfff30828590fde091efef1feb6fc0ca2ddbc5c03fbcc65697cf276fdf81cbd5b9ce8f4d06b4a0d2e54974e4a5e45b9f0a421d004f0377193993c190ac899234f1bedf74da28dbd03d13a092564077502857b43087ab56d46a66a515a2c566207674ec8445a882a9e3da68a89aa9f0cd9d3b17e6cd9b0b4d4d4db074e952b63e0feaeaf87c0aedac6c0667c6ebee471efec771ffc610e87cae9e581a0cbaed78190cba8f4ff5fb5c9b3dfec941b3b9e770e29abd227eb394620bd59df1aee58c7ea6d7673ff70597aa152b56407b7b3babac5e7cf27aef53409af7424f4f040a45f2a603e5c65922c6c20c2129c6206a374384811567609976126276ab930d948a33c6ba8428dc750c533e673d1a8d31b8e6c0e2c58bb982216408d7040d6f765b5979e09aabd79e1cef60a54d4cce5d1211d9457441b0111bdbd4daee1a79fe7dab72dd7f3cd5ef3c4be2277fd6fc8ecf0d465abb44667450246cf202420ddce5d8fd9ffd7c2870729af1d7fb9e04abe115b8d813bda240c96f0eaf05632c4c6410db146035411d9d03119a8484bd70828ae525256c5f82c2cb2ada63c0d7d6d6c6a04ac29c396db068910358535363a57e068ce3b68c075e087418d761ef7f9c89191bb09b0574f75d0e74e7a20b1f7baaf91ddf13c17baf800e933605a9b03319baea984448c670ee6399bc001f67e19a0a581301cae70eb218cb4962142041178061d731b092d0008b214edbc0a0b15070265a42b281a1aea365d910894420cedcc0782c06c96412e632f55ab870012c5eb4683abe7aee661e3e72f421a1784363b8976a1c0742797cdfe4738d776e75e2b2a941b7a0d0732f5bfc1326a6c199525ded8132e3e3b8190ddc987d2945e6722c579290c96b3b6f2c16ee60842620465ba10edaa08dcc653e5223f391e63a2a4b9c9b80a33cf2196dca8886607abddc7ac86cd2b82c160b5cc91209760df13898a6090df5f5509748f8be0ffcfcc1c12118181884ce135db0feda75d0d6da3a1d3fc7a759b98f81771f836eff24a1830074db28107375ae6bd2311d7692be2e7d70e381fa0d031032525c0357a94c65a0e3b2fc97cf8fd1bb64bc2e4e769127320c1a810499c3fc9f16a837e6418c3441a3b9b4bcfb0765d2ee5358e7b14926c3ff86baba0453ae38c4e3751c342cf2f1caca13477d9f2dfb35e2eb6c2e07afbcb20fd6af5f074b164f8bda6162a58341872ee6231384ae18f6cb3cdf78c7f63c89a7afce1efd381f693009eb8e2f3f2f405361d3c0552053e9478f82dbad4b26e18a1619f7ab2e0a7710dbb61acd25ec8fae873883aa397a15070cdd415969edf1ba364da2047b6658c522e40b79b6b4789c85ca158b46e1aae5cba1a1a1c1f75ef53a3cc526a1ebce53553df08e1e390af3999b198d46a7eba7799841d7cda07b768ad0f1b6bb979337ff7c20d2dc7b6b6acfe7270adda5c89c3dc36653baf48e5c1d56352ea5fb3cb6405ca30a196f2c16ee609434b09284a6c85248c617409dd10c0de68232fd03c3bb8c8de7d296030b0baa568e290ec65bb1b8136b251b5861a02558fc256f1c6160850125b7955b57c12b5a168c8ca4a0adad753a7f9ead0cbaf649c47445f0b7a1e17af168ddda3d06a55fb83ebdff937534b77ccc1b2718993d0d373e29922439a579a06afa55ce78e0d4cae46b83934993420e1a22f32161ce8144b4051a230ba135d65ea2164137b06c5c0863f5d22805d1b28a904933b8f279a8638a55c75dc2182c5bb694a958138fbdfc508348f73b75110772dab61d0a57f03b9888cae1d262c08d8e4e3b702d22aefb52b903cac474aaca71f80e27aede7b213aff73f70ceffa74939dbaa91c6ccf37defebf2e46179c046f3259095dd50037a3fddecffcd9fdee97884d02cbdbdb95b6aac9b44f851715c489b892a85805065684b96ae80ad6d727a0b5b5558065b82eb0da30efbedfa68a3b4c7d7f87fa3704af437d2dd7c3b6a9ebdd5d9df0ce77be8341bf6cba7f22742b578c77d0184d06d8e28e034d1b05c0ad37a7f6be7d6deed88762b43857be69c06c39b43b79cbe302b63ed11cd08fbb44b65282874d02542b5c25b294107401c3bb364d2ac61a43c18a85020c8f8c401453f04cb9eaebeb61d1c285d0d8d40811d32c4d8352eace7aec4c31eeef608d3361c96bb7d5342a554f434b1ee618a674612ae764368b70e6f469181e1ee6d77c05ac7d22078d93bd94dbd0352cec49def4142b2faec91e5f1bb773cd7d91b6c1f3b1459784a2215cd8ee3624542ea870ba59a05259ca42a1386ed7a689c65c6a41f72f1e8b437373138fb3b09b13361afff4a73bd9f628ac5f7f2dc4d81294071fbacfde561c044aa897d9716619e7331cbb6e306eb0e56d5e4c3accdc49543977c239eab5290663b52078ea7e742107fafba1b7f71257e11b6eb81ee6cf9f3fa37ec931a05363bc8228a96375ab07850a1a627f46409712e0055d4a9d34a9649632c5d4267c9cd6c463ae7a4cb5333710979815c4128d4614c5f02afca64d9b60dbb66d5c2dd6ac590b8b972c164f1b25ee238afd02e750e641a680254d541d83fdb3451d511f9355ba0e651324b8c4e9df53a9140c0d0ef01b12ba94b7dc720b2b375f91dfa7b7b7b712d0a90a6709e046c1dfa86d0b38b3a264046c0555ddf468810ab9946e5b14d0d027a1060b4eed96483440b2a19ea9538cb767a14b28cf25eb3219a3657ce9d22570cf3df7c0eedd2fc1ebafbf0e9d9d9db060c102a61cf37807e092605840e85c03f1544d6456b9c051a184c2ed74dfa7ac53dfbabf4900950c152c9bcd423a9d863c8b27d1f5455bb366355c7ffd26dedc70a5acbbbbbb124a275d414ba8555e00271ffc21ef42c5800a5ad596a19cf14993fff2a77fd625e384e69666d8b8715349bf42042a623a7116aa17660a3115ef298137c77e1870eeacc38ac2a92a820af2eaabfb18705dfcbc262bb8c4de1cc9c62457c938cf4ed681892ea29066aa74f1f2254ef8365b5957131fb69b40c16d0818c665050615c2c50163af7961dbb0b901e3cab56bd77077f84a1a82ffc31ffe982db39bfef6a1bfd93f95730492296a42c500ff33e5d4e6042bd0b4505523be677ceb3c836e23ab805b5a5b5bb76cb8eeba0ee60eb6d437d46fc264464274732a551b5231e0e47b11bc3367ce4057f7491861ee6d4480172c98b9c406676c0e70b645f9c4a984cf64eccce948d8d2906e22b69b09886ccb76012b140bdc4d745f8bd2dcd4042dad2db090a92dc69dc1e4d295b21d3b76c2d9b367f0b33733e09e9dea7902d0a9994cf575d8a053a836d8aa02b8a03dfd8b67beb860fefc07c6fca3a60138f55c58f1317e191e1e81fe8141de549067db54f0103abe94dba2de7a54bcc68ec8782e0f2a0f2e0e288316d513cfd5dcd4c8554c8e7b5341bbd2c03dfbec7370e4c851dec9e072811b03bc71b369d538216ca4da2e187b5034616f8d32ea76250cdd581c67b6640929713fd10d348801236cdd104a864b621a7c3bdf6610d1e0ed345263fd31995b8c6ea4841520bc21fecd3474695f7ae9653876ecd8b46431057874a2c756a345aaf1a22ff5f6f1ceb9a669cea8ebc23169b2a9a0a5a5d98305bc871f0655a934c33a33bff3fefe7ef8f5af5f60cade37ad9fa31f393c030defb47d7dfd3c63a86dfaedc0810370e8d01b9820d15fc62c048ecf75822e1b76d265f11cef56a5adf28649a2bd7b5f65aef2088f37b5cd4ee03ae40ab6479d3d778ecfd7917026c2d15601c3f6b523478e713752ed58ad6d96ba94aa6186efc2858bd0984cf2b809930edaa6e0a6170a70eae429387aec1853b4516544c3d8de462532941ab82ab4d4680a46474779ea1cc19bc6c1973565172e5c8053a7cec039e629a09a4d4ed1c843fa1b9ca5c079e08dc2683acde7ffc046e864b241ffca8a611b5f7fff005cbcd803e7196c98809aa2dbd84d88066e3600d73d9183d2990c64b2193ec10e8297483800ce46c30453efa55ee863a0c9b88c77279b7a7c36c860bbef6fbef1b5218dd0e48c54e345ffe4f1edbf623ff8667f8f10315c46e93d22b7b93d4688336200fb3de2c86c6cc09e4a4f93d2fd816b002819a9eeac4fa61daedc0874675ff01c6a4c8b0a3f34342c66f31a70fb6a6223bbeca7298173fb728a6db6d8a6bee6132e59b6eceb39c8b66dfeebaf3fb85fe3337b5cca07c099a074d296c9667991436d24784e89f265b5582693855c3e07e97486c5af691ec362e6d65660a9b06186788b866d96291cda635b77fc898c2126a3703e4502ef38f77dec1f82875daf5009711f4e5b8786dbb177cb955238ec918f6d8d857cc11d29c021c3213aac84a956b972b90ac794ed21b6fec0835ffdb27623672370688f6ffbe91751ed2a0d9cfb5e754a0331e25b9e0b3b15cbfd0821c228df2fdd4ff7eb0d3ea949998b0541421024141cb2a2c53b06f3be96d841982f3d48ac31209a06e07631e01ef8f2fff8924effcf76e0d0b66edff97eb6789855f0962b095c582ce7db06507a2d621fafc89657d94b0b9d09c075a3a27de981cf3fa231d1c0f96cdb8e9d389fe143ac5adfa781bb6ce076b16d0f7de1bfdfbf4de3a1811bd3b6ef78e26e56ab1f90194c0ddc84811b64eb0f23689ffdf3cf9cd45868e026653b763e7937abdc5b58fddea2812b7b2c42b6955dc3d6cffce9a7b59a69e02edf9ef8d9d338286d8b031fd9a481b33ad872177bbdf5d39ffa844e8268e0a6cf9e7cea17cbd95f8baee67dec252e5b6601701d5810322c1fffa3ffa0dd450ddc9b634fffe299bb19069b9c780f98fa91f62a07ae5b02e6a4f269c7bfdff261dd66a6819b99f6ccaee7d0fddcc4d040f563f0413b7743015a661870bbd8faa050ae6e065cf7bffbb7bfa7dd430d5cedd8f32fecdec8c1030e61bb8008d5b145018ebf9e0270dda248e0d83aed16c07533e0ba197083efbaf71dba3b95366ddab469d3a64d9b366ddab469d3a64d9b366ddab469d3a64d9b366ddab469d3a64d9b366ddab469d3a64d9b366ddab469d3a64d9b366ddab469d3a64d9b366ddab469d3a64d9b366ddab469d3a64ddb9b65ff5f800100ee63ddcac18541a50000000049454e44ae426082, '', 0x89504e470d0a1a0a0000000d494844520000005000000026080300000064b4ec4300000090504c5445000000e1e1e1e1e1e1e1e1e1e1e1e1e1e1e1e1e1e1e1e1e1e1e1e1e1e1e1e1e1e1e1e1e1e1e1e1e1e1e1e1e1e1e1e1e1e1e1e1e1e1e1e1e1e1e1e1e1e1e1e1e1e1e1e1e1e1e1e1e1e1e1e1e1e1e1e1e1e1e1e1e1e1e1e1e1e1e1e1e1e1e1e1e1e1e1e1e1e1e1e1e1e1e1e1e1e1e1e1e1e1e1e1e1e1e1e1e1e1e1e1e1e1e1e1e1e1e1e1e1e1e1e1e1e1e1e1e1e1e1e1e1f1b438230000002f74524e5300f92713ee9e20957ffc1908e80cc8be5f04da9af5c2a33a2dae34f2dfb7a98f88792be4b1855854cc74444a2f2e6d8ac95580000001c44944415448c7add6e98eb2301886e1170ba56591454541767767e67bceffec3eda9f9319a6255c89419a78070b3425e25e8495441e273a4522a09504223a5192d28ad2849c9056143a049a157fde459144aeb22dfaf4c868166683ecbeabe5f7892fd2606170d35ff023d7af160483ee8c5fc9f6641bbc5f306b2f429b20f3f0a703370fc60718a847b3a0ee1989b861f0b5775dc700aea159904df8c6c0c92068c92a9831a66794317da2e9ef2c08b205c1ac71dd7e3a366e3e55be1ca96656e6d92371209f43681d7c007046a227f601112fcb1c385cfd14484409ec6c83610eaf4449b4c5392045001551824bac0799653005860eb29a7eeb86a4dc80a34ad54474982edb2e18d7d09aa920bbdb6d88a9d7c117d07d08896b66177c410ec7632be5bb9152cd664042ca299809b56c9c0b6639878c7375e03c8cb91210857a684a8ed517b3796c5231f17ddff3bc9defefa68fa24f3c450dec3cad330afe8331dfec2fb730f48ccd822c8791fda7e94d196b1838bfcdef32375862f3a3cd6313f70ee615966f0a5557ccd87e2c580fdfed6f57d93cecd7436d1c923dbe9107512d5cb1b5cd43b4dbdcd5f26d79bb9f681656dfceadbee15c7f4b4cbc586fd35e70fa0f33c09f2f047564d50000000049454e44ae426082, '', '2015-10-30 06:24:55', 'user1', '0000-00-00 00:00:00', '');
INSERT INTO `user_detail` (`GUID`, `USER_ID`, `UNIT_ID`, `FIRSTNAME`, `LASTNAME`, `ID_CARD`, `NIM_NIS`, `EMAIL`, `PLACE_OF_BIRTH`, `DATE_OF_BIRTH`, `GENDER`, `USER_ADDRESS`, `HOBBY`, `PHONE1`, `PHONE2`, `CONCERN`, `ABOUT_ME`, `CV`, `MIME_CV`, `PHOTO`, `MIME_PHOTO`, `DTMCRT`, `USRCRT`, `DTMUPD`, `USRUPD`) VALUES
('f40d18cf-7ec7-11e5-aa82-28d244bd1b19', 'f3f1e27d-7ec7-11e5-aa82-28d244bd1b19', '61ddb5a0-7d01-11e5-8cd3-28d244bd1b19', 'lcu1', 'LCU 1', '1234', '1234', 'lcu1@lcu1.com', 'Tangerang', '2015-10-30', 'M', 'Cimone', 'Hobi LCU 1', '0813', '0856', '', '', 0x89504e470d0a1a0a0000000d49484452000000dc000000a0080600000067ba023b0000001974455874536f6674776172650041646f626520496d616765526561647971c9653c00002c024944415478daec9d099c1c577de7ffafaa8fe9999e53f7658d4e5b32b2e413e353c18135e132c9ee66f301823ecb7e36b004c26e966c0c0b982c04074270201bb22c1b6c3e0b641363eb40c63660641b5b3692ad9164d93a6746b7349a7b7afaae7afbfeafdeab7a555d3d977ae4e99ef7d7e7a9aaabaaab6bbadfb77effffff1d05a04d9b366ddab469d3a64d9b366ddab469d3a64d9b366ddab469d3a64d9b366ddab469d3a64d9b366ddab469d3a64d9b366ddab469d3a64d9b366ddab469d3a64d9b366ddab4f9ec995dcfddfdcb6776ddadbf096db56464a65ed8b6ed3bf745a3914d91481428feb329d8b60d3665c5a61dd4b6076d2ab639659052da81eb54d9ced677856cebf8d87ffce890fef9b569e0843dfad8b65fb1c5665c374d8303679a26430f383c9e3118d94bcbb29c57d4e6aff118a7d890cde67cc0a9002adb39b094432df639ebbbe43665d9c1968394bfdf669fcdcf33f8570f7e65bfae52daaa12b87ff9c9561738f76209610597865817af816f04c310db8078fb8dc06be5fd08552e9775be06a27c216c9f552c422a95e280138e35a7992f0bf9020c0d0db970db023ca6bcec7c39e8efef57b7ed0af9f33a58190c6c1b14db7df6ed6f7df3595d4d3570d36efffce8e33ee00cc3e0b08080c7504002e2016528eb0e87b8cd70618390e3e4394ab6b99f2b4156de6f78c7382a4915550d2f232323901a1d75c0a5d45362f66f946d4f8fa6f93a504fc57199ce6420934ebbdf8d19313bd84d63104f303838088542a12cb0cc428167206b975a03e7d9fffb97c75ce09c0a6ef860082fc0e192a079a008a5237e0574a11130a99fe329aa032294f93c0913022741b2cb006753e5181fa0b60ba0edae3b71ab04321c68cf7d46459580cad7087191c1488532abef45808be8868b7da661749b914837bee6ef630a8fdbe3b1d82ef97eb401a6de0185ee66f09ed4284dcc22d57199b4a4b28f14cec3f1d413585140481fc4e83c881af59e9281544480d6c4528899f50a70e0c236a77e19c4230d2e682a6c2414365060e375d6adb8c18aad16086e93ffc439bce39c13a9fb950f52cea1bc27f0b968f5f5f5a5d08bb835994cbaeba2b48b02c9c64675fb66f5fd2d2d2dc1bfe901f6515fd228d514702410c3b138cace42a4fe223424a27cbf53c77add4a2f6fc93206ebcebee86d10f5575ae66201a89f6ffe1a55654efd6a9f2320d750ade635ac712b3d807fb9a8f16ae75a64a5161f1a3512d052b74480540a1ff8123ee0733b3dee2454e3bbb125d0cb3f31b0ad1cb8133d9fb62a072ef863ba6e9ee3fc4df25cec6e1f8fba50110ea877fefaba98784ddce3a9fbde0b02682ab556dcd909f4642f7a8007403d9d7ad6f7f932f552b46cb06ccb0fbd789f4162d0185de8aa9b7a8c01516888ccf7f6294b93c4a131b2b01460b6ac23cd10234de3c23711103d95f5d6357235081c094984f0753a39e8405127efdc95bf768cf9ea6231576955e06291c035f1fdc4fd538ab49f1f4a1579a66243cebae4c2a92a78d12ac0b91c0df93b11fe82076f40c523a41e629054ce47ddf747a00e11770e2502708342b3b5062234a978121ab99a5538b709408272d9bf35360dc0b4c277457e4423ea131e1538203145ad49c90d284f33ca7e0fc61c64d972d077d3b0491e12b0104cdae08b49b5d51070081aaeabed6d8e7b59393aa8ac8c36784d7244578eb2ae829a00d2df486d254df047757a9104b385d3910b95f114e1297999a0d116b839c9d82ec413d156e5c079ce1f04609b7e12a84d1cd123d5ed724ec74dd0854d03579b311cb8311cb8ed6857ca782c44f133e9ac87ce17bbe918aeb6932600fede2257da6c11e7495793cc4ee2fc8df89aa1da4b9a00803f6eab6cce64cae019e4cdbf962b6d16c9eb18ee32cca88a7841c952baea36037c3b9b0f0bc2586f76541642e39023fdfe9e351ab85a4d9a041abf67d25d9f414750f18cd9a0763a869b35319cafa7c90cabd978b9c5a2039d61d4306eb4b469405b0d0227633715bc9968d84d128b19a95db5a36ac2442b5c6dc470c14eb4beb16c30f314ce7fed04704ca8e8a35c630e252de96da2ad4680f3ad13d5b5ac06f520ccc524dccdacbd104e0fd1a9399732089d3aed4135f5b9b2b1b70afb3b2266adf454a13a86ab45852bd10b7572a02a0b8f5c17d3ae05dcc03f164e2b5c6d285c499612887f22a02acc4814988b699a144ca3ba89f34d19a119aa51e0dc5e1dde3c23d5685691d166da0cbc2a762995f95bb4c2d5884b591a8cfbfb51b62596423a5ba8ca2fbd68196059d579c370a79fd059ca9a8be1bad54c989b2f11e0c523f555fdc56306d3aad666037f9672b3c6a8365ccaeea04fa9ceda456a20e5874a879577a6f44c71a769b0a174da85a04ba9cc1ca6ad06800b9ad79dcb3f3372b55b81b99611b872d061a6d4999e5d6dbf269382d2038dea10ae669326307d532bbcf94a47c0a4b4a28914040a5d566c07b4ecc9833556d2040293d76aab21e0bcf1709e2b496a70b2118ce9a63aa29c8a614208ae55040ed874b654520abaa749adba94257d29956701d49a61e37834eabf9778131bc9f420714726c8ae63a8625736ced35dbb6adea554658e4085932634e4b37dd32913a5e2079681f92085c3e54dfe4ac3c1715e13f146e2ba6912bae07b10ac4281f0a236291032765398fc9a26cac544bed6e074ebda6a3669e29fbdab72ae913237a50f28ea0204ee316a1df3a64687c079a842a6d0681facea7bd4e403c65e081df64841b8f279560a24000c0d05495d9f2c68a5e7206520f483a605ae569326214fb1b97c61f31e90a12a9b276ec4eba86bd3900aa93e3d2700b07a1e0e1bf5c14ced1075a48e8b58283a230d5417ce9f4072c4d19b2eb0345bc8075828fbcbc1110433f8b53a0a4a7c6a1af6e41e6d35045c306eab94baf1ca6f7b80c8cec53ed500a93cd4e742962aa50391ad3ec24a3d0b21fe63958270a19a15d5de2794fa9450a58d005196d477bc1f4c757f105c12f0a603cf1f08e4a53cf0f413746adea5e43d4d02ae64a5a08b479330bf6995db2e35903a0f83a98ba23e523e0bf3f279d741fbfc8d62ff05d877e269c741140f1459d0ba0ad62e791bdf7fbeef047bbd526c5fc9cff5b3bddff5250daf5e722bdc7af57b1dd82c80bfdbfa790e06cf52b27f8be6b4c3fb6eddc2cf71a6af8b2f17b36d68995c0a1ef9f9d7c50326d9f10c8285ad57c1efdcfc872e303ff9f577d8e7f68aac273e58a41e7effae4fbb503ef28bbf8404b16199e17575396d9b90a6aa1b493d371eff33c293263a86ab5197121fab1b8fc72b1fbf31e5faf06f3de46e7ffdd4f3f0a35f7dce851aabe85bd7fe2eac5b76077f4f263f027b8f3c29dc5b27e1b176f1db60f3860ff1fdbfdcf70306e80658b968a3fb37ec78e91fdcebceb1986c71eb5ba07dc106f71a16b62e8773bd5d1c22acc02b175e0bab165dcbabf2e94b9dd037dc03776e78b7ab76eb96dd04874eee11e7a4ec5ceb61c5c2f5eef776f5921be1c5d77fe6eebf6aee35ec86718df8fbf6826551fe249ccdd12c6c8a78fd5111b8a356043a0a51d85d8c39d019844f07887f2a31fc8f57d60ddf93b7aa9862014b3e5fa898c2f91ec6c814a3fbe23ef7f5faabee8462c106ab88994167d9d2b0d0dd9f8831456c5ec9b63bfbb0f22e9f7f9dbbfff8d90e78adfb05dfe7ad5d7c2ba44629f4f503a4460016b5aef0ed7fcbf25b9ce7c6e139d9f95632d8a41d3d7d10f61fdbed3bfedae537b3e36cb7ac58b8cee7fbddb8fa6e762e4b9ccf866b96dee8ba909de75fe7c0a498b87d27d3c08b54b67a46d526b3005bead2f095fa61d840f2ee393864360d3c0c52377cd70c70e5827b98862c65d745ffb3e8af9abf89c35614d02d6a5beddb8f2e66a1603bc714b0c26f742bf4b1d3fbe0e0f1e77dc7af59741b8c8e507e6c9181b066e906dffeeb56bd15ac820084ed5fbd5801eee401e81dbc08677a3a3d4057dce21e6bb173ae5200455b3cb71d9aeae6bafb55200f75eff19ecaca4a47310a9f4d35c291a2e90be0e632f83e91c8c047626976dd9673f3b1e4238b6ddf33c7bffd3fff4193544b0ae7a6002a9ca594d0bd71f239dfb6950b1970ac7261a5c6d82d682b166d1215de86052d2bdded677b8ff38ad83370014e5d3cee29dc55d7818d959529c592392b4aceb774fe2a3efa01cfb7b8ad1d12f124df8e90a5b3a3fc3b78e6d5ed9ecac61be02ded3783cd6e08cd0d73f9eba0ad6fbf899fafa97e0eb436cee7dbfa477aa09fb9a75e4692b8aee4d7530df042ce797cb31a96dd1e2b32c5cb3af0a2d259547936b8edfe3e1aba1a00ae5c3c5749e0f034e7fb8f33d772445190bb381c784757dd4969ab975cefba948eba8150b70e48a5080c0e99f0cae117dded739b1730a856f0caba74de8ad0ebb86ef5ad60b18abc7ac95b94f31d74b38d074fbce43b7ec3cab7f28abf6ad17a77dbfee3de3137af7b3b0704dd4f57ddbaf6b830c907a2f0188dc76904fe291387de92717a04ee885bf0de98ea5eda2e6c94dab36cb2f71a76297d2a47d4a9f22ae39e12e5f51ba73c3770c9dc354c711a3874aa3b99165026e28db068ce6a0ec8e239abbc0a7fec00e4f2063fdfbea3fe38eef60defe4ea876a26eda9971ff332974c0531465ab36c832f7e93179ac9a7e180021dbaa178bed54b3d401f7de67b9e6a32b0eba2f5b052714f3970e0ef976a08e8b06488013f1e8df960934d17ef4f14a1d52e42de1ce2c0b9711df57d95da6a2569e26b16a894c2116fdabdce0bfb7cbb562dbe815728840fed74cf513876ea559fcaa1622d9eeb0179eac2717754c369e60ef60e5ef001851575d97cc7053dc98e7df5b007e5f56b6fe39f87c7f98023e028102b073b5f76f7d5d72539746b0470786cdfb03fd6dbb0ea167e0c4f0ee547e1f8b943de34151c32a17084b89fb1af18f1c1e6fd200e74a8fa089ba3705ce564a301d16e650d254d7cbd4c2a988491777a55e11c05b9cb016ede5afeba6fe83c1c39ed01b772f1f5904d3731257180bcc4e0c2e4860ac83e25bbb87ce16a98d3b400d6b56f14709e80c3ddfb598c967201ba6dc36ff3a5037827737347390c4400f25ad76ff836696fbfe1fdd0c6dc5519efa1bdf4da2fddfdbfbbf9a34af6f490e24a068ae10187e554d128810d0d5dcb36705c4a59289de6a1091ab83751e1e42f5b2185739f55c02a59ae300ae7fa8e7999c5a537406b7211d4c793aec21d3df58aa2583730f7d0af6e1c36573d08741c7bd1f7791fbcf73fb9eb271970783c4227edfd777dd853b7538ebae12f64980c04d3806c310d07bb5e5692311b9478ef35fef7f854505c3bda6b9dbff1e0f20d750a0c7d3202df6b00bcebd9b5d8b62580a352e14c0d5d8d0017f0ff7c4a57499712ddab2ec5ad9cd3bc18ae5b7d9757a1993bd979f6388c669c38ae8129d1efdcf66fdcfdaf77753835cef01211c7ce1e74150c6d5dfb26b75ea2c2a1dabc7a5449aeb478099a23a70e786eb4ab3e0657b9b0bffcd899d738ec032397e0cca5ae92fdfc7dc44b9490925117de599799341436b46b4c5351371ec3b92ea5762b6bc0a52c5138e5ae7cb92e2501ffa0d6d74ffaddca7b6efc0377bdf34c0f0c8f9870a8d36bb3bbf9da3b030a474422c28183b0d2717cb72fee72813ab99f43ee264602e6c46f0e684489b15e3bb9c7e7564af733974f3b603205daf3c6af7cfbcf32007385b41bb311efd9cd25446d8a586561e33785881d6c1698858fa5ac45e0823d7c8917785552e1247c38a708264ed4e60154393454b5f3bd171c28bbf6859eea0de61aaa8a2493112a70d2d08d94151fdbc64e5f3ce1db7fa6e70464f3a33ed854a5db73a41428c7ed74403fd4fd9b1275930ae99c2bd0534719e9803d4dcac1c6b39f75d980bb6f57572ee04db699db97b24ccc55e9c983d467ce6165ec3cbf0fd62fbfd3774cf7b9e3eefe37ba3b4260ebf04d52abc642fb4fbcc4152911f31aa74f3145e215df709a1050cd962df09a0b3a8eed16fb89e7fe19a2e33f7bbdf7e8b370e775ef718f3f71f6108ff1f0b84f3567e1ff30b772dbafbfcf41c42ff25c7f37df8f4006bf43090e8e7258438a705ba438c68f40dcf7a0caf1bea64a9652e354cdc09569ec9677e74af4e19323c5d404422870e78fb9d9c2534c8d302eab577a779c3c7fdc4dad733088f3fc6f6a38435a8e9e3e001b57bd4d51b04e476d0400c759ac77cf4df77919458cc71010a94886f7c420acd9e7074ec277b67f91832abf0713e74fc7f63af6df7f6bc9c25fbdf6531815532fe03599a6e12a25a863e0046c750ca03f8c67c6850dc2e73351dd4addb9b2369226a0c026bdccba0a644dc04d9a6085dc7fe2d72547619b19912e1babb841953b7c6abf038fcf6df35cc0fd9dfe5e22677bbbc08c186e79ad7b0f7c77c757e06f1ffd2c3cf8c34fc1890b87c43ed90bc4c97e4aa84df659dd3d6f40246abac58c3ae7eaa3265cc5e2ac3f48e64b275e92cf6a56464a58acc42d1bfe736c94f79f1c0fb6d399b8a78ab61bc34574e2a4ca15ae44e9889a49737ef0e6f852b67eae022ae764ec7062d653e7fae0d2d00598d7ec650c7b872eba0ac153f90cb01bafbeddaf58d2653394f43a7562434ce57ff3d13f87c3270fb8b3489b11d355443ce9a193bf71dbbe226c9f4c80a82ea5f3a713e72ec9b751ff3c29387ece763a21df112ff263ff7134ee32e44006601bee06580c167c24968165863d2e6c6809d3f6dc49275b8967c34e98d83460c9231974f4939ff89826ac6a800bccbc2cfbfef902f6cb8edfbca90846d306f4f619ec9c36bc7ae405f857b7fc5e89821922e6da7f7c3724138d5cf9d0bdec4ff5782ea0dab685bd355875c40ce189f38e6a819833c84dae48d109cc19e9f673241ec4aa5f62c811eb024209d47e2b06699a817ae240379781f477a938646ce7c6c2f3bdecf8045b7b7b240fef89e627e446cae5dc68013eb2f41cfce0ec127e373128fe85dcd5c8b2628ba32da1741aba2a4a9a748f95b82c9b599982c4a552cc151b30788545d579e1e0d3dc6d4c6546e0d2c0050e8accf261bd1f6080edd8fd7fdd395042158988519b3671665556140988d7c40144d56d7f55273ed8648696ba6eb53fcbe8a817c2b8bb10837b0448d7446df85a7306f61522ccdd7464720ebb8edba2c531b39161b0c9edb7b70df1bd8f30e88ac522f68ec6f68e9c021c08e8f828020d5d15264d5457b2927369206cbd7d11c7b114ca71a6b7134ef59c10f398509ffbe72a0d0dce9909fe8ca274810d679a3d23381b81eca2464aaab8a7704a8ce9cdfda5d67faf17b6376318859d8538bc8da957bdd85dcfaeebf6b8c5f659e18085c116badfbbc2db1874680f9fe14d274d02b8e09910405b4357054993a09cf940a3b422f3b38da488804de9de247b7530b5c2a405aa5b24e2242a4c911031e57ee6469a227633dc4ec0fea49d543bc3f07ae53bc783afffa21928f25c226c148913f53a65a2c76b47940ddb59b6e19f73758154be02cf65c226b7dfd63a041f5972165fb5b1d2c24a23f2cd4a5cc4753a915235c005e09353b381fa30c0cbf0294798b25deaf56093804810b0d2474c842d0095417c50badb83eea4fa258b2ca30f2605281f480a4c6a06d59778578e0579bcdb96e85cffcb76145e2c444b618332e095858d84c226edf6d661f840faf1ffca56b117f55c05bc042b31e145b9d0cd76f0aaa6f3b23be98fba6f8ae7c6c955fbfacdd02607379d6f2a0dcf41d0c28a54310e10558a5420e282a42a930a985b8240c118c5754d15d51437821fe4e3f08b5c64022ee458b04159d8e47a9b3d70d707533ffa56abd5bf1c4344569a455c975032986ee3f86c866ee602575242e6439c0271b91c8173172263ccc7afba81e5802a2d8494512b57a16809483041a0c63a8080ffbc3e179529f3a3c538fc7d1a3397632547a60e9b5c8d43aefd5d9927ff92417795703111ba0691c18c69e8aa4ce1d447dc4e3569824f98e9e9354360739026c42b9302aa8cdb3721a0bc0c4979a0c67caff71940bc78ce8b41091c642273ff681d6ccf9ad06b8f91899c126c9ecb594773edef49ef7c685dfe8d1b95b82ea9401799edd0cde476389fbfa766e1a60adc25061bba93b29af85dca717a259129edf2fcd532e726e3c5a213eda128b39a3239eab6051afc065260eb3b2d023bf2362c011bae366d4810509e6f0070380fd05d00f81043e4ceba89c2e6df1e85e2bc5bb27bbecc5e7ee1706cdd3e701b427cfd2d2d51e86ccb6056c7c33cdc7910e918b7ddb16d78d8844cc6e471557885a5e3d5e72901e5bcb7024095fbd8c0b7e134ff898670190fdab834b8f2d94cf92ed8069cc3c1a316559ea7e08cc8a04c87be9fc526121bee884d0e36679da92ad80db7655ffec6c2e2c56fedaadffcb8804df501f2e25df66c83ae6adae14a9328134f9ae47892c41813aacb53290a53a7753cd59af8f94adaf104784e3c4a396cfe095d4bfbac52f1bc851f146dc8120b7e3b4227059bba6365b1eb53f5a399054f34bcebfbc2a5c4040a8ec84d87281d3f53ad835735c373d2e90c3437374f3a698271dbc51e73fc01ab57c2edbb4ca026f25184288de2e2d903d47440c2640a6fcc07ea7bca8fef26479d0792d8ccfd7cd432e04cc1822d116bd2b049632af7fb1f18d9bae0f1c6fbfe5ad43753c91de415f026e7b268e0a657e132994c89da4dc406074db08ae4cd71fba600d478bb27321cd0778cf8b38920918821435e87029f43eaaa1eaaa161d9f01bf6dd658a001f312d16f38d075bf09959cef6566b70f307877ed4fe44f2defb07cc36e95e52e54f25023abbd695ae6a467c97340b4cc89564b1db8831a96c5ff8ce71a02a93b52453cc5a1252be4c043675580e00f15d9333bc07dcb63a99c9344503bfdabb26ca96d12881438609df2c46c29b16c260a3ca76b1394ef3edef4a3dfdd5abf2a7d681d76c30ebdaeaaa673c5c10b6093c2aa9b7373231a0c814812a03152153076a3ca826fbdef0e3826d8ca2c9c3ed6503bca3b6031e2b51032eb0e5e78b269cb2e8f8b0853537e0e8459a6bffadf4b30fadcbb9cd062a74b3a2d9a06a26110ab6c98da772d84f121fd53b1d40c10c02ca97ca20e54ae03c10d25bc59d114df427152a689a123a138aac7c2d45e195c1fa49c326cda476c32de9bd5fbe31b30fa7449b13025d4d2b5df5f434a130e19e26f870459cdfbf3adcbe8903351e54130e2dcb7c76c9c872c3713723dcb564256640b1c1866f772e80e7fb1a02b091716193dbb1d96063e6e057ee4e3df7afc1df07533692fb5ccc5a82aeba6238e5b71c2b67323c6c806591aa71fb260ad444a11abf670b947482264a2f1522c153fa66e26809042f56e700f9bfbbe7c077bbda4a3394e3c0a61ebf2adffdc7ef1ddaf9276c759ea2760d01e86a6ab441f58c87f3646ecc2c25aa1bce1f59364338896c5fe5df4ba152938e9109ee2453b8fee07e3ee05500698ad9c130c67bbe2f093d5903eebf6620cd54ab7e32b0c9edf38a7deffec0d0f6e4ae863bbe33106993d94be952e6c4b228dccbaacf60564dd2a4b4d13b1cb89111675e7c63c6c5519374fbc651df720a4542fa804efd6f2760b3ba5eb03390b74761742407f981b80b2196c32375f052dd5bff220fd1deb16123e14ac8ced1521cbafbdee19f3fd85a1c901d9f9b024a175105ba9ad5ae0a93264a3c17025d6ad4a88e38ea72dcbe8a01e5150a1658340fd9620a52a9340cf7e5a1bfcb84a1a34d307c60190cbf740da40fae82fcf176df639fb11c895ffdea8ee4bbefcf90ba53e5618350d8e43db58ee6db997bf9bdf599376e12ee6530a6ab890c66154d041be88a44c360233c769b0d6edf545d5e9c29d9a245b0ec02d89441966a002bcdea733e0134d30034cd3cc3a21172a3b3dde0594e3d2fa1039cd8cc6c214f24ef7d6073fab98fceb1066e9f0c6c72bb09b4e1a6d157bfcacefeb93712d7ec83f20d3755db07b33a460b805fd528d0d066389c796bfc8a5adb40a98650215c1cac4c0c683ecaa0aa079265c291651e5bde996392a8cd2dcaf3bfc7eabf2afb688ad77df8710cbadcb6c6f77de33d233b47e6177bef9d0c6cd2308379ebe89e87e6172e7dfbd9a63bb7079227d8dda820623a1baab02b5875755e1e631221ec3399cb19ee6f50c1470f4c09aa2b999441a0b014ed3c50a6f0349b0048370229d43925dd0aa6fbf00df03d9fbb5c3b278cb31dfcbf817c441076cf2afeb4f1dd7f7fe7e80b27d7e44efcd16460536d65befb93748418cf35deb11dfc333acb6f8743576d53f1550570ce9d34f0a3077e299ca384105a59a866804a050da1b268813fa3cdc836835d8882914b82996f8258be9155f9880f26d95939e892076f5cbe4e051032f6d05bef66bb3ad896fdec77d91f4f24f0f13f59c5d5c3623ddf70fb76a69c7475bef363e00e38201398eac1b355b9ae4fe057c5a0db065e07672f98169f594dd055c57838b5915b4d9a442936dff4f0ed990ca909a0e47b8b32c6b28b3cbe22c538180ca84801c16a02c34ab840959dff256cc6b390d983822ea3f2de5dac74b3759cdbbde3c73ffee1b3f23d226921e32b53014142673f97bc633b4d11824a47c79888681ce8f029969441f71884cdbc214ab5c4733318381a4c9994dc95a346822ff379701aba67b0db57eebd967407ad3c9f83dc28242192672ea0550f31ab81c135373481a1de783c050baa19945532b5343636a217d13dd0dfff30828590fde091efef1feb6fc0ca2ddbc5c03fbcc65697cf276fdf81cbd5b9ce8f4d06b4a0d2e54974e4a5e45b9f0a421d004f0377193993c190ac899234f1bedf74da28dbd03d13a092564077502857b43087ab56d46a66a515a2c566207674ec8445a882a9e3da68a89aa9f0cd9d3b17e6cd9b0b4d4d4db074e952b63e0feaeaf87c0aedac6c0667c6ebee471efec771ffc610e87cae9e581a0cbaed78190cba8f4ff5fb5c9b3dfec941b3b9e770e29abd227eb394620bd59df1aee58c7ea6d7673ff70597aa152b56407b7b3babac5e7cf27aef53409af7424f4f040a45f2a603e5c65922c6c20c2129c6206a374384811567609976126276ab930d948a33c6ba8428dc750c533e673d1a8d31b8e6c0e2c58bb982216408d7040d6f765b5979e09aabd79e1cef60a54d4cce5d1211d9457441b0111bdbd4daee1a79fe7dab72dd7f3cd5ef3c4be2277fd6fc8ecf0d465abb44667450246cf202420ddce5d8fd9ffd7c2870729af1d7fb9e04abe115b8d813bda240c96f0eaf05632c4c6410db146035411d9d03119a8484bd70828ae525256c5f82c2cb2ada63c0d7d6d6c6a04ac29c396db068910358535363a57e068ce3b68c075e087418d761ef7f9c89191bb09b0574f75d0e74e7a20b1f7baaf91ddf13c17baf800e933605a9b03319baea984448c670ee6399bc001f67e19a0a581301cae70eb218cb4962142041178061d731b092d0008b214edbc0a0b15070265a42b281a1aea365d910894420cedcc0782c06c96412e632f55ab870012c5eb4683abe7aee661e3e72f421a1784363b8976a1c0742797cdfe4738d776e75e2b2a941b7a0d0732f5bfc1326a6c199525ded8132e3e3b8190ddc987d2945e6722c579290c96b3b6f2c16ee60842620465ba10edaa08dcc653e5223f391e63a2a4b9c9b80a33cf2196dca8886607abddc7ac86cd2b82c160b5cc91209760df13898a6090df5f5509748f8be0ffcfcc1c12118181884ce135db0feda75d0d6da3a1d3fc7a759b98f81771f836eff24a1830074db28107375ae6bd2311d7692be2e7d70e381fa0d031032525c0357a94c65a0e3b2fc97cf8fd1bb64bc2e4e769127320c1a810499c3fc9f16a837e6418c3441a3b9b4bcfb0765d2ee5358e7b14926c3ff86baba0453ae38c4e3751c342cf2f1caca13477d9f2dfb35e2eb6c2e07afbcb20fd6af5f074b164f8bda6162a58341872ee6231384ae18f6cb3cdf78c7f63c89a7afce1efd381f693009eb8e2f3f2f405361d3c0552053e9478f82dbad4b26e18a1619f7ab2e0a7710dbb61acd25ec8fae873883aa397a15070cdd415969edf1ba364da2047b6658c522e40b79b6b4789c85ca158b46e1aae5cba1a1a1c1f75ef53a3cc526a1ebce53553df08e1e390af3999b198d46a7eba7799841d7cda07b768ad0f1b6bb979337ff7c20d2dc7b6b6acfe7270adda5c89c3dc36653baf48e5c1d56352ea5fb3cb6405ca30a196f2c16ee609434b09284a6c85248c617409dd10c0de68232fd03c3bb8c8de7d296030b0baa568e290ec65bb1b8136b251b5861a02558fc256f1c6160850125b7955b57c12b5a168c8ca4a0adad753a7f9ead0cbaf649c47445f0b7a1e17af168ddda3d06a55fb83ebdff937534b77ccc1b2718993d0d373e29922439a579a06afa55ce78e0d4cae46b83934993420e1a22f32161ce8144b4051a230ba135d65ea2164137b06c5c0863f5d22805d1b28a904933b8f279a8638a55c75dc2182c5bb694a958138fbdfc508348f73b75110772dab61d0a57f03b9888cae1d262c08d8e4e3b702d22aefb52b903cac474aaca71f80e27aede7b213aff73f70ceffa74939dbaa91c6ccf37defebf2e46179c046f3259095dd50037a3fddecffcd9fdee97884d02cbdbdb95b6aac9b44f851715c489b892a85805065684b96ae80ad6d727a0b5b5558065b82eb0da30efbedfa68a3b4c7d7f87fa3704af437d2dd7c3b6a9ebdd5d9df0ce77be8341bf6cba7f22742b578c77d0184d06d8e28e034d1b05c0ad37a7f6be7d6deed88762b43857be69c06c39b43b79cbe302b63ed11cd08fbb44b65282874d02542b5c25b294107401c3bb364d2ac61a43c18a85020c8f8c401453f04cb9eaebeb61d1c285d0d8d40811d32c4d8352eace7aec4c31eeef608d3361c96bb7d5342a554f434b1ee618a674612ae764368b70e6f469181e1ee6d77c05ac7d22078d93bd94dbd0352cec49def4142b2faec91e5f1bb773cd7d91b6c1f3b1459784a2215cd8ee3624542ea870ba59a05259ca42a1386ed7a689c65c6a41f72f1e8b437373138fb3b09b13361afff4a73bd9f628ac5f7f2dc4d81294071fbacfde561c044aa897d9716619e7331cbb6e306eb0e56d5e4c3accdc49543977c239eab5290663b52078ea7e742107fafba1b7f71257e11b6eb81ee6cf9f3fa37ec931a05363bc8228a96375ab07850a1a627f46409712e0055d4a9d34a9649632c5d4267c9cd6c463ae7a4cb5333710979815c4128d4614c5f02afca64d9b60dbb66d5c2dd6ac590b8b972c164f1b25ee238afd02e750e641a680254d541d83fdb3451d511f9355ba0e651324b8c4e9df53a9140c0d0ef01b12ba94b7dc720b2b375f91dfa7b7b7b712d0a90a6709e046c1dfa86d0b38b3a264046c0555ddf468810ab9946e5b14d0d027a1060b4eed96483440b2a19ea9538cb767a14b28cf25eb3219a3657ce9d22570cf3df7c0eedd2fc1ebafbf0e9d9d9db060c102a61cf37807e092605840e85c03f1544d6456b9c051a184c2ed74dfa7ac53dfbabf4900950c152c9bcd423a9d863c8b27d1f5455bb366355c7ffd26dedc70a5acbbbbbb124a275d414ba8555e00271ffc21ef42c5800a5ad596a19cf14993fff2a77fd625e384e69666d8b8715349bf42042a623a7116aa17660a3115ef298137c77e1870eeacc38ac2a92a820af2eaabfb18705dfcbc262bb8c4de1cc9c62457c938cf4ed681892ea29066aa74f1f2254ef8365b5957131fb69b40c16d0818c665050615c2c50163af7961dbb0b901e3cab56bd77077f84a1a82ffc31ffe982db39bfef6a1bfd93f95730492296a42c500ff33e5d4e6042bd0b4505523be677ceb3c836e23ab805b5a5b5bb76cb8eeba0ee60eb6d437d46fc264464274732a551b5231e0e47b11bc3367ce4057f7491861ee6d4480172c98b9c406676c0e70b645f9c4a984cf64eccce948d8d2906e22b69b09886ccb76012b140bdc4d745f8bd2dcd4042dad2db090a92dc69dc1e4d295b21d3b76c2d9b367f0b33733e09e9dea7902d0a9994cf575d8a053a836d8aa02b8a03dfd8b67beb860fefc07c6fca3a60138f55c58f1317e191e1e81fe8141de549067db54f0103abe94dba2de7a54bcc68ec8782e0f2a0f2e0e288316d513cfd5dcd4c8554c8e7b5341bbd2c03dfbec7370e4c851dec9e072811b03bc71b369d538216ca4da2e187b5034616f8d32ea76250cdd581c67b6640929713fd10d348801236cdd104a864b621a7c3bdf6610d1e0ed345263fd31995b8c6ea4841520bc21fecd3474695f7ae9653876ecd8b46431057874a2c756a345aaf1a22ff5f6f1ceb9a669cea8ebc23169b2a9a0a5a5d98305bc871f0655a934c33a33bff3fefe7ef8f5af5f60cade37ad9fa31f393c030defb47d7dfd3c63a86dfaedc0810370e8d01b9820d15fc62c048ecf75822e1b76d265f11cef56a5adf28649a2bd7b5f65aef2088f37b5cd4ee03ae40ab6479d3d778ecfd7917026c2d15601c3f6b523478e713752ed58ad6d96ba94aa6186efc2858bd0984cf2b809930edaa6e0a6170a70eae429387aec1853b4516544c3d8de462532941ab82ab4d4680a46474779ea1cc19bc6c1973565172e5c8053a7cec039e629a09a4d4ed1c843fa1b9ca5c079e08dc2683acde7ffc046e864b241ffca8a611b5f7fff005cbcd803e7196c98809aa2dbd84d88066e3600d73d9183d2990c64b2193ec10e8297483800ce46c30453efa55ee863a0c9b88c77279b7a7c36c860bbef6fbef1b5218dd0e48c54e345ffe4f1edbf623ff8667f8f10315c46e93d22b7b93d4688336200fb3de2c86c6cc09e4a4f93d2fd816b002819a9eeac4fa61daedc0874675ff01c6a4c8b0a3f34342c66f31a70fb6a6223bbeca7298173fb728a6db6d8a6bee6132e59b6eceb39c8b66dfeebaf3fb85fe3337b5cca07c099a074d296c9667991436d24784e89f265b5582693855c3e07e97486c5af691ec362e6d65660a9b06186788b866d96291cda635b77fc898c2126a3703e4502ef38f77dec1f82875daf5009711f4e5b8786dbb177cb955238ec918f6d8d857cc11d29c021c3213aac84a956b972b90ac794ed21b6fec0835ffdb27623672370688f6ffbe91751ed2a0d9cfb5e754a0331e25b9e0b3b15cbfd0821c228df2fdd4ff7eb0d3ea949998b0541421024141cb2a2c53b06f3be96d841982f3d48ac31209a06e07631e01ef8f2fff8924effcf76e0d0b66edff97eb6789855f0962b095c582ce7db06507a2d621fafc89657d94b0b9d09c075a3a27de981cf3fa231d1c0f96cdb8e9d389fe143ac5adfa781bb6ce076b16d0f7de1bfdfbf4de3a1811bd3b6ef78e26e56ab1f90194c0ddc84811b64eb0f23689ffdf3cf9cd45868e026653b763e7937abdc5b58fddea2812b7b2c42b6955dc3d6cffce9a7b59a69e02edf9ef8d9d338286d8b031fd9a481b33ad872177bbdf5d39ffa844e8268e0a6cf9e7cea17cbd95f8baee67dec252e5b6601701d5810322c1fffa3ffa0dd450ddc9b634fffe299bb19069b9c780f98fa91f62a07ae5b02e6a4f269c7bfdff261dd66a6819b99f6ccaee7d0fddcc4d040f563f0413b7743015a661870bbd8faa050ae6e065cf7bffbb7bfa7dd430d5cedd8f32fecdec8c1030e61bb8008d5b145018ebf9e0270dda248e0d83aed16c07533e0ba197083efbaf71dba3b95366ddab469d3a64d9b366ddab469d3a64d9b366ddab469d3a64d9b366ddab469d3a64d9b366ddab469d3a64d9b366ddab469d3a64d9b366ddab469d3a64d9b366ddab469d3a64d9b366ddab469d3a64ddb9b65ff5f800100ee63ddcac18541a50000000049454e44ae426082, '', 0x89504e470d0a1a0a0000000d494844520000005000000026080300000064b4ec430000009c504c5445000000e1e1e1e1e1e1e1e1e1e1e1e1e1e1e1e1e1e1e1e1e1e1e1e1e1e1e1e1e1e1e1e1e1e1e1e1e1e1e1e1e1e1e1e1e1e1e1e1e1e1e1e1e1e1e1e1e1e1e1e1e1e1e1e1e1e1e1e1e1e1e1e1e1e1e1e1e1e1e1e1e1e1e1e1e1e1e1e1e1e1e1e1e1e1e1e1e1e1e1e1e1e1e1e1e1e1e1e1e1e1e1e1e1e1e1e1e1e1e1e1e1e1e1e1e1e1e1e1e1e1e1e1e1e1e1e1e1e1e1e1e1e1e1e1e1e1e1e1e1e1e1e1e1342f7b3e0000003374524e5300e7e3faf5f2d805ebdceea909b8ae96d3c56de0a212cdcac173613b342c22540d908bb37f195a4d2f9e7a6740bd452684481e24b6536a000004514944415448c7bd96c7d69b301085d591442fa6638a29c6155befff6e1126d9c5bf374e66011c95efdc91ee0801b08fa0fa52c0680f4005fb27f8523c7b58816b0ebe18f91560eb9b400b0305be1aeabf018d9367e2ecb51c8f2b0ec35008817470782b6dbe08956de3ee118e7de17c06d61e9ad5a9794d518a23e6fb8860ac48d40444ce42b96b1f6802a95848ec8fc047aad8fc52685c1cefe0f330f1a477b513a71c0e4ab0045f4ba0e3162bea41f951616913c54c12acc0fd344d33961c7bc1f4a82fe08ca850094167b01685e25240f8016854a6240a99e46c6c0d7b938704069b316c0a398e39e9f4f749628611fa04dcbb94620da4bf81bb130e3971ee2fde43c050a95010d35a13465c859f80c3c2a9f2e3d0a4f906bc258a29361a2f782443a4148d797a37224c9186873f03ad4c2815d72dd4c04d6087b50e77f75a8d9b4e90a29478506439229048fe610daddc5334b9814cfe01e6027b2a7e6ce5ef2a41509753c879ea5129599b0af913b0a93dace0f2dccfd4d9804f5ba190f4bbcd4e4c2779ad2a4e18e30a61d85726a23f008d474208a6b67980dca1e3aaf81c6281ede326bfa74caa163c758bad385487ea7980841fde020b5bd807df4f7d3f715cb902effeea8b601378f175f66c04bb2b118c308572a3b27f021e4d3d5b524a30a1be2b6b00868e2244ccfda6bf8710297700cdc9c31411bcecc0f127e0de25588396b6ed5c8666ae810f4443e96d3ba227e31087b5269789e248270c8c9f80fb4e2aeed716300ced371ac969ad2d44f902b6c89092ca5dd536a982d49b8c15c8897c7338681e4da6dfd5314b533ec0995081d3f2b7e30f541252af038c9663ae0fa39f814c88f44ff9ee5acf65c79d2b532682adcdaa6316874eb5554f4aa266ab7b4f30f3efc05b79bc1b7ffcf32cabc2b28e977b590c2b4d77ec6f97a2187ed3cbe9be19b72a8b4bf977e065cc733dcc2acf5996058f66a883f3581f571941bb4ccd3afd52e8d7308ebbd5f2f943bfee97fdbb5f80c37cdb37cba117717a4ddafd394922d376eaa634fdd48bfb6135625200507a5eadf72d60f31d348bdf5b6f80507481ad4ee54cda2c388dda44667dee887d0b9453678cdd74a52875da818b52f3131c7d6557a0f05552bc0126da1113ec8b367d25d174dea89fd738c85e94be0093e333a70405c2f10d4c44457b2bbb323f6bfe0e8cd9dcc6b0de7728eabab6b6fad039670b73ef450cd3ae7e1aa04ba7919d41293c38820043f7fe74daa9bd166f80307518ccab4e26cee19a5927e4d9889a05300a370dbd65d71ce429c3b375142debef5d9276c702dad995076f8087fc322651dec6e3edf6a8ac25747307478351944311f8b47ea4e4105176abc479365df3642e974025734cdff8504465738cd32c4aaa9d8ec18535b8476150b47eb1db2db8379328085cec4e301f7de51ccd3933c5693c25fc4da5785dee4a7772e16b97cb169d8171417edeab43101ce2ccb32f001c591a84e7ca54ee103973ea0e60b7907f78b7f9fa75eefb17ce0af6c3b770430fabaf5fda7f0101d79842eebec02c0000000049454e44ae426082, '', '2015-10-30 05:37:11', 'aa', '2015-10-30 05:37:11', 'lcu1');
INSERT INTO `user_detail` (`GUID`, `USER_ID`, `UNIT_ID`, `FIRSTNAME`, `LASTNAME`, `ID_CARD`, `NIM_NIS`, `EMAIL`, `PLACE_OF_BIRTH`, `DATE_OF_BIRTH`, `GENDER`, `USER_ADDRESS`, `HOBBY`, `PHONE1`, `PHONE2`, `CONCERN`, `ABOUT_ME`, `CV`, `MIME_CV`, `PHOTO`, `MIME_PHOTO`, `DTMCRT`, `USRCRT`, `DTMUPD`, `USRUPD`) VALUES
('fc92bb41-7ec7-11e5-aa82-28d244bd1b19', 'fc73573d-7ec7-11e5-aa82-28d244bd1b19', '62c6108f-7d05-11e5-8cd3-28d244bd1b19', 'lcu2', 'LCU 2', '1234', '4321', 'lcu2@lcu2.com', 'Tangerang', '2015-10-01', 'F', 'Cikokol', 'Hobi LCU 2', '0812', '0857', '', '', 0x89504e470d0a1a0a0000000d49484452000000dc000000a0080600000067ba023b0000001974455874536f6674776172650041646f626520496d616765526561647971c9653c00002c024944415478daec9d099c1c577de7ffafaa8fe9999e53f7658d4e5b32b2e413e353c18135e132c9ee66f301823ecb7e36b004c26e966c0c0b982c04074270201bb22c1b6c3e0b641363eb40c63660641b5b3692ad9164d93a6746b7349a7b7afaae7afbfeafdeab7a555d3d977ae4e99ef7d7e7a9aaabaaab6bbadfb77effffff1d05a04d9b366ddab469d3a64d9b366ddab469d3a64d9b366ddab469d3a64d9b366ddab469d3a64d9b366ddab469d3a64d9b366ddab469d3a64d9b366ddab469d3a64d9b366ddab4f9ec995dcfddfdcb6776ddadbf096db56464a65ed8b6ed3bf745a3914d91481428feb329d8b60d3665c5a61dd4b6076d2ab639659052da81eb54d9ced677856cebf8d87ffce890fef9b569e0843dfad8b65fb1c5665c374d8303679a26430f383c9e3118d94bcbb29c57d4e6aff118a7d890cde67cc0a9002adb39b094432df639ebbbe43665d9c1968394bfdf669fcdcf33f8570f7e65bfae52daaa12b87ff9c9561738f76209610597865817af816f04c310db8078fb8dc06be5fd08552e9775be06a27c216c9f552c422a95e280138e35a7992f0bf9020c0d0db970db023ca6bcec7c39e8efef57b7ed0af9f33a58190c6c1b14db7df6ed6f7df3595d4d3570d36efffce8e33ee00cc3e0b08080c7504002e2016528eb0e87b8cd70618390e3e4394ab6b99f2b4156de6f78c7382a4915550d2f232323901a1d75c0a5d45362f66f946d4f8fa6f93a504fc57199ce6420934ebbdf8d19313bd84d63104f303838088542a12cb0cc428167206b975a03e7d9fffb97c75ce09c0a6ef860082fc0e192a079a008a5237e0574a11130a99fe329aa032294f93c0913022741b2cb006753e5181fa0b60ba0edae3b71ab04321c68cf7d46459580cad7087191c1488532abef45808be8868b7da661749b914837bee6ef630a8fdbe3b1d82ef97eb401a6de0185ee66f09ed4284dcc22d57199b4a4b28f14cec3f1d413585140481fc4e83c881af59e9281544480d6c4528899f50a70e0c236a77e19c4230d2e682a6c2414365060e375d6adb8c18aad16086e93ffc439bce39c13a9fb950f52cea1bc27f0b968f5f5f5a5d08bb835994cbaeba2b48b02c9c64675fb66f5fd2d2d2dc1bfe901f6515fd228d514702410c3b138cace42a4fe223424a27cbf53c77add4a2f6fc93206ebcebee86d10f5575ae66201a89f6ffe1a55654efd6a9f2320d750ade635ac712b3d807fb9a8f16ae75a64a5161f1a3512d052b74480540a1ff8123ee0733b3dee2454e3bbb125d0cb3f31b0ad1cb8133d9fb62a072ef863ba6e9ee3fc4df25cec6e1f8fba50110ea877fefaba98784ddce3a9fbde0b02682ab556dcd909f4642f7a8007403d9d7ad6f7f932f552b46cb06ccb0fbd789f4162d0185de8aa9b7a8c01516888ccf7f6294b93c4a131b2b01460b6ac23cd10234de3c23711103d95f5d6357235081c094984f0753a39e8405127efdc95bf768cf9ea6231576955e06291c035f1fdc4fd538ab49f1f4a1579a66243cebae4c2a92a78d12ac0b91c0df93b11fe82076f40c523a41e629054ce47ddf747a00e11770e2502708342b3b5062234a978121ab99a5538b709408272d9bf35360dc0b4c277457e4423ea131e1538203145ad49c90d284f33ca7e0fc61c64d972d077d3b0491e12b0104cdae08b49b5d51070081aaeabed6d8e7b59393aa8ac8c36784d7244578eb2ae829a00d2df486d254df047757a9104b385d3910b95f114e1297999a0d116b839c9d82ec413d156e5c079ce1f04609b7e12a84d1cd123d5ed724ec74dd0854d03579b311cb8311cb8ed6857ca782c44f133e9ac87ce17bbe918aeb6932600fede2257da6c11e7495793cc4ee2fc8df89aa1da4b9a00803f6eab6cce64cae019e4cdbf962b6d16c9eb18ee32cca88a7841c952baea36037c3b9b0f0bc2586f76541642e39023fdfe9e351ab85a4d9a041abf67d25d9f414750f18cd9a0763a869b35319cafa7c90cabd978b9c5a2039d61d4306eb4b469405b0d0227633715bc9968d84d128b19a95db5a36ac2442b5c6dc470c14eb4beb16c30f314ce7fed04704ca8e8a35c630e252de96da2ad4680f3ad13d5b5ac06f520ccc524dccdacbd104e0fd1a9399732089d3aed4135f5b9b2b1b70afb3b2266adf454a13a86ab45852bd10b7572a02a0b8f5c17d3ae05dcc03f164e2b5c6d285c499612887f22a02acc4814988b699a144ca3ba89f34d19a119aa51e0dc5e1dde3c23d5685691d166da0cbc2a762995f95bb4c2d5884b591a8cfbfb51b62596423a5ba8ca2fbd68196059d579c370a79fd059ca9a8be1bad54c989b2f11e0c523f555fdc56306d3aad666037f9672b3c6a8365ccaeea04fa9ceda456a20e5874a879577a6f44c71a769b0a174da85a04ba9cc1ca6ad06800b9ad79dcb3f3372b55b81b99611b872d061a6d4999e5d6dbf269382d2038dea10ae669326307d532bbcf94a47c0a4b4a28914040a5d566c07b4ecc9833556d2040293d76aab21e0bcf1709e2b496a70b2118ce9a63aa29c8a614208ae55040ed874b654520abaa749adba94257d29956701d49a61e37834eabf9778131bc9f420714726c8ae63a8625736ced35dbb6adea554658e4085932634e4b37dd32913a5e2079681f92085c3e54dfe4ac3c1715e13f146e2ba6912bae07b10ac4281f0a236291032765398fc9a26cac544bed6e074ebda6a3669e29fbdab72ae913237a50f28ea0204ee316a1df3a64687c079a842a6d0681facea7bd4e403c65e081df64841b8f279560a24000c0d05495d9f2c68a5e7206520f483a605ae569326214fb1b97c61f31e90a12a9b276ec4eba86bd3900aa93e3d2700b07a1e0e1bf5c14ced1075a48e8b58283a230d5417ce9f4072c4d19b2eb0345bc8075828fbcbc1110433f8b53a0a4a7c6a1af6e41e6d35045c306eab94baf1ca6f7b80c8cec53ed500a93cd4e742962aa50391ad3ec24a3d0b21fe63958270a19a15d5de2794fa9450a58d005196d477bc1f4c757f105c12f0a603cf1f08e4a53cf0f413746adea5e43d4d02ae64a5a08b479330bf6995db2e35903a0f83a98ba23e523e0bf3f279d741fbfc8d62ff05d877e269c741140f1459d0ba0ad62e791bdf7fbeef047bbd526c5fc9cff5b3bddff5250daf5e722bdc7af57b1dd82c80bfdbfa790e06cf52b27f8be6b4c3fb6eddc2cf71a6af8b2f17b36d68995c0a1ef9f9d7c50326d9f10c8285ad57c1efdcfc872e303ff9f577d8e7f68aac273e58a41e7effae4fbb503ef28bbf8404b16199e17575396d9b90a6aa1b493d371eff33c293263a86ab5197121fab1b8fc72b1fbf31e5faf06f3de46e7ffdd4f3f0a35f7dce851aabe85bd7fe2eac5b76077f4f263f027b8f3c29dc5b27e1b176f1db60f3860ff1fdbfdcf70306e80658b968a3fb37ec78e91fdcebceb1986c71eb5ba07dc106f71a16b62e8773bd5d1c22acc02b175e0bab165dcbabf2e94b9dd037dc03776e78b7ab76eb96dd04874eee11e7a4ec5ceb61c5c2f5eef776f5921be1c5d77fe6eebf6aee35ec86718df8fbf6826551fe249ccdd12c6c8a78fd5111b8a356043a0a51d85d8c39d019844f07887f2a31fc8f57d60ddf93b7aa9862014b3e5fa898c2f91ec6c814a3fbe23ef7f5faabee8462c106ab88994167d9d2b0d0dd9f8831456c5ec9b63bfbb0f22e9f7f9dbbfff8d90e78adfb05dfe7ad5d7c2ba44629f4f503a4460016b5aef0ed7fcbf25b9ce7c6e139d9f95632d8a41d3d7d10f61fdbed3bfedae537b3e36cb7ac58b8cee7fbddb8fa6e762e4b9ccf866b96dee8ba909de75fe7c0a498b87d27d3c08b54b67a46d526b3005bead2f095fa61d840f2ee393864360d3c0c52377cd70c70e5827b98862c65d745ffb3e8af9abf89c35614d02d6a5beddb8f2e66a1603bc714b0c26f742bf4b1d3fbe0e0f1e77dc7af59741b8c8e507e6c9181b066e906dffeeb56bd15ac820084ed5fbd5801eee401e81dbc08677a3a3d4057dce21e6bb173ae5200455b3cb71d9aeae6bafb55200f75eff19ecaca4a47310a9f4d35c291a2e90be0e632f83e91c8c047626976dd9673f3b1e4238b6ddf33c7bffd3fff4193544b0ae7a6002a9ca594d0bd71f239dfb6950b1970ac7261a5c6d82d682b166d1215de86052d2bdded677b8ff38ad83370014e5d3cee29dc55d7818d959529c592392b4aceb774fe2a3efa01cfb7b8ad1d12f124df8e90a5b3a3fc3b78e6d5ed9ecac61be02ded3783cd6e08cd0d73f9eba0ad6fbf899fafa97e0eb436cee7dbfa477aa09fb9a75e4692b8aee4d7530df042ce797cb31a96dd1e2b32c5cb3af0a2d259547936b8edfe3e1aba1a00ae5c3c5749e0f034e7fb8f33d772445190bb381c784757dd4969ab975cefba948eba8150b70e48a5080c0e99f0cae117dded739b1730a856f0caba74de8ad0ebb86ef5ad60b18abc7ac95b94f31d74b38d074fbce43b7ec3cab7f28abf6ad17a77dbfee3de3137af7b3b0704dd4f57ddbaf6b830c907a2f0188dc76904fe291387de92717a04ee885bf0de98ea5eda2e6c94dab36cb2f71a76297d2a47d4a9f22ae39e12e5f51ba73c3770c9dc354c711a3874aa3b99165026e28db068ce6a0ec8e239abbc0a7fec00e4f2063fdfbea3fe38eef60defe4ea876a26eda9971ff332974c0531465ab36c832f7e93179ac9a7e180021dbaa178bed54b3d401f7de67b9e6a32b0eba2f5b052714f3970e0ef976a08e8b06488013f1e8df960934d17ef4f14a1d52e42de1ce2c0b9711df57d95da6a2569e26b16a894c2116fdabdce0bfb7cbb562dbe815728840fed74cf513876ea559fcaa1622d9eeb0179eac2717754c369e60ef60e5ef001851575d97cc7053dc98e7df5b007e5f56b6fe39f87c7f98023e028102b073b5f76f7d5d72539746b0470786cdfb03fd6dbb0ea167e0c4f0ee547e1f8b943de34151c32a17084b89fb1af18f1c1e6fd200e74a8fa089ba3705ce564a301d16e650d254d7cbd4c2a988491777a55e11c05b9cb016ede5afeba6fe83c1c39ed01b772f1f5904d3731257180bcc4e0c2e4860ac83e25bbb87ce16a98d3b400d6b56f14709e80c3ddfb598c967201ba6dc36ff3a5037827737347390c4400f25ad76ff836696fbfe1fdd0c6dc5519efa1bdf4da2fddfdbfbbf9a34af6f490e24a068ae10187e554d128810d0d5dcb36705c4a59289de6a1091ab83751e1e42f5b2185739f55c02a59ae300ae7fa8e7999c5a537406b7211d4c793aec21d3df58aa2583730f7d0af6e1c36573d08741c7bd1f7791fbcf73fb9eb271970783c4227edfd777dd853b7538ebae12f64980c04d3806c310d07bb5e5692311b9478ef35fef7f854505c3bda6b9dbff1e0f20d750a0c7d3202df6b00bcebd9b5d8b62580a352e14c0d5d8d0017f0ff7c4a57499712ddab2ec5ad9cd3bc18ae5b7d9757a1993bd979f6388c669c38ae8129d1efdcf66fdcfdaf77753835cef01211c7ce1e74150c6d5dfb26b75ea2c2a1dabc7a5449aeb478099a23a70e786eb4ab3e0657b9b0bffcd899d738ec032397e0cca5ae92fdfc7dc44b9490925117de599799341436b46b4c5351371ec3b92ea5762b6bc0a52c5138e5ae7cb92e2501ffa0d6d74ffaddca7b6efc0377bdf34c0f0c8f9870a8d36bb3bbf9da3b030a474422c28183b0d2717cb72fee72813ab99f43ee264602e6c46f0e684489b15e3bb9c7e7564af733974f3b603205daf3c6af7cfbcf32007385b41bb311efd9cd25446d8a586561e33785881d6c1698858fa5ac45e0823d7c8917785552e1247c38a708264ed4e60154393454b5f3bd171c28bbf6859eea0de61aaa8a2493112a70d2d08d94151fdbc64e5f3ce1db7fa6e70464f3a33ed854a5db73a41428c7ed74403fd4fd9b1275930ae99c2bd0534719e9803d4dcac1c6b39f75d980bb6f57572ee04db699db97b24ccc55e9c983d467ce6165ec3cbf0fd62fbfd3774cf7b9e3eefe37ba3b4260ebf04d52abc642fb4fbcc4152911f31aa74f3145e215df709a1050cd962df09a0b3a8eed16fb89e7fe19a2e33f7bbdf7e8b370e775ef718f3f71f6108ff1f0b84f3567e1ff30b772dbafbfcf41c42ff25c7f37df8f4006bf43090e8e7258438a705ba438c68f40dcf7a0caf1bea64a9652e354cdc09569ec9677e74af4e19323c5d404422870e78fb9d9c2534c8d302eab577a779c3c7fdc4dad733088f3fc6f6a38435a8e9e3e001b57bd4d51b04e476d0400c759ac77cf4df77919458cc71010a94886f7c420acd9e7074ec277b67f91832abf0713e74fc7f63af6df7f6bc9c25fbdf6531815532fe03599a6e12a25a863e0046c750ca03f8c67c6850dc2e73351dd4addb9b2369226a0c026bdccba0a644dc04d9a6085dc7fe2d72547619b19912e1babb841953b7c6abf038fcf6df35cc0fd9dfe5e22677bbbc08c186e79ad7b0f7c77c757e06f1ffd2c3cf8c34fc1890b87c43ed90bc4c97e4aa84df659dd3d6f40246abac58c3ae7eaa3265cc5e2ac3f48e64b275e92cf6a56464a58acc42d1bfe736c94f79f1c0fb6d399b8a78ab61bc34574e2a4ca15ae44e9889a49737ef0e6f852b67eae022ae764ec7062d653e7fae0d2d00598d7ec650c7b872eba0ac153f90cb01bafbeddaf58d2653394f43a7562434ce57ff3d13f87c3270fb8b3489b11d355443ce9a193bf71dbbe226c9f4c80a82ea5f3a713e72ec9b751ff3c29387ece763a21df112ff263ff7134ee32e44006601bee06580c167c24968165863d2e6c6809d3f6dc49275b8967c34e98d83460c9231974f4939ff89826ac6a800bccbc2cfbfef902f6cb8edfbca90846d306f4f619ec9c36bc7ae405f857b7fc5e89821922e6da7f7c3724138d5cf9d0bdec4ff5782ea0dab685bd355875c40ce189f38e6a819833c84dae48d109cc19e9f673241ec4aa5f62c811eb024209d47e2b06699a817ae240379781f477a938646ce7c6c2f3bdecf8045b7b7b240fef89e627e446cae5dc68013eb2f41cfce0ec127e373128fe85dcd5c8b2628ba32da1741aba2a4a9a748f95b82c9b599982c4a552cc151b30788545d579e1e0d3dc6d4c6546e0d2c0050e8accf261bd1f6080edd8fd7fdd395042158988519b3671665556140988d7c40144d56d7f55273ed8648696ba6eb53fcbe8a817c2b8bb10837b0448d7446df85a7306f61522ccdd7464720ebb8edba2c531b39161b0c9edb7b70df1bd8f30e88ac522f68ec6f68e9c021c08e8f828020d5d15264d5457b2927369206cbd7d11c7b114ca71a6b7134ef59c10f398509ffbe72a0d0dce9909fe8ca274810d679a3d23381b81eca2464aaab8a7704a8ce9cdfda5d67faf17b6376318859d8538bc8da957bdd85dcfaeebf6b8c5f659e18085c116badfbbc2db1874680f9fe14d274d02b8e09910405b4357054993a09cf940a3b422f3b38da488804de9de247b7530b5c2a405aa5b24e2242a4c911031e57ee6469a227633dc4ec0fea49d543bc3f07ae53bc783afffa21928f25c226c148913f53a65a2c76b47940ddb59b6e19f73758154be02cf65c226b7dfd63a041f5972165fb5b1d2c24a23f2cd4a5cc4753a915235c005e09353b381fa30c0cbf0294798b25deaf56093804810b0d2474c842d0095417c50badb83eea4fa258b2ca30f2605281f480a4c6a06d59778578e0579bcdb96e85cffcb76145e2c444b618332e095858d84c226edf6d661f840faf1ffca56b117f55c05bc042b31e145b9d0cd76f0aaa6f3b23be98fba6f8ae7c6c955fbfacdd02607379d6f2a0dcf41d0c28a54310e10558a5420e282a42a930a985b8240c118c5754d15d51437821fe4e3f08b5c64022ee458b04159d8e47a9b3d70d707533ffa56abd5bf1c4344569a455c975032986ee3f86c866ee602575242e6439c0271b91c8173172263ccc7afba81e5802a2d8494512b57a16809483041a0c63a8080ffbc3e179529f3a3c538fc7d1a3397632547a60e9b5c8d43aefd5d9927ff92417795703111ba0691c18c69e8aa4ce1d447dc4e3569824f98e9e9354360739026c42b9302aa8cdb3721a0bc0c4979a0c67caff71940bc78ce8b41091c642273ff681d6ccf9ad06b8f91899c126c9ecb594773edef49ef7c685dfe8d1b95b82ea9401799edd0cde476389fbfa766e1a60adc25061bba93b29af85dca717a259129edf2fcd532e726e3c5a213eda128b39a3239eab6051afc065260eb3b2d023bf2362c011bae366d4810509e6f0070380fd05d00f81043e4ceba89c2e6df1e85e2bc5bb27bbecc5e7ee1706cdd3e701b427cfd2d2d51e86ccb6056c7c33cdc7910e918b7ddb16d78d8844cc6e471557885a5e3d5e72901e5bcb7024095fbd8c0b7e134ff898670190fdab834b8f2d94cf92ed8069cc3c1a316559ea7e08cc8a04c87be9fc526121bee884d0e36679da92ad80db7655ffec6c2e2c56fedaadffcb8804df501f2e25df66c83ae6adae14a9328134f9ae47892c41813aacb53290a53a7753cd59af8f94adaf104784e3c4a396cfe095d4bfbac52f1bc851f146dc8120b7e3b4227059bba6365b1eb53f5a399054f34bcebfbc2a5c4040a8ec84d87281d3f53ad835735c373d2e90c3437374f3a698271dbc51e73fc01ab57c2edbb4ca026f25184288de2e2d903d47440c2640a6fcc07ea7bca8fef26479d0792d8ccfd7cd432e04cc1822d116bd2b049632af7fb1f18d9bae0f1c6fbfe5ad43753c91de415f026e7b268e0a657e132994c89da4dc406074db08ae4cd71fba600d478bb27321cd0778cf8b38920918821435e87029f43eaaa1eaaa161d9f01bf6dd658a001f312d16f38d075bf09959cef6566b70f307877ed4fe44f2defb07cc36e95e52e54f25023abbd695ae6a467c97340b4cc89564b1db8831a96c5ff8ce71a02a93b52453cc5a1252be4c043675580e00f15d9333bc07dcb63a99c9344503bfdabb26ca96d12881438609df2c46c29b16c260a3ca76b1394ef3edef4a3dfdd5abf2a7d681d76c30ebdaeaaa673c5c10b6093c2aa9b7373231a0c814812a03152153076a3ca826fbdef0e3826d8ca2c9c3ed6503bca3b6031e2b51032eb0e5e78b269cb2e8f8b0853537e0e8459a6bffadf4b30fadcbb9cd062a74b3a2d9a06a26110ab6c98da772d84f121fd53b1d40c10c02ca97ca20e54ae03c10d25bc59d114df427152a689a123a138aac7c2d45e195c1fa49c326cda476c32de9bd5fbe31b30fa7449b13025d4d2b5df5f434a130e19e26f870459cdfbf3adcbe8903351e54130e2dcb7c76c9c872c3713723dcb564256640b1c1866f772e80e7fb1a02b091716193dbb1d96063e6e057ee4e3df7afc1df07533692fb5ccc5a82aeba6238e5b71c2b67323c6c806591aa71fb260ad444a11abf670b947482264a2f1522c153fa66e26809042f56e700f9bfbbe7c077bbda4a3394e3c0a61ebf2adffdc7ef1ddaf9276c759ea2760d01e86a6ab441f58c87f3646ecc2c25aa1bce1f59364338896c5fe5df4ba152938e9109ee2453b8fee07e3ee05500698ad9c130c67bbe2f093d5903eebf6620cd54ab7e32b0c9edf38a7deffec0d0f6e4ae863bbe33106993d94be952e6c4b228dccbaacf60564dd2a4b4d13b1cb89111675e7c63c6c5519374fbc651df720a4542fa804efd6f2760b3ba5eb03390b74761742407f981b80b2196c32375f052dd5bff220fd1deb16123e14ac8ced1521cbafbdee19f3fd85a1c901d9f9b024a175105ba9ad5ae0a93264a3c17025d6ad4a88e38ea72dcbe8a01e5150a1658340fd9620a52a9340cf7e5a1bfcb84a1a34d307c60190cbf740da40fae82fcf176df639fb11c895ffdea8ee4bbefcf90ba53e5618350d8e43db58ee6db997bf9bdf599376e12ee6530a6ab890c66154d041be88a44c360233c769b0d6edf545d5e9c29d9a245b0ec02d89441966a002bcdea733e0134d30034cd3cc3a21172a3b3dde0594e3d2fa1039cd8cc6c214f24ef7d6073fab98fceb1066e9f0c6c72bb09b4e1a6d157bfcacefeb93712d7ec83f20d3755db07b33a460b805fd528d0d066389c796bfc8a5adb40a98650215c1cac4c0c683ecaa0aa079265c291651e5bde996392a8cd2dcaf3bfc7eabf2afb688ad77df8710cbadcb6c6f77de33d233b47e6177bef9d0c6cd2308379ebe89e87e6172e7dfbd9a63bb7079227d8dda820623a1baab02b5875755e1e631221ec3399cb19ee6f50c1470f4c09aa2b999441a0b014ed3c50a6f0349b0048370229d43925dd0aa6fbf00df03d9fbb5c3b278cb31dfcbf817c441076cf2afeb4f1dd7f7fe7e80b27d7e44efcd16460536d65befb93748418cf35deb11dfc333acb6f8743576d53f1550570ce9d34f0a3077e299ca384105a59a866804a050da1b268813fa3cdc836835d8882914b82996f8258be9155f9880f26d95939e892076f5cbe4e051032f6d05bef66bb3ad896fdec77d91f4f24f0f13f59c5d5c3623ddf70fb76a69c7475bef363e00e38201398eac1b355b9ae4fe057c5a0db065e07672f98169f594dd055c57838b5915b4d9a442936dff4f0ed990ca909a0e47b8b32c6b28b3cbe22c538180ca84801c16a02c34ab840959dff256cc6b390d983822ea3f2de5dac74b3759cdbbde3c73ffee1b3f23d226921e32b53014142673f97bc633b4d11824a47c79888681ce8f029969441f71884cdbc214ab5c4733318381a4c9994dc95a346822ff379701aba67b0db57eebd967407ad3c9f83dc28242192672ea0550f31ab81c135373481a1de783c050baa19945532b5343636a217d13dd0dfff30828590fde091efef1feb6fc0ca2ddbc5c03fbcc65697cf276fdf81cbd5b9ce8f4d06b4a0d2e54974e4a5e45b9f0a421d004f0377193993c190ac899234f1bedf74da28dbd03d13a092564077502857b43087ab56d46a66a515a2c566207674ec8445a882a9e3da68a89aa9f0cd9d3b17e6cd9b0b4d4d4db074e952b63e0feaeaf87c0aedac6c0667c6ebee471efec771ffc610e87cae9e581a0cbaed78190cba8f4ff5fb5c9b3dfec941b3b9e770e29abd227eb394620bd59df1aee58c7ea6d7673ff70597aa152b56407b7b3babac5e7cf27aef53409af7424f4f040a45f2a603e5c65922c6c20c2129c6206a374384811567609976126276ab930d948a33c6ba8428dc750c533e673d1a8d31b8e6c0e2c58bb982216408d7040d6f765b5979e09aabd79e1cef60a54d4cce5d1211d9457441b0111bdbd4daee1a79fe7dab72dd7f3cd5ef3c4be2277fd6fc8ecf0d465abb44667450246cf202420ddce5d8fd9ffd7c2870729af1d7fb9e04abe115b8d813bda240c96f0eaf05632c4c6410db146035411d9d03119a8484bd70828ae525256c5f82c2cb2ada63c0d7d6d6c6a04ac29c396db068910358535363a57e068ce3b68c075e087418d761ef7f9c89191bb09b0574f75d0e74e7a20b1f7baaf91ddf13c17baf800e933605a9b03319baea984448c670ee6399bc001f67e19a0a581301cae70eb218cb4962142041178061d731b092d0008b214edbc0a0b15070265a42b281a1aea365d910894420cedcc0782c06c96412e632f55ab870012c5eb4683abe7aee661e3e72f421a1784363b8976a1c0742797cdfe4738d776e75e2b2a941b7a0d0732f5bfc1326a6c199525ded8132e3e3b8190ddc987d2945e6722c579290c96b3b6f2c16ee60842620465ba10edaa08dcc653e5223f391e63a2a4b9c9b80a33cf2196dca8886607abddc7ac86cd2b82c160b5cc91209760df13898a6090df5f5509748f8be0ffcfcc1c12118181884ce135db0feda75d0d6da3a1d3fc7a759b98f81771f836eff24a1830074db28107375ae6bd2311d7692be2e7d70e381fa0d031032525c0357a94c65a0e3b2fc97cf8fd1bb64bc2e4e769127320c1a810499c3fc9f16a837e6418c3441a3b9b4bcfb0765d2ee5358e7b14926c3ff86baba0453ae38c4e3751c342cf2f1caca13477d9f2dfb35e2eb6c2e07afbcb20fd6af5f074b164f8bda6162a58341872ee6231384ae18f6cb3cdf78c7f63c89a7afce1efd381f693009eb8e2f3f2f405361d3c0552053e9478f82dbad4b26e18a1619f7ab2e0a7710dbb61acd25ec8fae873883aa397a15070cdd415969edf1ba364da2047b6658c522e40b79b6b4789c85ca158b46e1aae5cba1a1a1c1f75ef53a3cc526a1ebce53553df08e1e390af3999b198d46a7eba7799841d7cda07b768ad0f1b6bb979337ff7c20d2dc7b6b6acfe7270adda5c89c3dc36653baf48e5c1d56352ea5fb3cb6405ca30a196f2c16ee609434b09284a6c85248c617409dd10c0de68232fd03c3bb8c8de7d296030b0baa568e290ec65bb1b8136b251b5861a02558fc256f1c6160850125b7955b57c12b5a168c8ca4a0adad753a7f9ead0cbaf649c47445f0b7a1e17af168ddda3d06a55fb83ebdff937534b77ccc1b2718993d0d373e29922439a579a06afa55ce78e0d4cae46b83934993420e1a22f32161ce8144b4051a230ba135d65ea2164137b06c5c0863f5d22805d1b28a904933b8f279a8638a55c75dc2182c5bb694a958138fbdfc508348f73b75110772dab61d0a57f03b9888cae1d262c08d8e4e3b702d22aefb52b903cac474aaca71f80e27aede7b213aff73f70ceffa74939dbaa91c6ccf37defebf2e46179c046f3259095dd50037a3fddecffcd9fdee97884d02cbdbdb95b6aac9b44f851715c489b892a85805065684b96ae80ad6d727a0b5b5558065b82eb0da30efbedfa68a3b4c7d7f87fa3704af437d2dd7c3b6a9ebdd5d9df0ce77be8341bf6cba7f22742b578c77d0184d06d8e28e034d1b05c0ad37a7f6be7d6deed88762b43857be69c06c39b43b79cbe302b63ed11cd08fbb44b65282874d02542b5c25b294107401c3bb364d2ac61a43c18a85020c8f8c401453f04cb9eaebeb61d1c285d0d8d40811d32c4d8352eace7aec4c31eeef608d3361c96bb7d5342a554f434b1ee618a674612ae764368b70e6f469181e1ee6d77c05ac7d22078d93bd94dbd0352cec49def4142b2faec91e5f1bb773cd7d91b6c1f3b1459784a2215cd8ee3624542ea870ba59a05259ca42a1386ed7a689c65c6a41f72f1e8b437373138fb3b09b13361afff4a73bd9f628ac5f7f2dc4d81294071fbacfde561c044aa897d9716619e7331cbb6e306eb0e56d5e4c3accdc49543977c239eab5290663b52078ea7e742107fafba1b7f71257e11b6eb81ee6cf9f3fa37ec931a05363bc8228a96375ab07850a1a627f46409712e0055d4a9d34a9649632c5d4267c9cd6c463ae7a4cb5333710979815c4128d4614c5f02afca64d9b60dbb66d5c2dd6ac590b8b972c164f1b25ee238afd02e750e641a680254d541d83fdb3451d511f9355ba0e651324b8c4e9df53a9140c0d0ef01b12ba94b7dc720b2b375f91dfa7b7b7b712d0a90a6709e046c1dfa86d0b38b3a264046c0555ddf468810ab9946e5b14d0d027a1060b4eed96483440b2a19ea9538cb767a14b28cf25eb3219a3657ce9d22570cf3df7c0eedd2fc1ebafbf0e9d9d9db060c102a61cf37807e092605840e85c03f1544d6456b9c051a184c2ed74dfa7ac53dfbabf4900950c152c9bcd423a9d863c8b27d1f5455bb366355c7ffd26dedc70a5acbbbbbb124a275d414ba8555e00271ffc21ef42c5800a5ad596a19cf14993fff2a77fd625e384e69666d8b8715349bf42042a623a7116aa17660a3115ef298137c77e1870eeacc38ac2a92a820af2eaabfb18705dfcbc262bb8c4de1cc9c62457c938cf4ed681892ea29066aa74f1f2254ef8365b5957131fb69b40c16d0818c665050615c2c50163af7961dbb0b901e3cab56bd77077f84a1a82ffc31ffe982db39bfef6a1bfd93f95730492296a42c500ff33e5d4e6042bd0b4505523be677ceb3c836e23ab805b5a5b5bb76cb8eeba0ee60eb6d437d46fc264464274732a551b5231e0e47b11bc3367ce4057f7491861ee6d4480172c98b9c406676c0e70b645f9c4a984cf64eccce948d8d2906e22b69b09886ccb76012b140bdc4d745f8bd2dcd4042dad2db090a92dc69dc1e4d295b21d3b76c2d9b367f0b33733e09e9dea7902d0a9994cf575d8a053a836d8aa02b8a03dfd8b67beb860fefc07c6fca3a60138f55c58f1317e191e1e81fe8141de549067db54f0103abe94dba2de7a54bcc68ec8782e0f2a0f2e0e288316d513cfd5dcd4c8554c8e7b5341bbd2c03dfbec7370e4c851dec9e072811b03bc71b369d538216ca4da2e187b5034616f8d32ea76250cdd581c67b6640929713fd10d348801236cdd104a864b621a7c3bdf6610d1e0ed345263fd31995b8c6ea4841520bc21fecd3474695f7ae9653876ecd8b46431057874a2c756a345aaf1a22ff5f6f1ceb9a669cea8ebc23169b2a9a0a5a5d98305bc871f0655a934c33a33bff3fefe7ef8f5af5f60cade37ad9fa31f393c030defb47d7dfd3c63a86dfaedc0810370e8d01b9820d15fc62c048ecf75822e1b76d265f11cef56a5adf28649a2bd7b5f65aef2088f37b5cd4ee03ae40ab6479d3d778ecfd7917026c2d15601c3f6b523478e713752ed58ad6d96ba94aa6186efc2858bd0984cf2b809930edaa6e0a6170a70eae429387aec1853b4516544c3d8de462532941ab82ab4d4680a46474779ea1cc19bc6c1973565172e5c8053a7cec039e629a09a4d4ed1c843fa1b9ca5c079e08dc2683acde7ffc046e864b241ffca8a611b5f7fff005cbcd803e7196c98809aa2dbd84d88066e3600d73d9183d2990c64b2193ec10e8297483800ce46c30453efa55ee863a0c9b88c77279b7a7c36c860bbef6fbef1b5218dd0e48c54e345ffe4f1edbf623ff8667f8f10315c46e93d22b7b93d4688336200fb3de2c86c6cc09e4a4f93d2fd816b002819a9eeac4fa61daedc0874675ff01c6a4c8b0a3f34342c66f31a70fb6a6223bbeca7298173fb728a6db6d8a6bee6132e59b6eceb39c8b66dfeebaf3fb85fe3337b5cca07c099a074d296c9667991436d24784e89f265b5582693855c3e07e97486c5af691ec362e6d65660a9b06186788b866d96291cda635b77fc898c2126a3703e4502ef38f77dec1f82875daf5009711f4e5b8786dbb177cb955238ec918f6d8d857cc11d29c021c3213aac84a956b972b90ac794ed21b6fec0835ffdb27623672370688f6ffbe91751ed2a0d9cfb5e754a0331e25b9e0b3b15cbfd0821c228df2fdd4ff7eb0d3ea949998b0541421024141cb2a2c53b06f3be96d841982f3d48ac31209a06e07631e01ef8f2fff8924effcf76e0d0b66edff97eb6789855f0962b095c582ce7db06507a2d621fafc89657d94b0b9d09c075a3a27de981cf3fa231d1c0f96cdb8e9d389fe143ac5adfa781bb6ce076b16d0f7de1bfdfbf4de3a1811bd3b6ef78e26e56ab1f90194c0ddc84811b64eb0f23689ffdf3cf9cd45868e026653b763e7937abdc5b58fddea2812b7b2c42b6955dc3d6cffce9a7b59a69e02edf9ef8d9d338286d8b031fd9a481b33ad872177bbdf5d39ffa844e8268e0a6cf9e7cea17cbd95f8baee67dec252e5b6601701d5810322c1fffa3ffa0dd450ddc9b634fffe299bb19069b9c780f98fa91f62a07ae5b02e6a4f269c7bfdff261dd66a6819b99f6ccaee7d0fddcc4d040f563f0413b7743015a661870bbd8faa050ae6e065cf7bffbb7bfa7dd430d5cedd8f32fecdec8c1030e61bb8008d5b145018ebf9e0270dda248e0d83aed16c07533e0ba197083efbaf71dba3b95366ddab469d3a64d9b366ddab469d3a64d9b366ddab469d3a64d9b366ddab469d3a64d9b366ddab469d3a64d9b366ddab469d3a64d9b366ddab469d3a64d9b366ddab469d3a64d9b366ddab469d3a64ddb9b65ff5f800100ee63ddcac18541a50000000049454e44ae426082, '', 0xffd8ffe000104a46494600010100000100010000ffdb0084000906070f100f0f101010100f0f0f0f100d100f0f0e0f0d100f101411161714111514181d2820181a261c141421312125292b2e2e2e171f3338332d37282d2e2b010a0a0a0e0d0e1b10101a2e241d242c2f2c2c2c2c2c372c2c2c2c2c2c2f2c2f2c2c2c2c2c2c2c2c2c2c2c2c2c2f2c2c2c2c2c2c2c2c2c2c2c2c2c2c2d2c2c2c2cffc000110800cc00cc03011100021101031101ffc4001c0000010501010100000000000000000000000102030607040508ffc4004510000103020203090e040601050000000001000203041105061221410713315161717281b1172224323452535462a1a2b2c1d1142374911542738292b3f016253344c2ffc4001a010100030101010000000000000000000000010405020603ffc400331100020201010604050402030101000000000102030411051214313351214171a115223281b1136191d152f03442c1e123ffda000c03010002110311003f00dc50020040080100200400801002004008010020040080100200400801002004008010020040080094053f1dcff4d012c81a6aa41abbc768c40f4f5dfa82949b7a221b496acabd4676c4e4f177a841d8d65c8eb75d588e2d8fc8ab2cea63e7a900cc98a1ff00d9f859f65d7073ee8f97c4aaecc70cc38a7acfc2cfb27073ee87c4aaecc70c7f14f59f859f64e0e7dd0f8955d98e18f629eb3f0b3ec9c1cfba23e2557663863b89facfc2dfb27073ee87c4aaecc70c6f13f59f85bf651c24fba1f12abb31dfc6b13f59f85bf64e127dd0f8955d98a319c4fd67e16fd938498f8955d992c38c6224f7d5561d16fd938498f8955d988ec6711f59f85bf64e1264fc4aaecce69b1fc4f81b53d7a2dfb29e0e7dd1c7c569ecc87f8f62deb43fc59f653c14fba1f15a7b313f8fe2beb5f0b3ec9c14fba1f15a7b310e60c5bd6be167d93829f743e2b4f6634e62c57d6be167d93829f744fc529ecc56669c59baf7f6bb91cc611d88f0acfd895b4e97dcf4f0fdd1ea23205553b5ede03242741c396c6e0fb97c274ce1f522d559355bf4b2f982e374f58cd38240fb5b49bc0f65fce6f085f23ee7a28010020040080cbb3ae697d4bdd4d4eed1a76f7af7b4eb98edd7e676afad353b1e88f85f7c6a8eacad431068d416ad7546b5a230eeba76bd64c9da17d0f812b42839240840f0807b5402408078402850070402a12412497e6ed5d247ca53d7904336813a81b8235a968f9496a42549d0d2a00d2a4113949246e524913949d222a6964a795b353b8c72378b808da08da39151c8c44d6f439f635b133da7b9672eff00d9aee53cc2cae834ec1b2b2cd963bf8aef387b26c6cb2cda3dc4008010157dd03153052ef6c3692a098c5b8432ddf9f781d680cbe26d8596d535aae3a1e7b22e76cdcbf8266afa15c95a872c90282091a840f0807b5401e1081e1401c02123906a4323efccba48f8ca5a91a9391100d2a40d280694044e524a237293a227292489c549d1df96b14349571cb7b46e3bdca361613acf570f52c9cdab765bcb93fc9bdb3afdf86e3e6bf06d415234410020332dd167d3ab0dd914600e771b93d9fb2fb63c75b115f2a5bb548ab05b0603246a1cb26621cb240a0e490201e100f6a8207a01e1401c8089eebf32e92d0f94a5a8c5270214034a9034a01a4a01a50923729044e2a4e889e57474889c84a2322fa956cc8eb53fd8bfb3e5bb72fdcdab2c549968e9de7877b6b4f3b45afee58a7a13d440080caf3c0f0b98f43b02b18bd5455cde8b2ba16b1824ad439256a1c923541048100f6a10481401c100f0a011bdf7e65d247ca52d46852722a1025949034a01850918500d2a41138a92489c549d11b8a925113949d21b16b705f0cae8c8b985d789afe49f2187fbbe62b08f487bc8010197e766f84ce7959d8158c5eaa2ae6f459596ad730592b50e495aa0e592050412c645c5c5c5f58e350432471049b0b0bea1c3640b90a100f0806c8fd8a523e727e432eba3814150070439140423518e0a411b909232a40c7142489ca49232e52490b8a93a22715d1d21d49ae46f3fd157cae8c8b785d789b064d1e071f3bbe62b08f4a7b88010194e7e98b2a273c22ecd5d415ac35ada915339e94b2b3054b5dc06c788ea2b5dc5a3054933a9ab82192b50e59285040f6a0240a081e1003df6447327a115d767c85ba01414207028727453b9b7ef9433e72d7c88a622fa90e91cee2a4e889c549246e2a4923715249138a92489c549d2227152744b876b998394f62f86574645bc1ebc4d87280f048f9ddf315827a53da40080ca37446fe6541e5676056f07ac8a79fd065158b74f3875c352f6edbf21d6b8714c6f3476c55c368b736b5c3ac9df3ae3a861fe61d7a970e2d0de47430df835df8b5ae492e18464e2e687d439ccbebded96d203da2780f22a3665e8f481a946cdde5ad8f4fd8f63fe91a3b5b45f7e3df1d7fb2f8f15616fe1d4767fc9e2e3593dcc6992073a4b0b98df6d2b7b2470f32b1565a6f49947276634b7ab7afec54aeaf18c7b38060125512ebe844d362f22f73c4d1b57c2ec855f879973130a791e3ca3dffa2d70e4ea403bedf1e78cc9a3f2d95179963e46bc76550b9eafeffd105664b8483bd3dec76c0e21edfbfbd770cd92fa91f2b76456d7c8da7fc94daea692091d1c8345cdfd88d841da168426a6b791837532aa6e135e22e1f4525448238c5c9d649e06b76b89e25164e35c77a4754513ba7b902e1499269c01bebe491db6c446df76bf7aa12cd9bfa5686ed7b22a4be76dbfe092a324d23877bbec678c3f4bdcebae566d8b9e8cee5b2686bc355f7feca6662c065a370d23a7138d992016d7e6b86c2afd17c6d5e1ccc8cac39e3bf1f14f933c371564a844e2a4e889c549d1138a924e8c275cf18e53d8557cbe8c8b983d789b1e541e0ace93bb5609e90f61002032ddd1077d53d267d15bc2eb229e7f4199fb56e9e7499aa0e495a8413b4ae4e742cd906884d5ac2e176c2d335b6170d4df79bf52a9993dda9e9e7e05dd9d529deb5e4bc7fa3589640d6b9ce366b4171276002e4ac64b5f03d2b7a2d594397747b49aa94986fe36fa049a3e7685add575a0b67b6b9f8990f6bc14b4ddf0ee5ea9e76c8c6bd86ed7b43da78c1170b3da69e8cd78c9496a8cbf394061ae918c034640d95a2de7ea3f102b6715ef549bf23caed183af21a8f9f8afbfff004d270aa510c1146d160d600794f093fbdd6459272936cf4d456abad41791e0e66cde2925de5916fd206873eefdedacbf00bd8926dafac2b34623b63bcde88a599b4638f2dcd3567a596f1c656c45e1a58f63b41ec274b44dae083b415f1be9754b4658c4ca8e443797dcf27741a50628e6b77cc7ef64fb2e04f68f7ab1853f99c4a3b5ea4e0a7e69e9fc92e41a40da774b6efa57917f65ba80fdeeb9cd9eb3ddec77b26a51a9cfcdbfc1e9e63c6db471090b4c8e73b4191820691b5c927600070af8d34bb65a22e6564c6886f33cbcb39bff00172ef3245bcbc82e616c9be35f6d65b7b0b1b5cf515f5bf11d71de4f5457c4da11be7b8d68cf6330d1367a59a323f90b9a789cdd6d23ac2f8d13709a659caa95b54a2cc6095be793446e7292485c549d119284a3ab043e131739ec2abe5f4645cc2ebc4d9b2bf9337a4eed5827a43d640080cbf7431e53d267d15bc2eb229e7f4199eb56e9e7895aa0e495aa082662820bbee5fe5337f447cca867fd0bd4d3d95d497a17dc73c92a7f4f37facacdaba91f546c6474a5e8ff0006232bee7dcbd0a5e078d91b4656f21a4fd3c5f2858191d597ab3d7e1f421e8bf052b7457015f013b218c9e612bd6860f8d2fd5fe0c6dabe19307fb2fcb34763ae011c0402164b3d1232cdd029dccaf91c46a9991c8d3ccc0c23e1f7adac2927525d8f2bb56b71c96df9a4fdb4ff00c132ae676508943a2925df0b48d02d16b0db729938ced6b47c8eb6766c31e32525cce9cc79ce3aba730b21963717b5fa4f2cb77a783515f3c7c39573de6d1f6cdda15df56e453d7545b3214a1d41171b5d234f3ef84f610a9e62d2e6696cb7ae347eff009383749809821907047216bb934c6a3fb8b75afa6035bed7ec7c76bc5bae32ecca4e09890a6a88e7735cf0cd2ef5b60e37691aafceb42eadd9071464625aaab54df916b9b74684b5c3f0b3eb0478d16ab8e7545604f5e68d87b52a6b9333f7b96a18242e729248dc549246e2a4e8ecc08f84c5ce7e52abe5f4645bc2ebc4d9f2cf9337a4eed5807a43d640080cc7743e0a9e933e8ade175914f3ba0cce9ab74f3c4ad50412b54104cd2a082efb97794cdfd11f32a1b43e85ea69ecaea4bd0bf63c6d4955fa69bfd6e59b4f523ea8d7c8e94bd1fe0c28397a33c71d9162954d01ada9a86b5a2cd6b65706b40e000712f93a6b6f5714588e5dd14a2a5e0864f532486f2c8f95d6d1d291c5e40e2bf16b2ba8c2315a45687c6db676bd66f5359c918c0a9a46027f3a1022946dd5e2bf988b1e7bf12c4caabf4ec7d9f23d4e05ff00ad4a7e6bc19d19a301656c3a3e2cacefa27f11da0f21518f7baa5af9798ccc48e4434f35c9991d752c9048e8a56963d86c41ed0768e55b909c66b7a3c8f2b6572ae4e325a339f49747ccbcee698c86b9f48f36d326586fb5c077ece7b0bf51e259b9f537a58bee6eec7bd2d6a7eabff4bed6d2b268df1483498f696b8722cd849c5a92e66d595c6c8b8cb93320ccb81cd432e8baef85c4ef52db53879a789c3896ed1746e8eab9f9a3cb6562cb1e5a3f15e4ff00df33c8d35f6d0ae46e729248dc50e88dce52491b8a1d1db97cf8543d23f2955f2fa322de175e26d796bc9dbd2776ac03d19eaa0040665ba27054f499f456f0bac8a99dd06670d5ba79f256a839256a804ad2a0e742efb96f94cdfd11f32a1b43e85ea69ecbea4bd0bf660f23abfd34ff00eb72cda7a91f55f935b23a53f47f83086b97a43c78f05401c0a11a1df82e2f2d24cd9a23ac77af613decacdac3f43b0af95d4c6d8eeb2c62e44a89ef2e5e66c380e350d6c22584fb2f63b53e376d6b87d76ac2b6a9552dd91eaa9ba16c77a273e67cbd1d6c763664cd1f972f17b278da5778f912aa5fb79a3e199871c88e8f9ae4cc7eb69a48647c523745f1bb45c3978f9b6add8494a2a4b91e5a75cab938cb9a21648e690e6b8b5cd21cd737516b86b04296935a310938494a3cd1aae4ccdccac6886521956d6eb1c0d980fe767d5bb3996264e2ba9eabe93d3e1e646f8e8fea2c58850c55113a295a1ec78b107dc41d87955784e5096f47996ecae3645c64b546359ab0092826d13df44fbba293ce6f9a7da0b7b1ef57475f3f33cc6562cb1e7a793e4cf1f4eebeda15d0c7143a18e287446e2a493bb2e9f0b87a47e52ab65f4645bc2ebc4db72d793b7a4eed5807a23d540080cc7744f16a7a4cfa2b785d6454cee8b3386adc30095a8412b54104ad2a08d0bbee59e5537f447cc150cffa17a9a5b2fa92f42ff987c8aaff004b3ffa9cb3a9ea47d57e4d5c8e94bd1fe0c11a57a43c89a1e0db9fc53d34131a891a6589921686b0805c2f60b2edcf9426e3a2f066cd3b2e13ae32727e2b52bb9bf046d0cec89923a40e884b77000825ce16d5d156b1ae7741c9af32866e32a26a29ebe1a9e29040078d59291d783e2b3524cd9a13670d4f61f16566d6387d762f95b4c6d8eec8b38d912a27bcbee6d9836251d5411cf1f8b20bd8f0b5c0d9cd3ca082179fb2b75c9c59eaaab236414a3c994bdd530c1a31553459da5bc4878c104b49fd88eb5a1b3acf1707ea64ed7a568ac5e8cceae7fe05aa6188d7b9a5ae69731ed21cd7025ae6b8701051a4d68cee12941ef4799afe43ccdf8d84b2523f1308024b00048d3e2ca072db58e3ea585978ff00a52f0e4cf4f8595faf0f1e6b99d99d30a155452b2ddfb1a668ced0f68bfbc5c75ae316dfd3b13f2e4ceb32956d4d79f346181cbd09e5d0e2e50768612874464a127a1974f85c3d23f2955f2fa322d61f5e26df967c9dbd2776af3e7a23d540080cc37453aaa7a4cfa2b785d6454cde8b3386adc30495a841235411a12b4a805e372b77854c36987ffa0a867fd0bd4d1d99d497a1a066004d1d581ac9a69c01c677b72cda7a91f55f9356ff001aa5e8ff0006000af4a792d0deb2a348a0a3075114f15ffc02f3991d597ab3d5e37461e88a26e8cf1fc5297922809eb9dff65a385d097dff00064ed1ff00930fb7e4d3379679adff0010b27566e6eaec61f9b068d7d58b5bf3de6dc84dc2f438dd28fa1e57317ffbcfd4be6e4ef71a59c1f144fdef3960bfd166ed14bf517a1afb25bfd269f73bb74bb7f0d92fc3be456e7d31f4baf9e0f597dcfaed2ff8efedf927c84c63b0da53a20f7af172d1b2578fa2e731b574bfdf23ac049e3c7fdf32a7badc604b4a400018e41a801af482bbb35fcb2286d65f347ee797b98bdc31265b81d0cad7746c0f686afae7a5fa3f73e3b31b57fd8d7e7b683afc1a26fcd6588b99e85f23e7394f7cee91ed5ea1723c8b5e2c8f4909404a83a185ca493d3cbad1f8885da5af4c8b7f695f0cc4b87932c61b7c445686dd963c99bd2776af3a7a33d640080cbb7453e53d267d15bc2eb22a66f4599cb56e1844ad50091a541048d420f5f26e36da5af8a479b44ebc121d8d6bf81e7903836fc975f1caa5cea6973e658c2b772e5af27e06e5a88e30473821601e88aa3b73dc3ccbbe68c8069696f4243bdf0f05b86dc975738ebb774d4a3f0ea37b5d3ec5a806b5bb1ad68e60d007b82a9ccbbc8c333762e2aaba69987bc0e0c88fb2c160e1ce6e7ad7a0c5ab72a51679acdb7f52f725e5cbec6c196316655d245334eb2d0d91bb59237539a7aff7041587756eb9b8b3d0d16ab20a48e3c732751d5cbbf481ed90801ce8dda3a600b0d216e1b6abf22fa55976571dd5c8f85d8355d2de92f13d5c270c869626c30b7458d24eb25c4b8f0b893c257cacb2564b7a5ccb15550aa3bb05e051b759c5dba315234ddfa4279003e28008603cf727a95fd9d53d5cfec66ed5b56e2ad79f89d1b94e2ed740fa42409227191809d6e8dc75db99d7fdc2e76854d4f7fc99decbb53af73cd16ac7b02a7ad8c473b490d3a4d734e8b9876d8fd153a6e9d4f58976fa21747499cf97b2b52d0973a16b8c8f1a2647bb49da37be88e21a87ecbbbb2676f84b91c51895d2f58af1199d7186d2514af2469c8d30c4ddae91c2dab985c9e40a31aa765891d64daabadc9983dd7a33cb8d250eb4134941d21a4a1d1df974f85c3d23f2955b33a322ce1f5a26eb958f8337a4eed5e7cf407ae80101966e8c75d48f699f456f0bac8ab9bd1667616e18448d50091aa00d9a5b0b0e13d8ba8a39673dd767ccb565dcfb5b46c111d1a985ba9ac95c44918f35b26d1c8551bb06163d57833468da1282d25e258fbac8b790bf4bf50cd1bfed755be1b2ff0022d7c4abd3915bcc59e6b2b5a623a34f03b53a38892e907139e76720b75ab54e142b7abf1653bf684ac5bb1f045701570ced0f4704c7aa68a43253c9a3a56d38de34a2900f386c3ca35af8dd442d5a48b38f933a5f872ec5d29f757701f99444bb8e29dba3f10bacf96cd7e5234e3b4e1e68e4c4f750aa91a5b4f0329efab7c91fbf3dbccd000bf3afa57b3a29eb27a9f3b369f87c88a44d3bdee73e47ba491e749ef79bb9cee32568c62a2b45c8c99c9ce5bd2e62d3554913db244f7472b0dd8f69b169fa8e43a8a89c2335a49781d5764ab96f44bc61dba9d431a054533262078f149bd1772969040ea2b3a7b353fa59ab5ed35ff744d55bac3c8fcaa2d1771cb382075342e63b35ff00da4772da70f2451f1ac6aa6b24df6a24d370b86b1a34638c1fe56376739d678d68554c2a5a451997e44ee7f31e792bec7c741a4a13a0d25091095049db803bc2a1e91f94aad99d1916b0fad1378ca47c119ceeed5e7cdf3d940080ca37473dfd48f6a3fa2b785d6455cce8b33e6adc3109185411a1255540bdec01b7005d3f999c25ba8e3d2bae8816e840a0a11a0a1c834174908d05d2423416e8340ba00ba012e8340d241a09742741b742740ba1236e848d2500d25091a4a1d1db821f088b9cfca556cce8c8b389d689bd64e3e071f3bbe62bcf1bc7b68010191ee90efcea81cb1f6056f0bac8ab99d1650c2dc31447ca073a25a9073975d7670282840f691b5490c2ea00b741a0a10816e8405d005d005d005d005d0912e804ba1221280692848d2509109424692a093af0975a78f9cf6155b2fa322ce275a26f9924f80c5fddda579f374f75002031ddd2e402a2707d8ec0ade175915733a2ca03e63b3576addd0c4d4602a4815490381163c37d9c4a7c3423c750ba802dd08d05ba0248e62dbdb68b2e9368e6514f98dbae490ba00ba00ba00ba00ba01349091592917e0d62dad74a5a1cb8ea464ae4ec4ba1225d0084a8246dd41274e1a6d2b39cf6155b2fa322ce2f5a26fd914f8043fddf315806e1efa004062bba883f8c9b95ac72b584f4b915b2d6b4b288b7cc3040174205ba0154902dd005d0816e8340ba016e8405d005d005d09d04ba0d02e83412e848974025d412214025d41222124f45ff0091bc973ee55b31e94c8b388b5b51bfe421ff006fa7bf9a4fee5601b6585002032add728089629addebd86371e51c1f55d426e12525e47338a945c5f9997916d4bd2c64a4935e679e945c5e8c174720801005d0816e802e805ba9202e802e802e802e802e802ea009740174244ba012ea09d04424100880ebc3a22e7003c6710c6f392b33685be0a0bd4d1c0afc5cfec7d1f81d26f34d0c7e646d1ee594699dc80101e2e6dc185652be3fe600b98789c80f9fabe95f1c8e63c68bd86c42d0c3cadcf925cbf050cbc6dff9e3cce55b0648290080100200400802e802e8405d005d005d090ba012e802ea0088482004022824568baf8df7c6a8eacfad34cad9688d07730cba67984ef6fe545adb71e33960ce6e727266e420a115146ccb83a0400801014acf39259580cb1599381c5e37214063789e19353bcb2661611b6da8ab54e5d957873456bb161678f26715d5f8ed0adf34d14658162e4d305df1d4f7f638e0aeedee0a78fa7bfb0e0aeedee174e3e9efec382bbb7b85d38fa7bfb0e0aeedee09c7d3dfd8705776f704e3e9efec382bbb7b8271f4f7f61c15ddbdc138fa7bfb0e0aeedee174e3e9efec381bbb7b889c7d3dfd8705776f704e3e9efec382bbb7b8271d4f7f61c15ddbdc1471d4f7f62782b7b7b8271d4f7f61c15bdbdc44e3a9efec382b7b7b82879d4f7f62782b7f6fe41a2e6c359e20abd9b43fc17f27debc0ff37fc173ca19167ab735f2831c2359b8d6e59d39ca6f593f12fc6118ad228daf0da08e9e36c51b435ad16d4b93a3a90020040080101c588617054374658daf1ca05d0154aedcc686424b74a3bf12038bb93d2fa57a00ee4f4be95e803b93d2fa57a00ee4f4be95e803b93d2fa57a00ee4f4be95e803b93d2fa57a00ee4f4be95e803b93d2fa57a00ee4f4be95e803b93d2fa57a00ee4f4be95e803b93d2fa57a00ee4f4be95e803b93d2fa57a01d1ee51480eb91e471203dfc2724d0d3d8b630e70dae17405898d00580000d835201c8010020040080100200400801002004008010020040080100200400801002004008010020040080ffd9, '', '2015-10-30 05:39:08', 'aa', '2015-10-30 05:39:08', 'lcu2');

-- --------------------------------------------------------

--
-- Table structure for table `user_education`
--

CREATE TABLE IF NOT EXISTS `user_education` (
  `GUID` varchar(36) NOT NULL,
  `USER_DETAIL_ID` varchar(36) NOT NULL,
  `EDUCATION_LEVEL_ID` varchar(36) NOT NULL,
  `INSTITUTE_ID` varchar(36) NOT NULL,
  `MAJOR_ID` varchar(36) NOT NULL,
  `NAME_TRAINING` varchar(255) NOT NULL,
  `CERTIFICATE` blob NOT NULL,
  `TYPE_EDUCATION` char(1) NOT NULL,
  `START_YEAR` date NOT NULL,
  `END_YEAR` date NOT NULL,
  `DTMCRT` datetime NOT NULL,
  `USRCRT` varchar(30) NOT NULL,
  `DTMUPD` datetime NOT NULL,
  `USRUPD` varchar(30) NOT NULL
) ENGINE=InnoDB DEFAULT CHARSET=utf8;

--
-- Dumping data for table `user_education`
--

INSERT INTO `user_education` (`GUID`, `USER_DETAIL_ID`, `EDUCATION_LEVEL_ID`, `INSTITUTE_ID`, `MAJOR_ID`, `NAME_TRAINING`, `CERTIFICATE`, `TYPE_EDUCATION`, `START_YEAR`, `END_YEAR`, `DTMCRT`, `USRCRT`, `DTMUPD`, `USRUPD`) VALUES
('cdb3b5f9-7ec7-11e5-aa82-28d244bd1b19', 'cd9b386f-7ec7-11e5-aa82-28d244bd1b19', '0cb8faf3-3ff8-11e5-a15a-00ff7f4e65c4', 'f197a48b-741d-11e5-8c47-28d244bd1b19', '9c8c9ca3-7e61-11e5-aa82-28d244bd1b19', '', '', '', '0000-00-00', '0000-00-00', '2015-10-30 12:33:51', 'user1', '0000-00-00 00:00:00', '');

--
-- Indexes for dumped tables
--

--
-- Indexes for table `assessment`
--
ALTER TABLE `assessment`
  ADD PRIMARY KEY (`GUID`);

--
-- Indexes for table `assessment_aspect`
--
ALTER TABLE `assessment_aspect`
  ADD PRIMARY KEY (`GUID`);

--
-- Indexes for table `assessment_element`
--
ALTER TABLE `assessment_element`
  ADD PRIMARY KEY (`GUID`);

--
-- Indexes for table `education_level`
--
ALTER TABLE `education_level`
  ADD PRIMARY KEY (`GUID`);

--
-- Indexes for table `guestbook`
--
ALTER TABLE `guestbook`
  ADD PRIMARY KEY (`GUID`);

--
-- Indexes for table `institute`
--
ALTER TABLE `institute`
  ADD PRIMARY KEY (`GUID`);

--
-- Indexes for table `internship_program`
--
ALTER TABLE `internship_program`
  ADD PRIMARY KEY (`GUID`);

--
-- Indexes for table `internship_project`
--
ALTER TABLE `internship_project`
  ADD PRIMARY KEY (`GUID`);

--
-- Indexes for table `internship_registration`
--
ALTER TABLE `internship_registration`
  ADD PRIMARY KEY (`GUID`);

--
-- Indexes for table `internship_registration_history`
--
ALTER TABLE `internship_registration_history`
  ADD PRIMARY KEY (`GUID`);

--
-- Indexes for table `major`
--
ALTER TABLE `major`
  ADD PRIMARY KEY (`GUID`);

--
-- Indexes for table `master_topic`
--
ALTER TABLE `master_topic`
  ADD PRIMARY KEY (`GUID`);

--
-- Indexes for table `member_of_group`
--
ALTER TABLE `member_of_group`
  ADD PRIMARY KEY (`GUID`);

--
-- Indexes for table `message`
--
ALTER TABLE `message`
  ADD PRIMARY KEY (`GUID`);

--
-- Indexes for table `ms_group`
--
ALTER TABLE `ms_group`
  ADD PRIMARY KEY (`GUID`);

--
-- Indexes for table `program`
--
ALTER TABLE `program`
  ADD PRIMARY KEY (`GUID`);

--
-- Indexes for table `quota`
--
ALTER TABLE `quota`
  ADD PRIMARY KEY (`GUID`);

--
-- Indexes for table `quota_per_unit`
--
ALTER TABLE `quota_per_unit`
  ADD PRIMARY KEY (`GUID`);

--
-- Indexes for table `selected_topic`
--
ALTER TABLE `selected_topic`
  ADD PRIMARY KEY (`GUID`);

--
-- Indexes for table `unit`
--
ALTER TABLE `unit`
  ADD PRIMARY KEY (`GUID`);

--
-- Indexes for table `user`
--
ALTER TABLE `user`
  ADD PRIMARY KEY (`GUID`);

--
-- Indexes for table `user_detail`
--
ALTER TABLE `user_detail`
  ADD PRIMARY KEY (`GUID`), ADD UNIQUE KEY `USER_ID` (`USER_ID`);

--
-- Indexes for table `user_education`
--
ALTER TABLE `user_education`
  ADD PRIMARY KEY (`GUID`);

/*!40101 SET CHARACTER_SET_CLIENT=@OLD_CHARACTER_SET_CLIENT */;
/*!40101 SET CHARACTER_SET_RESULTS=@OLD_CHARACTER_SET_RESULTS */;
/*!40101 SET COLLATION_CONNECTION=@OLD_COLLATION_CONNECTION */;
